1 - Accounting,ACA0360,HET0359,MFL0355,RLH0358,4
1 - IndustrialEngineering,ALL0289,IHB0288,KCO0287,REC0283,SJS0323,SZG0325,TND0324,TNR0319,8
1 - MarketAnalysis,IIW0399,KMR0373,LRB0372,MRS0368,NEB0371,RJA0402,RPG0403,ZAR0404,8
1 - Personnel,ACJ0014,CCT0020,ISR0021,MDG0019,SCL0022,XCJ0023,6
1 - ProjectManagement,AGB0057,AGM0133,BWJ0136,CBM0060,CNF0212,CSG0135,FDT0213,FSM0056,GWC0137,IWG0058,JCC0059,JSN0214,KSF0134,KSW0206,MDH0211,NIM0052,SRS0129,TKP0210,18
1 - Purchasing,BHM0430,CMW0437,JDR0436,MAL0434,MCK0435,MNC0433,6
2 - EmployeeRelations,EHD0024,JRB0025,OGD0015,3
2 - ManufacturingEngineering,ACR0331,ATT0293,BCB0294,GRA0329,HSH0292,JDH0295,JSB0320,LLT0291,MGB0326,MNP0290,PMG0284,RBO0327,SCF0330,TJM0328,14
2 - Payroll,IIW0361,OXS0363,RAC0362,RAS0356,4
2 - Pricing,HUM0431,KLG0439,MAH0438,NJM0440,4
2 - Research,AAH0721,AAM0138,AAS0144,ABH2671,ACB3123,ACH1910,ACW1707,AGL3519,AGS0063,AHD2457,AIC1071,AJC0722,AJH3517,AJS3899,ALD3508,ALS2669,ALT1354,AMM3906,ANH3059,APA1788,APS3553,ARG3554,ARK3198,ARL2672,ARS3506,ASH0142,ASK0599,ATC0218,ATH0720,ATR2560,AVH3584,AYP3586,BAA2451,BAT3066,BBH3587,BBT0062,BBV3875,BBW0594,BCB2676,BCZ1345,BDH0472,BDJ3001,BDL1065,BHD0598,BHS1917,BJS0053,BKC3473,BLL3585,BMC3061,BMH1069,BNH3516,BQW1904,BRM0143,BRW3552,BSS3551,BXT2678,BZS1344,CAB3121,CBG1074,CCW3901,CEC1352,CGM2036,CHA3190,CHH3583,CIG3191,CJM3543,CKB0596,CMB2034,CMM1068,CNH3475,CRC0595,CRJ3070,CRM0139,CRP1915,CSM1212,CTP3877,CWA2554,DBC1073,DBC3871,DBF3582,DBG0477,DBT0141,DGE3194,DLG2673,DNM3903,DRB1780,DRW1207,DSF2557,DSN3186,DTC2566,DTW3549,EAH3550,EAL3873,EBD2562,EEC3193,EHW2450,EID1076,EIH0064,EJL1075,EMM3195,EMR3880,EPC3889,EPM3878,ERG3905,ERO2454,EZB3892,FBY1064,FDD3893,FPL3129,GAB1206,GAP0715,GCL1782,GDH3546,GDM3835,GDR1066,GIB0207,GJM0065,GLR3888,GMC1209,GMF1213,GNT0221,GNW3891,GPL1911,GRG3005,GTG1348,GUC0473,GVC1358,HAG3196,HAH3895,HBC0999,HJB0220,HJG3868,HKT1778,HMC0592,HNG1909,HQF1912,HRL2565,HWC3907,HZM3056,IAC3581,IBW1779,IDC2568,IDW1211,IEG3509,IGP1784,IJC3881,IKC1205,INJ3876,INS3200,IRB2456,ISM0130,IYM3865,JAS1907,JBC1916,JBH2559,JBL3189,JCP3883,JDB3127,JEV3132,JEW2035,JFL2674,JGM3588,JHC3520,JHF1356,JHK3122,JIB1218,JJS3884,JKS2444,JLC0216,JLL1204,JNW2037,JSH1070,JSN1905,JTH0719,JTJ0597,JZM1351,KAC2449,KAL1210,KAS2029,KAW3589,KCR0468,KCW3064,KLM0714,KLM1357,KLM2448,KLP3864,KMC2028,KMD3062,KMW1008,KPS3882,KRM3125,KTC0474,KTW3547,KVD2453,LAE1350,LBJ1723,LCB2041,LCF1216,LCH1789,LCW3879,LEM1913,LGS3477,LMB1077,LMJ1783,LQJ3060,LVH1790,MAG2667,MAP0215,MBF3126,MBH0476,MBL2383,MBS3902,MCB0591,MCF3187,MCR3885,MCS1078,MCT1067,MDM3580,MEA3886,MJB3866,MJD0469,MNR1903,MOB1914,MRB2390,MTP2675,MVS1908,NBP0217,NCS3577,NEC2033,NEC2446,NGB0066,NMP3872,NMV2556,NNJ1215,NSW3199,NYS2040,OCD3513,OLR2564,OMB3507,OQL3890,PSH3834,PWG3063,QBH3579,QJA3887,QJO1715,RBB3867,RCH2447,REC2555,REJ2666,RGB1346,RJH0219,RJO1791,RKA2561,RMN1355,RMP3510,ROH1347,ROS2030,RPW2445,RQN2039,RRH3057,SAM2567,SBK3515,SCC0067,SCD3192,SCR2455,SES2670,SFE0723,SHB3512,SHT3548,SIS3576,SJC3900,SJW3131,SKM3058,SMS2452,SRH3590,SSD3197,SSM3894,STC2042,STR3896,SUG0718,SWE1349,SXO3514,TAM2031,TAW2664,TCB0061,TDM3135,TDV3188,TEF3555,THM2665,TJB3511,TJS3067,TLW2668,TTB0471,TWF1072,TZM0716,USD0600,VCV1353,VKM2376,VMJ3068,VWB0990,WBA1786,WBS3870,WCM3134,WDD2677,WDL0140,WEB3897,WJC0470,WJH0717,WJR3544,WKH1787,WMM3904,XCL1792,XJM3874,YDE3069,YDM3898,YFP2558,YHD0593,YJD3130,YKM3542,ZAF3065,ZAW3833,ZCE3578,ZHT3869,ZMB3863,ZZO2997,325
2 - Sales,AAG3799,AAS3428,ABD3426,ABM3772,ABM3776,ACL2943,ACM2278,ADG1737,ADM0923,ADS2950,AFK3800,AGM3372,AGW1590,AHM0959,AIB3416,AIJ0383,AKC3739,AKL1605,ALP2955,ALS3440,AMN0911,APD0381,ARH1610,ARH2262,ARJ0912,ASM3771,ASP2895,ATC1587,AVC2328,AVS2317,AWB2282,BAC3730,BAR3420,BBC3733,BBH3779,BCB0909,BCH1656,BCM3794,BCO2338,BCS1604,BJC3423,BMF2337,BMR1662,BMS0925,BNB3370,BNL1652,BOV1609,BRR2899,BRW0963,BSS2956,BWM2339,BYF3784,CAG1644,CAR2900,CBA1023,CBC0952,CBG2875,CBH0413,CBJ3719,CBM0410,CBS0951,CDB2947,CDC3413,CDP2892,CEB3714,CET3786,CFP3418,CFS1611,CHH2272,CHL3430,CHS2323,CHW2893,CID3774,CIY1654,CJH0382,CJH2330,CJM2961,CJW0376,CJY2951,CKM0405,CMH2342,CMP2946,CMS2897,COW3840,CQS2883,CRL3842,CRT2273,CSB1660,CSG1600,CSP3434,CTH0915,CTK0947,CUL3015,CUM2335,CXK3433,CZB3718,DAM2954,DAM3359,DAS3775,DBG3727,DBH1596,DDF2937,DDW3361,DEL0913,DER0400,DGG3429,DGN3358,DHG0962,DJF2329,DKW1659,DLC2903,DPC3722,DSR3787,DTL2891,DWB3415,DWF2268,EAH1653,EAH2882,ECS3353,EEH0965,EGG3374,EJG1655,EJP2315,EKS3724,ENM2269,ESB2888,ETB0950,FBD2277,FBM3728,FCM3792,FFP2270,FGN0375,FMR0920,FRM3431,FTF1665,GAN1584,GBC0907,GDB2960,GGM3737,GIS1668,GIT2266,GJS3352,GKG3414,GMC0953,GNH1735,GRL2886,GRM3793,GSH1593,GTH3729,GWW3788,HAP3738,HCM2945,HCS2401,HDB1666,HGD1664,HHS3357,HJD3439,HJV1586,HKR2901,HMS3795,HMV2340,HYP1591,HYV1658,IBC0377,IDH2939,IGP2254,IIW1595,IJM3356,IMP0960,IPS0385,ISS0949,IUT3421,JCH2963,JCS0380,JDB0956,JDC3713,JEL2887,JFB0961,JGR2327,JJB1598,JJH2332,JJM3791,JLG2952,JMB1651,JMF3362,JMG3365,JMR3367,JNR2260,JRF3424,JRJ0919,JSB2942,JSG3377,JUH3378,JVZ3437,JZE2902,KAA2259,KBM3734,KBP0384,KBV1602,KDT3773,KEM2934,KIC2314,KIG1594,KKH2324,KKS3790,KLC3364,KLD2255,KMB3781,KMS0954,KNL0918,KNS3380,KOE0908,KPN3783,KPP2253,KRC2935,KSB1599,KSD1646,KST0924,KSV2881,KTL3785,KVA2944,LBG0407,LBG1670,LIW0379,LKB2322,LLG2958,LMM3366,LMW2320,LOC0416,LQC3780,LSM0408,LSN1672,LYB3419,MAC2962,MBH3427,MCH3354,MFD2890,MIC2325,MKN3375,MKR2258,MLF2319,MLV3376,MMH2878,MMJ3368,MNC3485,MNP0955,MNT0922,MNW2267,MQR1657,MRE3723,MRS0409,MXR3432,MYW0914,MZG2261,NBR3731,NCM3725,NCS3715,NDC0948,NDK3436,NEH3435,NGR2884,NGW2341,NHP0412,NPK0369,NVH3726,NWH2896,NWV0966,OAW3013,OEJ1648,OHD2274,OHG3736,OKH3777,OMP1671,ORB2880,PCB1603,PDJ3711,PGS3797,PLH0411,PMT2264,PPG2889,PSC1608,QIS2940,QNC3717,QRJ1597,RAF3369,RCH3740,RDB1645,RDC0378,RDW0957,REL3735,RFB2959,RHG1647,RIE2876,RJH3796,RJW2318,RKE1589,RKH2877,RKJ3379,RMB2275,RNC3417,ROH3778,ROR3483,RPH2326,RRM3789,RXN2265,SAM3782,SBS1606,SBT2281,SCD2333,SCH3716,SCJ2279,SFC2336,SHC1585,SIM3373,SJF3798,SJL3355,SJN1601,SJY3732,SLC1588,SMC2898,SPP2313,SQC2334,SRB2276,SSH1649,SSL2271,SST1661,SXR0964,SYF1650,TAC3425,TBC2256,TCM2403,TGH3351,THF2879,THM1021,THR3371,TJT3412,TOS3712,TPF1663,TSD2948,TZG2263,UMF2894,UOM3363,URC2874,VHM2280,VKM2949,VNC1607,VND1667,VNG0916,WAF3438,WBB2321,WBS1592,WDH0910,WEC3721,WFN0926,WHH2938,WLG0406,WRW2331,WTG3411,WVM1669,XAL0414,XCG2316,XWM0415,YCA2885,YMB2953,ZBH3422,ZGP2957,ZNA0921,ZOO1613,368
3 - Assembly,AAC3270,AAD2188,AAF3937,AAV3669,AAW0894,ABB0300,ABH0349,ABL0870,ABM3641,ABM3687,ACA3252,ACG0312,ACM3964,ADP3667,ADR1517,ADW2832,AFB0904,AFF1492,AFP2247,AGB3303,AGG3958,AHC3277,AHG3997,AIB1567,AID2774,AIJ3995,AIV3936,AIY3991,AJC3010,AJM0345,AJO2788,AKH1534,AKS0298,AKS3705,ALB3649,ALH1494,AMA2808,AME1490,ANF3332,AOD2178,AOP1542,APP3678,APS3701,ARB3934,ARC2809,ARW1507,ASD3348,ASM3925,ATF3951,AUG2242,AYA3962,AYD2775,BAH3684,BAL3618,BAW1019,BBB3612,BBM3688,BCH3651,BCO0877,BCW3480,BDB2163,BDJ3326,BDK0854,BDM3662,BDP3912,BEA0311,BGA0892,BGH2861,BHK2196,BIG3946,BIT2790,BJH3294,BKB0853,BKF1545,BKF2204,BKM3611,BKR3302,BLD2227,BLL3910,BLS3327,BMC3636,BMM3328,BNC1497,BNW3985,BOJ2179,BPM3694,BRC3949,BRD3314,BRG3267,BRM0843,BRN3289,BRS0333,BSM2844,BSV1499,BUS2399,BVD3974,BYC3970,BYS3626,BZC3956,CAF3929,CAG0888,CAG2236,CAG3622,CAR2244,CAS1017,CBD3251,CBL3631,CBM2858,CBR2229,CCB3943,CCG3254,CCH1508,CCL3272,CCM2207,CCT2165,CDL0867,CDP0340,CDS1579,CDS2792,CFR1523,CGB2215,CGB3928,CHB3647,CHM1561,CID3640,CIJ3941,CIT0310,CJH3630,CJJ1491,CJM3315,CKB3645,CKG3838,CKH2230,CKH2797,CLG3616,CLM2776,CMM3674,CMM3702,CNE2161,CPT1533,CQH1505,CRC0348,CRP3682,CSB3932,CSM1554,CSM1565,CSM2819,CSP2186,CST2863,CSV3305,CTB3481,CTC0859,CTH2220,CTJ2794,CTP2225,CWK2870,CXB2183,CYO1575,DAB3255,DAH3324,DAH3331,DAM2837,DAM3691,DAR3637,DBF3635,DBG3320,DBS0880,DBW3679,DCC3689,DCF2185,DCG2203,DCM3288,DCR1531,DER2162,DFC3287,DFP3615,DGH3295,DHL2219,DIP3310,DIR3921,DJH1506,DKR0860,DKS1509,DLM2826,DMR0336,DND3309,DNH0308,DNM2823,DOC1734,DRF1498,DRF3306,DRF3992,DRK3644,DSA3620,DSB0307,DSC2208,DSM2400,DSM3954,DTA2223,DWB0865,DWY3973,DZG0889,EAM3642,EAP1555,EBS2201,EGB3624,EGD3972,EJH2799,EKC3706,EKM0863,EKV3321,ELB3697,ENH3969,EPH2834,EPW3971,ESS3318,ESS3341,ETG2821,EVO1522,EWA1486,EYD2871,FAH1566,FAR2869,FCK3307,FCM2190,FCM3926,FCS2824,FDH0299,FGG3666,FGS3275,FJC2198,FKD2779,FKJ1521,FKR3316,FMS3285,FNB1512,FQL3629,FRB3653,FRG1576,FVR0881,GAA3681,GCS2218,GDM3960,GEB3975,GGB3663,GHM3953,GIH0882,GJB0850,GJG0852,GJM0838,GJM2800,GJO3614,GKA3690,GKB2807,GKL1516,GMB3703,GMY3938,GNC2237,GNG2812,GOG3939,GOR0861,GPD3917,GRM1511,GSS0841,GUC3945,GWM3260,GYO2169,GZM3990,HAG3665,HAM2252,HAR3632,HBC1540,HCH3338,HCH3685,HCR3675,HCS2231,HDG2848,HEW2164,HHM0869,HJG2157,HLM1564,HMM2841,HMS2212,HNB3661,HNV3655,HOE0301,HOJ2172,HSS3959,HTR1551,HYK3300,HZA3839,HZH0297,IAA3012,IAR3996,IAS0857,ICP3710,IHH2831,IJC1553,IKK3333,ILK3668,IMC3296,IMM3253,IMR3660,IMS0862,IMS2191,ING2221,IQR2187,IRC3952,IRP3916,IRT2811,ITK2781,ITM0906,IWB3257,IWW3319,JAA0897,JAB3656,JAD3672,JAM2248,JBB0847,JBB3280,JBD3707,JBM3933,JBO2839,JCR1536,JCR3919,JDC2176,JDH1550,JEH2787,JEH2847,JFB2168,JFO2840,JGR3914,JIR2827,JJE1552,JJM2845,JKC3349,JKG3329,JKH3673,JLF3346,JLR0313,JLR3930,JMB2246,JMC2806,JMG3704,JMM0848,JNM0905,JNS3342,JOA0305,JOC3621,JRM0871,JSB1535,JSH0887,JSM3334,JSM3633,JSM3931,JSO3292,JSR3988,JSW0872,JTJ3700,JTM0878,JWB1519,KAD0884,KAH2398,KAP0844,KBA1020,KBB0890,KBH3913,KBP0899,KCC3658,KCT3965,KDC1487,KDF0876,KDM2836,KDM3923,KDT3290,KEW2795,KGD3278,KGR2815,KHC3350,KJB3654,KKM0309,KMR2232,KMS1530,KNR3837,KNS2828,KPO3619,KPS0895,KRN2211,KSJ0840,KSM1518,KSN3347,KSO2224,KTD2249,KTL2843,KTR3308,KTS3908,KWD3977,KWR1544,LAF2213,LBG3911,LBM3284,LCP0344,LCR1537,LDB3304,LER3942,LGF1503,LGM2170,LIC3646,LIG2813,LJC3980,LJH0866,LMA3676,LMD2804,LMH2801,LMS2868,LMZ1501,LNK3345,LOF3279,LPH3918,LRW1502,LSC3979,LSL0337,LSM2234,LTO2217,LUG2205,LWB2851,LWV1525,LXC0839,LXS0332,LZM0306,MBR3261,MBR3648,MCB2802,MCC0856,MCM2189,MCQ1546,MCS3301,MDG3281,MDH3639,MDS0285,MEB2241,MEV2182,MFK0902,MGS2159,MHB0845,MHH2192,MHV1529,MJB2167,MJF0334,MJM3657,MKJ1574,MLC3482,MLS2856,MLW0296,MLW2240,MMM2156,MNG3693,MNW1733,MPS2849,MRC2160,MRS1520,MSB2786,MSF3311,MSH2210,MSM3264,MSR2202,MSR2850,MSR3709,MSS3335,MTC0855,MTL3695,MTW3317,MVB3343,MWB4000,MWG1570,MWH1018,NAK2784,NAR1527,NBL2243,NBW2810,NCR2854,NGS2820,NHK2846,NHS3981,NHW0864,NIR3987,NJM3961,NKC3652,NKM2195,NMC3998,NMM1560,NMS1493,NMW0896,NNB3989,NNF3968,NNM2862,NPS1563,NRG1562,NSE3944,NSM2805,NTH2822,NUK1513,NVL2180,OAP2825,OCH2853,OCS1541,ODS0893,ODW2194,OJB1538,ONR3291,ORM1484,OVM1496,OWL2872,PAB0879,PAS2864,PCA3344,PDM0304,PEV3955,PGM0342,PHB2209,PHH1524,PIP3915,PLJ3274,PLM3935,PLT3283,QBR2250,QCN2206,QGS3009,QKP3927,QLW2245,QMV2796,QSB1577,QSG3297,RAH1514,RCB0302,RCW2838,RCW3692,REF3266,REG2171,RFJ2193,RGB0901,RGB1581,RHA3613,RHM3909,RHR2835,RIB1582,RJF3299,RJF3634,RJG2239,RJG3325,RJM0343,RJM3957,RJS0846,RJS3479,RKH1569,RKM3650,RLH1548,RLP3268,RMB0885,RMC2177,RML2789,RMR0341,ROR3967,RPS3617,RRM2175,RSE2181,RSJ0891,RSS0875,RTM0849,RTN3680,RVB0303,RWH3312,RWS3699,RXG1504,SAB3286,SAC3963,SAD3259,SAP2173,SBD1557,SBG3983,SBH3683,SBJ3628,SCB2814,SCM3950,SCP3664,SCR0898,SDC2793,SDH1556,SER2158,SFM2226,SGM2153,SGP2174,SGV2780,SHW3011,SJG1510,SKB3336,SKE3262,SKG1731,SKP3263,SKS0339,SLH0900,SMH2222,SMR0338,SOM2865,SSA0346,STK2397,SVM3947,SWG2200,SWO3258,SZB0321,SZC2235,TAC3330,TAE1559,TAM1488,TBB1547,TBK2860,TCH2216,TCH2233,TCR3994,TDM2859,TGC1489,TGW2782,THG3271,TJM3340,TJP2817,TKE3293,TKM1539,TKS1549,TMC3659,TMV0868,TPS1568,TRS3323,TSS3643,TTD2873,TWM0837,TWM2199,TZM0851,UAH3940,UAS2829,UIM2818,UME2842,UMH1532,UMS0883,UNB3986,UVN0903,UXC1495,VAB1526,VAC3966,VAS3984,VCF3273,VCH3696,VEB3671,VHG3993,VKM1515,VKT2228,VMW1500,WAC3677,WAH2778,WAH3836,WAS2214,WBL2852,WDS2197,WEV2867,WFH2830,WHL3282,WHW2777,WIB3670,WJW3627,WKS3265,WNC0858,WNC0874,WRJ2184,WRM2803,WSM2798,WUH2238,WVC3623,WXM3698,WZR3948,XAL2816,XBL3922,XFL1583,XGB1528,XML3920,XPW2833,XSF3982,XTB3322,YBP3978,YCL2166,YHH2785,YJP2791,YNW2855,YRW0842,ZDC3269,ZIR1732,ZMB3686,ZMH1543,ZNB3313,ZND2154,ZSW2155,ZWS3625,700
3 - Contracts,AGC0445,ARG0441,KDC0444,OEN0432,SGW0443,SOD0442,6
3 - FieldService,AAS2987,AAT2913,ABE2352,ABG2353,ABP2917,ABR0397,ACG3819,ACN2347,ACW0426,ADH0975,ADP1625,AFB1626,AGF2302,AHS2348,AIP1614,AKB2312,AKW1679,ALH2916,ANB0938,AOC0982,APB3823,APH2985,ARZ3464,ASK2349,ATM1615,ATR1677,AVH2360,AWM2286,AYL1635,AYS1628,AZG2343,BAB1619,BAB2968,BAC2914,BAL2366,BAO2928,BAV0390,BBM1701,BCS2912,BEB1022,BEH2307,BEH2967,BGA2301,BGN3820,BHC2344,BHN2290,BJH3402,BJR0940,BKF0427,BKM3410,BON0968,BSM2288,BTG3468,BXG3763,CAC3741,CAP2283,CAR0928,CAS0391,CAS1702,CBB2904,CCF2298,CDA2295,CDS3824,CDW0986,CDY3409,CED2356,CGG3388,CHB3396,CIG3459,CIV0935,CJB3470,CJC2371,CJH2921,CKB3745,CKC3767,CLD1641,CLS3806,CMC1642,CMM3753,CNT0946,COD2351,COK3383,CPP2909,CRL2357,CSB2910,CSL0428,CSR1682,CSW3811,CTC0421,CTG3770,CWT3747,CZT2970,DAR0388,DCB0401,DDC0980,DDG1703,DFH1681,DFM2933,DGQ3744,DHB2364,DJB2983,DJF3394,DJH0971,DKM2980,DLM1680,DMA3455,DMS3400,DRC2296,DRM2927,DTU3804,ECA0976,ECB1683,EDF2361,EFJ1685,EGC0931,EHB0942,EJP2975,EKB3828,EKH0934,EKN3760,EMK3809,EMS1736,FDF3743,FES3442,FHA3387,FKA0393,FKM1622,FPV3755,FQG2974,FVK1623,FZS0969,GAB3758,GBB3816,GCT3750,GDG2354,GEH0420,GEH3406,GEK3441,GKH1634,GKW2306,GLB0419,GLM3450,GMA1698,GND1618,GNG2362,GSA3815,GSM0930,GTL3389,HAF0394,HBH2368,HCB1643,HDH3751,HDL2297,HEB3754,HHL2311,HJH2977,HKM3016,HLC0943,HMP3391,HMT1024,HNM3405,HRK2972,HSP1675,HWS2915,HWV1621,IAB3386,IBM1700,IBP1616,IBP2990,ICF2294,IKA2925,ILH2989,IMH2964,INR0927,IQO1690,JAM1676,JAO3463,JAW3813,JBL2993,JCB2350,JCC2287,JCH3456,JDB1620,JDH3762,JET2299,JHH3462,JIM2988,JJB2367,JJB3398,JJS2973,JKG0944,JLG3764,JLW2924,JMC2911,JME0387,JNR1694,JQS2908,JRL2365,JRM2358,JRR3014,JTC0941,JVS2308,JXP3801,KAV2926,KBM3460,KBW1629,KCG0979,KCL2310,KCR2291,KCS3465,KDC2976,KDW2929,KGS3466,KJC3748,KJD3392,KKP2284,KNC3843,KNM0423,KNM1674,KOP3802,KOW3756,KVB3830,KWC3812,LAS3757,LEP2922,LFB1624,LFS0392,LKG0937,LLB3769,LNB2991,LRG3408,LRU3765,LTF3385,LXG2919,LYF3449,LYS3814,MAL2345,MAM2363,MAY0978,MCN0985,MCT0424,MHG3749,MHM2370,MIA0939,MIA3825,MJG2304,MJH3822,MLG2305,MMB2285,MME3399,MMR1695,MNM2369,MQM1638,MRM2906,MSW0973,MTB2982,MVA3761,MVW3821,MYB3817,NAH3759,NBT3447,NCS0425,NCT0983,NDG3403,NDH3827,NEB3445,NEE1632,NGA0929,NGC1617,NHG3810,NIM1630,NJG2979,NJL0974,NJW2402,NNJ2986,NOE2965,NRK3448,OED3393,OGW3384,OJV2346,OLB2930,OLH3452,OWD0981,PEB3768,PFC3807,PMH3484,PXR3453,QAS1692,QCD0386,QFP3467,QNW0977,QXH0396,RAS3446,RAW3461,RCM3458,RCT1697,RDA3381,RDB1693,RFS1633,RFS2923,RIK1631,RKH3803,RLS1738,RRS2359,RSG2931,RSM3742,RVL1688,SAH2292,SAP3390,SAT3766,SAV3457,SCM3407,SDN2932,SDW0370,SED0972,SGB1636,SHH0970,SIP2293,SIP2907,SJB2984,SJH0945,SJM3805,SKB3752,SLD1639,SLM2404,SLS2992,SLV2969,SME0418,SNM1696,SPM1684,SSA0389,SWR3808,TAH0933,TBM0932,TBM3829,TBS3382,TCN1687,TDK1689,TEC2300,TKO0417,TRV2966,TSH3841,TTF2920,TVC2918,UCS3454,UMH3826,URC3818,USC3486,UWB0395,VBN0984,VEC1686,VJB1699,VON3443,VRB3401,VTK2978,WAW0422,WBE0967,WKF3444,WSC2981,WXH2289,WYC3397,XAB0936,XAB3746,XKW2303,XTB2372,YHB2355,YQB2309,YSC1691,ZDH2905,ZNE3451,ZNG3404,ZVS1637,372
3 - FinancialPlanning,BJC0366,HWP0364,RLR0365,XBH0357,4
3 - SoftwareManagement,AAB0162,AAC0610,AAM0729,AAP1919,AAP1942,AAR0641,ABB0167,ABW0501,ACR0748,ACS1921,ACV1946,ADB1105,ADM0158,ADM0765,ADS0763,ADV2467,AEG1121,AEP1930,AGE1244,AGF0742,AGF1810,AGS2462,AHC0232,AHH0495,AHP0154,AIS1082,AJB1380,AJG0240,AJK0611,AJM0243,AJS0616,AJW1246,AKC1929,ALB1254,ALN2046,AME0732,AME1361,AMM0734,AMS0630,APB1122,ARB0208,ARC1223,ARC1725,ARM0076,ASD0993,ASG0072,ASW1918,ATD0146,ATH0225,ATP2680,AUI2464,AUR1359,AVV2056,AWH2466,AXL0479,AZB1225,AZK0622,BAB0518,BAH1259,BBA1230,BBP1093,BCB2072,BDR0510,BDU0497,BFD1111,BGK0603,BGM1226,BGS0751,BHC0492,BHC2049,BHE1709,BJF0511,BJS0744,BKS2069,BLN0230,BNF1110,BNH2692,BNK0087,BNS2384,BRC1811,BRH1107,BTB0489,CAC0147,CAG0502,CAM2468,CAR0992,CBM1814,CCC0491,CCE0745,CCH1724,CER0228,CFL0156,CGG2688,CHV0509,CHY0083,CIG2684,CIR1367,CJS1932,CJT1106,CLH0733,CLR1239,CMD0613,CMM0764,CPC0724,CPP0623,CPR1800,CSC0233,CSL2055,CSP0483,CSR0612,CTH0626,CTH0737,CWC0490,CXM1821,DAB0166,DAB2580,DAL1943,DBR1798,DBS1363,DDG1822,DEN0236,DEP0163,DFC2060,DGS1079,DIA0731,DJA0740,DJB1236,DJC0073,DJF0760,DJF2576,DLM0608,DMD0486,DMH1232,DMJ1815,DMM2063,DNB2574,DNN0488,DQS0752,DRB0756,DSB2463,DSJ1384,DTT1716,DWB0238,ECA1221,EHV1237,EJB1263,EJM2690,EKK0503,EMO0159,ERA0725,ERD1235,ERF2472,ESN2683,FCY1819,FDM1933,FDV1224,FHM2067,FLS0231,FMC1002,FNR0635,GCH0735,GCK2071,GFB1385,GFJ2582,GJG1087,GJS0160,GJS0494,GLF0226,GMM0224,GNE1365,GOM0090,GPB2691,GRP1402,GRY1398,GST1100,GTC0747,GWM1366,GYM1926,GYS2461,HAR1101,HBC0081,HBD1371,HCB1383,HDK0634,HDT0242,HGH0727,HHW2471,HIF0482,HIP0148,HLD1109,HMA1258,HMG0642,HMY0235,HNB2571,HNC0074,HRF2044,HSA2065,HSK0639,HUC1396,HVR0633,IEG2687,IIM1947,IJC2459,IKM1808,INH1250,IOR0152,IPB1935,IPK2575,ISH0079,ISR1364,JCC0736,JCC1381,JCJ2572,JCM1388,JCM1803,JCS2391,JDB0738,JDM0165,JDS0516,JDV1245,JGH0493,JGH0728,JHC1809,JHF0480,JHP1799,JIG1936,JJA1399,JJH1389,JJH1818,JKD1115,JLR0632,JMH0617,JMS0149,JMV0602,JPJ0227,JRB1080,JSR1085,JWM0484,KAH1820,KAH2460,KBG1117,KBG2061,KCO1253,KCS0605,KEC2465,KEF0629,KEO0131,KGB0500,KGN0619,KHW2052,KIC1000,KJR1377,KJS1940,KKB1088,KKM0624,KLZ0507,KMB1379,KPB1123,KQW0164,KSS2068,KZK2058,LAF1796,LAR0625,LBM0614,LBR1387,LCC1108,LCK1403,LDW0620,LFR0075,LGM1260,LGS1812,LKC1944,LKS1010,LLG1238,LLJ1243,LLS0222,LOP1708,LRM1362,LRM1922,LRV1120,LTH1795,LTW1378,MBA1797,MBH1370,MBL1247,MBS1375,MBW1099,MCS0512,MCY0601,MDD1920,MDF1222,MDH1924,MDO0606,MDP0161,MDS0759,MGG0080,MJR0244,MJS1251,MKC1094,MKO0749,MKW0157,MLV0088,MMA1255,MMC1084,MMJ0070,MML2045,MMS0241,MMW1927,MNB2570,MNS1394,MNV0618,MOS0496,MOW1104,MPB2578,MPH0153,MPY0478,NBC0607,NBD2469,NDB0517,NGH1256,NHM1805,NHR1220,NHR2050,NJS2473,NLN0513,NLP0155,NNP0229,NOD1261,NQM0084,NSC0237,NSC1939,NYC2048,OAS0991,ODB0151,OHF0078,OJB1095,OLA2686,OMB2053,ORJ1401,OSC1925,OTD1228,OUH0741,PAF1373,PAM0505,PCC0604,PCM0609,PCT1234,PHA0726,PHO1937,PIG2047,PJC1252,PJF2579,PKH0730,PLH1807,PMA2693,PMG1376,POD0750,POS0615,PRH1717,PSG1938,PSS2051,QBL1386,QCB1360,QKV2583,QLC0082,QRR1242,RAS0223,RCF0054,RCF2057,RCG1241,RCL0068,RCM1372,RCS2064,RDF1248,RIJ2470,RJP1091,RKH1801,RKL2682,RLS0761,RNB0519,RRA0643,RSM1089,RSR2681,RTD0762,RTP0754,SAR2066,SAS1098,SCL2577,SCP1116,SDR1227,SER0621,SGC1001,SGK1941,SJB0086,SKA0757,SKL0739,SKM1369,SLL0504,SLM1119,SMG1794,SML1923,SMN1103,SMS1114,SMW2062,SNM1257,SOB0089,SPW0753,SRM1112,SSA1793,STJ2043,SVM0077,SWG1391,TAF0640,TAP0631,TAP1086,TBL2581,TBW1393,TCG1262,TFB1229,TIJ1817,TJE1945,TKC0514,TKK0628,TLP1231,TNS1233,TRH1083,TVS0520,TZM0239,UDW0487,VAB1102,VBA1395,VDH0766,VHH0485,VIB2070,VJB1928,VKA1118,VLF1113,VMN0743,VRJ0636,VSJ2569,VWV1249,VYP0637,WAA1816,WAM0069,WAR1374,WDD0499,WGC1081,WGF0506,WKG0150,WMR2685,WRM0515,WSB1368,XAB0627,XAR1011,XCB1390,XHR2377,XKR2059,XUC1092,YBJ0071,YFT1382,YJP2689,YSH0145,ZAN1931,ZCT1009,ZER0085,ZHB1392,ZKR1397,ZOM0746,468
3 - Training,DKR0027,JCP0028,TCG0016,3
4 - Engineering,AAC0668,AAF0819,AAG1447,ABC3523,ABG3605,ABH1181,ABK3081,ABM3203,ABO1173,ABP2003,ABS0677,ACB0701,ACC2773,ACH1405,ACH2102,ACM0100,ACP2122,ADC1469,ADG1430,ADM1894,ADM2762,AEB1458,AEB3249,AEB3574,AED1421,AEF2019,AEH0187,AEH2020,AEK3566,AEM0554,AEW1442,AFB3228,AFP2709,AGL1301,AHB0648,AHC1994,AHG1408,AHH1966,AHK1988,AIA2005,AIB0553,AIF1202,AIH2535,AIL2511,AIT1264,AJH0279,AJH2110,AJM2385,AJN1275,AJP1199,AJQ0809,AJV0176,AKD0272,AKG2702,AKI3229,AKK2125,AKL1305,AKP3573,ALB2395,ALH1872,ALS2596,AMB3100,AMB3208,AMD2728,AMH1481,AMH3562,AMJ3174,AMO0582,AMR0197,AMS0712,ANB2766,ANC1319,ANC1834,ANC1950,ANH2482,ANK0777,ANM0564,ANO2653,AOM1457,APM0190,APP1996,APP2488,APS1968,ARB2515,ARF0575,ARH2097,ARM0771,ARP1144,ARV0704,ARW0818,ASC0177,ASF1136,ASH1710,ASS0120,ASS0280,ASS2760,ATB1273,ATM1003,ATR3231,ATT1191,AUA0826,AVH0566,AVT0526,AWV0836,AWW0254,AXW3243,AYS0110,AZA1012,BAB0541,BAG2641,BAW0780,BBF2388,BBH2509,BBM2604,BBT1948,BCB0521,BCH1138,BCL2082,BDV2474,BDW1459,BEG3521,BEH0103,BEW1426,BFR3250,BGH2610,BGM2545,BGR1991,BHD2088,BHG0258,BHG3238,BHW2476,BJA1137,BJG0662,BJM2491,BJM3236,BJP0186,BJR0774,BJV2631,BJW2134,BJW3558,BKA0175,BKC2698,BKM1155,BKM2643,BKR3146,BKS1860,BLB1876,BLH3602,BLS1973,BMA1411,BMN3207,BMV1886,BNC3178,BNR2527,BNS3233,BNS3594,BNT0663,BOR2387,BPL3202,BQK2024,BQV1308,BRB2143,BRG3113,BRJ2151,BSB3083,BTR2026,BTV0644,BUS1727,BUW2717,BWA2593,BWC2534,BWG3220,BWK0172,BWW1159,BXG1340,BXK2091,BXN0660,BXR3536,BYL2133,BZB3532,BZH1158,CAF1331,CAH1839,CAM0679,CAM1323,CAO3117,CAP1971,CAP2149,CAR2748,CAV1868,CBC3175,CBD0802,CBG1142,CBJ0683,CBJ2083,CBR0121,CCB0547,CCB3173,CCD3168,CCF3529,CCM3075,CCN2726,CCS3575,CCW2381,CDB2017,CDB3222,CDD0127,CDE1846,CDL2145,CDM0538,CDM2075,CDW2000,CEM1852,CGC1132,CGT3148,CGW0692,CGW3093,CHB0996,CHC0252,CHF1005,CHL2644,CHM2081,CHU3211,CIG1277,CIH0995,CJC1433,CJG3002,CJH3136,CJM0273,CJS1986,CJW2087,CKB0169,CKC3072,CKG1972,CKH0705,CKH0799,CKL0697,CKL3556,CKP0265,CKP0659,CKP3600,CLA1285,CLC1272,CLE3098,CLM1874,CMA1475,CMA2616,CMH0776,CMH3077,CMO2396,CMR1470,CMS1900,CMT0267,CNB1131,CNC1177,CNK1711,CNP1183,CNS2548,CNT1188,CQC0997,CRC2747,CRE2652,CRP1186,CRP2489,CSB0827,CSC3074,CSE1265,CSR3140,CSR3225,CSS1313,CTD1850,CTJ0669,CTM1961,CUP2764,CUQ3097,CVB2703,CWA2549,CWB1463,CWF1289,CWL0561,CWP1829,CWR0117,DAD2620,DAE1437,DAH2506,DAM0096,DAM2705,DAR0709,DAS1955,DAT1981,DBC1152,DBL2605,DBV2736,DCB3597,DCC1431,DCC2999,DCM3596,DCW0174,DCW1901,DDG0528,DDL3007,DDS3149,DEF0998,DEY2638,DFW1467,DHC1989,DHG0533,DHG1830,DHM1476,DHR2541,DJP3230,DJR2389,DJS1127,DJS1271,DKB0260,DKE0797,DKF2721,DKP0671,DLP1445,DLR1423,DLW2729,DMB1429,DMB2533,DMC1438,DMG1298,DMR2518,DMS1977,DMW2128,DNB1999,DNM0275,DNV1964,DOB2696,DOS1990,DOT1898,DOW1266,DPF3215,DRB0202,DRD0097,DRH3557,DRJ0794,DRN0782,DSB0245,DSB2734,DSD1293,DSM1286,DTG1294,DTH1333,DTW1276,DWB3085,DWD2621,DWK2099,DZW0126,EAB2522,EAH3107,EAM1432,EBC3242,EBH1882,ECB1341,ECM3591,EDJ1970,EDP1880,EDV1427,EFC1153,EGP2104,EIF1865,EIY2749,EJG0833,EJS1338,EKB0825,EKH2084,ELC1833,ELR1140,ELW1413,EMC2757,EMC3609,EMH1957,EMO2120,ENR1304,EQT0195,ERC1840,ERH0815,ESB2629,ESH1283,ESH2077,ETA0791,ETB0828,ETM2542,EUH0257,EUV1842,EVF1722,EZP3568,FAD3114,FAH1851,FAJ0523,FAJ3101,FAJ3608,FAL1867,FAP0199,FAW1969,FBM2755,FCB0563,FCE0695,FCS1128,FCY1157,FDS0810,FFP3169,FGC0114,FGH1958,FJA1848,FJO1828,FKH0804,FKS0094,FMT2152,FNM1482,FNM2124,FNW3564,FPM2074,FSP0703,FTS0246,FXD3105,FYP1187,FZW2101,GAB1885,GAC2529,GAF2480,GAH0525,GAW0808,GBH1126,GBJ3604,GCB0201,GCD1189,GCJ0831,GCM0813,GCR2597,GDH0108,GDH2500,GDP1856,GDS3165,GDY2724,GEB3079,GEG2093,GER1997,GES2626,GFP2144,GFV3163,GGH1726,GHD1450,GHT3177,GIM0786,GJB2659,GJD1141,GJG0170,GJT1292,GKB1150,GKG2763,GKN0168,GLM3106,GLN2107,GLS1193,GMH2027,GMI1134,GMK1449,GNA0183,GOB3528,GRL3110,GRP0277,GSA2720,GSB0666,GSC0192,GSC0530,GYH3476,HAC1300,HAL1200,HAP3000,HAR3571,HBM0676,HBM2126,HBS0255,HBS2551,HCO3108,HCR1322,HDC0789,HDC2132,HDN1139,HDN2609,HDP1890,HES2103,HFF2540,HGJ2592,HGR0198,HHD2393,HHF1995,HHK0652,HID1899,HJA0779,HJH2588,HJR1160,HJR2127,HJR3540,HJW2646,HKA0686,HKD1826,HKH0204,HKK2716,HKW2615,HLC1172,HLD1270,HLM1007,HLO2756,HLS2098,HLS2733,HMB0805,HMM2628,HMM2768,HMR0098,HQB0118,HSF1454,HSH3606,HUM2481,HVS1143,IAG2742,IAM3078,IAR1895,ICB3167,ICH1478,ICH2378,ICL0565,IDF0189,IDL2014,IFS0793,IGB1902,IHD1978,IHH2590,IHS0816,IHW2112,IIB2553,IIF2584,IIG0772,IKG3154,ILH0248,ILS0713,ILY3152,IMH0562,IMM2118,IMN1730,INB3109,IOM0542,IOP1859,IRO0822,IRP2018,IRS1337,IRW2130,ISB0256,ISG2025,ISJ1479,ISM2612,ISR1477,IWW0699,JAB2131,JAC2001,JAF0209,JAW0551,JBB1875,JBI0654,JBM2769,JBP0651,JBS1291,JBW0109,JCB2089,JCC0571,JCG1982,JCH1410,JCH1952,JCH2505,JCP1462,JCR1148,JCW1332,JEM0546,JEW2141,JFR3527,JGW1274,JHD2499,JHE3080,JHF1278,JHH2770,JHK1849,JHM0583,JIB2606,JIN3522,JIP3170,JIR2594,JIW2086,JJF1325,JJH0681,JJJ1267,JJL1448,JJS2079,JJY3112,JKC2754,JKF1825,JKK1422,JKW0200,JLF3219,JLM3150,JLW3598,JMH1847,JMH2517,JNC2650,JNG1998,JOB1328,JON0788,JOR2627,JOW0688,JPF1296,JPH1129,JRA0522,JRB2741,JRK2707,JRM1303,JRP0250,JRR0769,JRR0829,JRR2745,JSB0783,JSH1843,JSJ2743,JTN2073,JTR3205,JTS2090,JTV2654,JUL1835,JUM0102,JVB3184,JWW2765,JYB0262,JYW1965,JZM1335,KAA2150,KAB1420,KAC0579,KAG0689,KAG2599,KAH3247,KBC0578,KBF2661,KBK3593,KBO2485,KBO2708,KBP2753,KCB1975,KCD0181,KCH2475,KCH3095,KCH3224,KCM0806,KCM1858,KCM1893,KCM2495,KCM3235,KCO0269,KCR0577,KCW2117,KDA1452,KDB0266,KDH1284,KDN0264,KDR3234,KDT1190,KEC0785,KEH0665,KEM0113,KEW1179,KFG2735,KGD2603,KGF2552,KHC2129,KJC1419,KJH0588,KJP1326,KJR3538,KJS0119,KKB2094,KKC2119,KKD1980,KKL1310,KLH0276,KLL3118,KLP0249,KMB3003,KMR0682,KMW0259,KNA1279,KNB0560,KND0529,KNH1985,KNK1428,KNM1154,KNM1318,KNS0539,KNW1321,KOB2624,KOM1306,KOR1163,KQD0274,KRB3120,KRD2100,KRH0589,KSH0672,KSP1288,KSW3237,KTW1719,KUS2137,KVW0814,KWB1967,KWD2589,KZG3565,KZM2602,LAB1297,LAC0994,LAH0524,LAL1956,LAN2608,LAO2771,LAW1407,LBC0194,LBF1992,LBM2142,LBW3159,LCC1963,LCC2503,LCG0784,LCH2740,LCM1480,LCP0572,LDB3087,LDH0574,LDN2514,LED0656,LFC2015,LFF1887,LGJ2710,LGL0649,LGL2772,LGR3119,LGS1976,LHB3089,LHG3145,LHH2148,LIC0203,LIM1718,LJC0191,LJH2619,LJR0253,LKH2512,LKS1416,LLG2714,LLH3157,LLJ3179,LMB3241,LMF0670,LMH1987,LMJ3535,LNA2543,LND2704,LNM1879,LNP3092,LNR0556,LNV0271,LOC1446,LPC2011,LPE0270,LPW0767,LQW0555,LQW1314,LRC3160,LRF0101,LRL1316,LRP2591,LRS1165,LRS1168,LTR1729,LTW1441,LUK1182,LVK3180,LWH0180,LXE2139,MAC1404,MAC3214,MAH0590,MAH2095,MAK1309,MAM2630,MAR2386,MAS3218,MAW0532,MBA2092,MBB2649,MBC0803,MBG3183,MBH0527,MBN3610,MBP1728,MBP1960,MCJ3137,MCO3164,MCW0674,MCW2546,MDB0680,MDE2114,MDG0657,MDH2713,MDM2496,MDP1412,MEB3004,MEC0781,MET1881,MEW1406,MFW0646,MGM0569,MHA0667,MHR0581,MHS0125,MHS1125,MHS1146,MHS2634,MJA2380,MJC1471,MJS0832,MKC2767,MKD1004,MKH1959,MKM0647,MKM1993,MKR1339,MKR2138,MLJ1461,MMB0185,MMD2022,MMR0700,MMR1435,MMR1864,MNB3094,MNM1161,MNN1167,MNW1827,MPG1307,MRB0796,MRE0567,MRH2516,MRH2722,MRL2636,MRT1855,MRW2504,MRW3143,MSB0830,MSH1269,MST2486,MTM1434,MTN1330,MUH3099,MUO3601,MVA2547,MVO2746,MWB0710,MWO0559,MXG0821,NBH3076,NBL0182,NBN2651,NBR1873,NCB2660,NCO1443,NCS1854,NDA0536,NDR1456,NDS1897,NDW1863,NDW3217,NEA3248,NEH1185,NEW2490,NGP0549,NHD2497,NHE3204,NHV2004,NHY0685,NIB1197,NIR3139,NIW3071,NJC1951,NJH0196,NJL2478,NJM0173,NJO1460,NJP1439,NJR1714,NJS2498,NJS2657,NKD3073,NKG2706,NKN3153,NKV1451,NLC2601,NLN0673,NLS1866,NMM1844,NMR2725,NNB2730,NQO2712,NRN1312,NRT1320,NSB1016,NSM1464,NSR2539,NSW0122,NTC2663,NTE3084,NTF1342,NTP2146,NWH2076,OAG1468,OBH3008,OCC0107,ODB1853,OGW0251,OHC1892,OJM1324,OJR2085,OKF2007,OKG1889,OMM0835,ORH2010,OUJ2510,OZH2737,PAA2738,PCB0545,PDC1453,PDG2607,PEB3161,PEV3531,PHB0124,PIM3569,PJP2632,PJS2078,PKB2483,PKB2732,PKR1145,PMF0768,PMG2513,PMM0696,PNH1444,PPP1295,PPT3162,PSD1409,PSP3592,PTG0587,PTR2613,PTS0531,PTS2487,PWM0708,QAH1315,QFD1857,QGS1841,QHF3151,QIC1832,QKO2718,QMP2998,QNG2121,QRJ0691,QSG2525,QSM3147,QWL3474,QYG1180,RAA0675,RAA1455,RAA3570,RAB1712,RAB2739,RAF1290,RAH2750,RAH3181,RAI1483,RAP0653,RBB0585,RBH3142,RBP1171,RCB2645,RCD2501,RCG0105,RCH3533,RCJ0557,RCV1311,RDB0702,RDE3239,RDM1174,RDP2116,REB0123,REM0580,RGB0263,RGB1869,RGM3111,RGR0706,RHB1721,RHD0787,RHL0268,RHO0678,RJB1151,RJB1424,RJB2622,RJD2647,RJM3227,RJW1440,RKG2587,RLB1334,RMD0792,RME2477,RML2759,RMR2694,RND1473,ROA3171,ROB2744,RPF2614,RPL2640,RRD2697,RRT1417,RSE2382,RSG0687,RSS3182,RSV3166,RSW3232,RTS2009,RTW2758,RUB1156,RUC1198,RVH0535,RVR0095,SAB0817,SAB1954,SAB2761,SAL2493,SAP1888,SAR1883,SBM2719,SBO3115,SBT2585,SCB1280,SCC1896,SCC2526,SCE1877,SCG2695,SCH1013,SCH3567,SCJ0179,SCM0778,SCM2538,SDC3561,SDE2662,SDF3082,SDH2394,SDM2550,SDM3560,SEM1862,SEM2492,SEN0534,SFL0092,SGC2111,SGF2611,SGP1124,SGR0658,SGR1164,SGW0112,SHB2106,SHG1281,SHP1418,SHP1713,SHS3176,SIR3201,SIW2528,SJG1194,SJS1014,SJS1415,SJT0698,SJW0184,SKB2635,SKF2105,SKM1287,SLB2519,SLS0834,SME1984,SMG1268,SMH1953,SMM3221,SNC1837,SNW0798,SOH3595,SRA3210,SRB2600,SRC2524,SRL3525,SRM3245,SRN2617,SRP2080,SRR2711,SSH1845,SSR1962,SSS3091,SVM0770,SWA1824,SWE3155,SWK1436,SWM0188,SWS0823,SXW0537,SYF3607,SYM2379,TAB0684,TAB1870,TAB3539,TAD1414,TAJ0193,TAN2642,TAP0664,TBD2008,TCB0550,TCP2520,TDC3116,TDG2727,TDJ3138,TDM2658,TEC3006,TEW0693,TFH0544,TGA2006,TGP1343,THC2752,THH2751,THW1425,TIE1175,TJB0540,TJB2532,TJB3240,TJD0106,TJL2113,TJL3603,TKD2115,TKM2494,TKN0812,TLC1147,TLU1836,TMB1474,TNV3213,TPG2392,TPM3141,TPS2595,TQR3104,TRC1831,TRW3172,TSF3478,TSL2699,TSO3216,TTK2633,TTL3088,TWH1178,TWW0811,UCM3537,UDB1170,UEP2013,UKC0543,UKC1192,UKS1465,ULP1169,UMB0055,UYW1162,VAD2639,VAR3559,VBP1871,VCR3103,VCS1196,VCV2521,VDB0247,VDM2701,VDP0790,VEW0278,VFM3223,VGM2096,VJC1974,VJK1327,VJM1336,VJM2715,VKE0655,VLM3572,VNH1282,VPG2530,VPS3185,VQS3246,VSC0775,VTB0576,VTB2147,VTD1184,VTD2731,VZG2484,WBC1203,WBH1861,WBM0690,WCB0801,WCP2123,WES2531,WET2108,WGD3156,WGM1823,WJC2637,WJH3158,WJM3209,WKC0573,WKT0099,WLC0115,WLL1133,WLR0707,WMA2016,WMR2625,WMR2723,WNO1466,WNR0091,WNR0661,WNW2002,WOL3226,WPR1884,WRF3534,WSE1949,WSH1130,WSS0820,WTG2109,WVD0570,WWS0645,WZG3563,XAH2479,XBK2623,XBW2502,XEJ0773,XFF1302,XIW0171,XIW2655,XJB0548,XKL1317,XKW1135,XRP3102,XSR3526,YAS2508,YAV0093,YCL0650,YCL0824,YDM1720,YDM2537,YLL0795,YNR2544,YSG1195,YZC3244,ZAC1838,ZAR2140,ZAW2012,ZBW0132,ZBW1015,ZCR0558,ZDC2523,ZHF1006,ZHH3206,ZHM1979,ZJB0552,ZLB1878,ZLG3090,ZRM0694,ZVB2656,ZXM3086,1273
4 - QualityControl,AAP0352,ADB0350,BJE0351,DYH0315,HJB0286,JAS0353,KNH0316,RVV0317,UCG0322,VTL0314,10
4 - Safety,BDP0031,BGW1739,CBB3018,CCG1025,CCH3489,CIS3471,CLR2407,CNW2408,CTH3020,CWH3487,DBB3846,DCW2405,DRS0032,DWC2994,FGK1026,JCL0446,JDH1027,JGR3488,JLA0030,JLM3847,JSH3019,KDN1740,KRH1028,LMH3831,LRT0447,MSP3845,NBF3844,NHH1704,NSC1741,RLK3490,RPB0029,SLC0017,SSO2406,SVA1742,THB0987,UMM3017,ZJA2373,37
5 - Security,AAD3030,ACW0464,ADB3853,ADS2428,AFH1757,AGM3504,AJS3021,AKH0454,ALC1060,AMJ2374,ANL3024,APC3043,APP1054,ARC3034,AVP3044,BBH1056,BCC0456,BCG1029,BGB3045,BKW1032,BLY1039,BMM0462,BOH1751,BPD2437,BPN3051,CAC1777,CAG2442,CAG3049,CAM3050,CAS3022,CBW2427,CCB3055,CCL1770,CGM0035,CHB1062,CIS3505,CMB3499,CND3037,CNR1031,COB0461,CQA3849,CRH3848,CSM3502,CWH0038,CWH3033,CWR0043,DDH1041,DHS2419,DIW1749,DJP2420,DKD2409,DLM2440,DMC1766,DNS1758,DNS1768,DXM2433,EIR1046,ELB0033,ENS1748,EPI3052,EUC1051,FDD1052,FZB3046,GAH1760,GCN1743,GCP2425,GFK3498,GKK2422,GLC3495,HBB1759,HBC3497,HHG1038,HIA2415,HIS1706,HQB3494,HTC1750,HYF1048,IBM1752,IDB1059,IIW0036,IKH3472,IKP1047,INL3041,JAY3851,JBT1035,JBW3852,JCB3054,JDM1042,JFG1049,JGN1767,JJB0042,JPS2432,JRR0459,JTV1040,JYM3047,KAC1774,KAP2430,KBB0460,KCC2434,KCF0450,KEF1057,KHP1043,KMB1761,KOE1033,KRL0467,KSM1772,LAH3026,LAV1050,LBB0453,LCS3042,LCW0047,LEB1764,LEC3857,LGR1036,LJE2413,LMG1061,LOP1055,LRK2426,LRS2996,MAB1775,MCM2375,MCW3493,MDG2418,MEM1745,MFB0040,MGG1756,MHH0034,MJK0037,MJP2421,MLP3859,MND1058,MTG0463,MTS0465,MWK3854,NCA3027,NCT3492,NFP2441,NRE1755,NSC3036,OHM1030,OIP0988,PCS1747,PDK3856,PGF3491,PLJ1771,PNL0018,PRH2431,PTO1063,QAH0048,QGH0041,QIT3029,QJF3038,RAB0455,RBG3850,RCB2424,RCF0044,REK1037,RGP0451,RHF0046,RIS2436,RKW1754,RME0448,RMO2439,RNM0466,RSV2438,RWN1705,SAB3860,SAM3855,SAM3862,SBW3023,SCH3858,SDB3500,SHM2429,SJD3032,SJR0452,SLB3039,SMO0458,SNV2423,SSF3031,STC3053,STR1769,SWH1053,TAM3048,TDH0989,TDV1034,TDW1746,TKS3035,TPM0039,TTP2417,TTR0045,TWK1773,UCW2995,USF1753,WAJ2412,WAL0050,WBM1045,WOV3040,WSA1765,WTF0449,WYC2416,YKM2435,YKW1763,YKW3832,YRA3503,ZAP1762,ZJS1776,ZTB2410,207
