1 - BuildingSecurity,Malachi Herrod Henson,RAB0455,IIW0036,MJK0037,AKH0454,WTF0449,MFB0040,LBB0453,MHH0034,KCF0450,SJR0452,RGP0451,TPM0039,BCC0456,CWH0038,RME0448,15
1 - Lab,Charlotte Ramona Maxwell,DBG0477,AAH0721,USD0600,KTC0474,SUG0718,WDL0140,HMC0592,AAS0144,BHD0598,TZM0716,HJB0220,CRM0139,SFE0723,NGB0066,JTJ0597,JLC0216,BDH0472,BRM0143,BBW0594,GUC0473,YHD0593,GJM0065,BBT0062,CRC0595,GAP0715,JTH0719,ATH0720,SCC0067,AGS0063,MBH0476,ASK0599,GNT0221,EIH0064,KCR0468,AJC0722,NBP0217,ATC0218,KLM0714,MCB0591,TTB0471,ASH0142,CKB0596,WJH0717,MJD0469,DBT0141,WJC0470,RJH0219,47
1 - Medical,James Linus Arnold,BDP0031,JLA0030,JCL0446,LRT0447,DRS0032,5
1 - Publications,Fuller Taylor Spears,JRA0522,LJR0253,MKM0647,HMR0098,CKB0169,HHK0652,SCM0778,AHB0648,FTS0246,WKT0099,BCB0521,SCJ0179,PMF0768,WWS0645,BTV0644,ARM0771,RVH0535,LED0656,MBH0527,SVM0770,MAW0532,LGL0649,JRR0769,LPW0767,SFL0092,ISB0256,SGR0658,CHC0252,HBS0255,GSC0530,RAP0653,LAH0524,FAJ0523,AVT0526,GAH0525,AWW0254,JUM0102,MFW0646,ANK0777,BAW0780,VKE0655,MDG0657,ASC0177,BJR0774,MEC0781,BKA0175,AJV0176,CMH0776,PTS0531,VSC0775,XEJ0773,DHG0533,DDG0528,JBI0654,LRF0101,YCL0650,IIG0772,JBP0651,HJA0779,ACM0100,KND0529,SEN0534,62
1 - RegionalFieldService,Jessamine Madeson Eaton,JTC0941,XAB0936,GEH0420,QNW0977,CNT0946,BKF0427,TAH0933,EHB0942,AOC0982,CAS0391,OWD0981,NJL0974,ABR0397,GLB0419,EGC0931,NGA0929,LKG0937,CDW0986,JKG0944,HAF0394,ECA0976,WAW0422,SSA0389,SJH0945,MIA0939,DAR0388,SED0972,CSL0428,ANB0938,ADH0975,NCT0983,BJR0940,MCN0985,CTC0421,NCS0425,JME0387,TBM0932,WBE0967,FKA0393,KNM0423,BAV0390,UWB0395,DDC0980,VBN0984,INR0927,MAY0978,GSM0930,LFS0392,SME0418,QXH0396,HLC0943,EKH0934,DJH0971,ACW0426,BON0968,SHH0970,MCT0424,CIV0935,KCG0979,FZS0969,CAR0928,MSW0973,62
1 - RegionalSales,Whoopi Laurel Guy,DHG0962,ISS0949,IMP0960,FGN0375,GBC0907,CJH0382,GMC0953,CBH0413,MNT0922,FMR0920,CTH0915,IBC0377,BCB0909,NDC0948,NHP0412,KST0924,IPS0385,ETB0950,WDH0910,KOE0908,KBP0384,MNP0955,AHM0959,CTK0947,MRS0409,NWV0966,DEL0913,JFB0961,AIJ0383,APD0381,JCS0380,EEH0965,CBC0952,ARJ0912,VNG0916,LBG0407,LIW0379,CBM0410,SXR0964,KNL0918,ADM0923,PLH0411,LOC0416,ZNA0921,RDW0957,JDB0956,CJW0376,XAL0414,JRJ0919,KMS0954,MYW0914,WFN0926,BMS0925,BRW0963,CBS0951,WLG0406,RDC0378,XWM0415,AMN0911,LSM0408,60
1 - SQA,Ann Tamekah Daniels,UDW0487,PCM0609,LFR0075,IOR0152,ERA0725,CPC0724,AXL0479,NBC0607,JGH0728,OHF0078,WAM0069,ODB0151,PKH0730,CER0228,MPH0153,HNC0074,ATD0146,BGK0603,JWM0484,DIA0731,FLS0231,NNP0229,VHH0485,CLH0733,DMD0486,ARM0076,MDO0606,HGH0727,PCC0604,AAM0729,AME0732,MPY0478,AAC0610,PHA0726,SVM0077,AHP0154,MCY0601,DLM0608,NLP0155,RAS0223,JMV0602,JHF0480,HIF0482,BLN0230,AHC0232,KCS0605,CSP0483,47
1 - Stockroom,Hammett Zeus Hodge,GJB0850,DMR0336,RJS0846,WNC0874,HZH0297,RCB0302,YRW0842,GJM0838,ABB0300,KAD0884,JTM0878,RVB0303,KDF0876,BRM0843,JBB0847,BRS0333,TWM0837,RSS0875,LSL0337,PAB0879,KAP0844,MHB0845,SKS0339,FVR0881,GSS0841,FDH0299,TZM0851,HOE0301,RTM0849,BCO0877,RMB0885,DBS0880,LXC0839,JMM0848,UMS0883,JSW0872,GIH0882,KSJ0840,SMR0338,39
10 - AssemblyDept,Austin Joel Coleman,LBM3284,JKC3349,SKB3336,PCA3344,FMS3285,BLS3327,WHL3282,LOF3279,ONR3291,RJG3325,BMM3328,TAC3330,JLF3346,KGD3278,PLT3283,TRS3323,EKV3321,MVB3343,RJF3299,JNS3342,DAH3331,JSO3292,DGH3295,IMC3296,CCL3272,AHC3277,JBB3280,BDJ3326,FGS3275,IAA3012,MSS3335,PLJ3274,TKE3293,ESS3341,DFC3287,BRN3289,SAB3286,KHC3350,QSG3297,DAH3324,TJM3340,IKK3333,JKG3329,HCH3338,LNK3345,HYK3300,KSN3347,KDT3290,ANF3332,VCF3273,BJH3294,JSM3334,ASD3348,XTB3322,DCM3288,THG3271,MDG3281,AJC3010,58
10 - ElectronicSecurity,Lois Rhonda Snow,QJF3038,AVP3044,LCS3042,JCB3054,BGB3045,SLB3039,BPN3051,APC3043,CND3037,INL3041,FZB3046,EPI3052,NSC3036,JYM3047,LRS2996,WOV3040,CAM3050,STC3053,CCB3055,CAG3049,TAM3048,21
10 - SystemsEngineering,Zenia Basia Whitley,BDW1459,NKV1451,BQV1308,CAM1323,TWH1178,NRN1312,KOM1306,MAK1309,NJO1460,LQW1314,MPG1307,AKL1305,JJL1448,KKL1310,RDM1174,TIE1175,XKL1317,ENR1304,CNC1177,JCP1462,ZHF1006,RCV1311,KNM1318,AEB1458,KEW1179,HCR1322,NRT1320,CSS1313,KNW1321,HSF1454,LRL1316,MLJ1461,QAH1315,CQC0997,AOM1457,CNP1183,QYG1180,PDC1453,ULP1169,SGR1164,LRS1165,LRS1168,HLC1172,AAG1447,ZBW1015,NDR1456,GMK1449,ABH1181,DLP1445,LUK1182,PNH1444,CWB1463,ANC1319,RAA1455,MNN1167,GHD1450,ABO1173,RBP1171,KDA1452,UDB1170,LOC1446,61
10 - WebSoftware,Xandra Hilary Romero,VSJ2569,PJF2579,JCJ2572,DAB2580,GFJ2582,ATP2680,DSB2463,JCS2391,CIG2684,DJF2576,MPB2578,XHR2377,RSR2681,PMA2693,BNS2384,IJC2459,BNH2692,WMR2685,IEG2687,DNB2574,KAH2460,HNB2571,IPK2575,MNB2570,CGG2688,SCL2577,KEC2465,NJS2473,ESN2683,RIJ2470,ADV2467,TBL2581,ERF2472,AGS2462,QKV2583,RKL2682,NBD2469,GYS2461,GPB2691,OLA2686,AUI2464,EJM2690,CAM2468,HHW2471,AWH2466,YJP2689,46
11 - BuildingSecurity,Idona Kathleen Herring,IKH3472,AGM3504,CMB3499,PGF3491,CIS3505,HBC3497,YRA3503,HQB3494,NCT3492,GFK3498,MCW3493,CSM3502,SDB3500,GLC3495,14
11 - Stockroom,Carlos Tanek Buchanan,LMA3676,CLG3616,WVC3623,BAL3618,JOC3621,DFP3615,GGB3663,CJH3630,CMM3674,FGG3666,BYS3626,DBW3679,ADP3667,BDM3662,JAD3672,HCR3675,BBB3612,WIB3670,HNB3661,KPO3619,FQL3629,AAV3669,JKH3673,CAG3622,BKM3611,ZWS3625,EGB3624,HAG3665,WJW3627,APP3678,SBJ3628,SCP3664,RPS3617,ILK3668,VEB3671,WAC3677,RTN3680,RHA3613,RJS3479,DSA3620,CTB3481,GJO3614,42
11 - TestAndEvalualtion,Dexter Ethan Farley,ISJ1479,RAI1483,UKC1192,JCW1332,UKS1465,TMB1474,NSB1016,BXG1340,NSM1464,FNM1482,ATT1191,KJP1326,NTF1342,AMH1481,CNT1188,ADC1469,DHM1476,RUC1198,ICH1478,FYP1187,ECB1341,VTD1184,JJF1325,GLS1193,MJC1471,RLB1334,VJM1336,DFW1467,MTN1330,NEH1185,RND1473,OAG1468,VJK1327,CAF1331,AJP1199,CMR1470,TGP1343,DEF0998,EJS1338,OJM1324,WNO1466,KDT1190,SJG1194,HAL1200,IRS1337,DTH1333,JZM1335,VCS1196,NIB1197,YSG1195,JOB1328,GCD1189,CRP1186,HLM1007,ISR1477,WBC1203,AIF1202,LCM1480,CMA1475,MKR1339,60
12 - AssemblyDept,Brynne Camille Whitfield,CKB3645,EKC3706,JBD3707,GMB3703,CID3640,ICP3710,KJB3654,ABM3687,JTJ3700,VCH3696,ZMB3686,MSR3709,DAM3691,HAR3632,KCC3658,GAA3681,FRB3653,BCW3480,NKC3652,MNG3693,RWS3699,JAB3656,TMC3659,JMG3704,MLC3482,APS3701,RCW3692,EAM3642,CBL3631,MDH3639,DRK3644,DAR3637,BBM3688,BCH3651,JSM3633,HNV3655,MBR3648,DCC3689,CHB3647,TSS3643,LIC3646,BMC3636,GKA3690,SBH3683,DBF3635,RJF3634,BAH3684,MTL3695,WXM3698,ALB3649,HCH3685,CMM3702,ABM3641,MJM3657,BPM3694,IMR3660,AKS3705,ELB3697,CRP3682,RKM3650,60
12 - BuildingSecurity,Yvonne Kellie Walters,YKW3832,SAB3860,JAY3851,RBG3850,LEC3857,CQA3849,SAM3855,MLP3859,SCH3858,CRH3848,PDK3856,MWK3854,ADB3853,SAM3862,JBW3852,15
12 - MechanicalEngineering,Audra Serina Hunt,FJO1828,ANC1950,ESH2077,SRP2080,JCH1952,CBJ2083,HKD1826,CWP1829,NJC1951,CJW2087,JJS2079,LAL1956,TLU1836,DHG1830,BBT1948,FPM2074,JTN2073,MKH1959,FGH1958,EKH2084,MNW1827,JKF1825,GGH1726,ASH1710,NWH2076,OJR2085,SSR1962,DAS1955,CDM2075,BCL2082,LIM1718,WSE1949,CTM1961,WGM1823,CHM2081,EMH1957,SAB1954,QIC1832,MBP1960,TRC1831,JUL1835,PJS2078,ELC1833,SMH1953,ANC1834,SWA1824,JIW2086,SNC1837,48
13 - ElectricalEngineering,Kasper Tyler Woods,NMM1844,JTS2090,EUV1842,CDE1846,GEG2093,KTW1719,HLS2098,CEM1852,BUS1727,LGS1976,DMS1977,SSH1845,ACH2102,FAW1969,APS1968,DNV1964,JHK1849,JMH1847,DWK2099,VGM2096,CKG1972,CAP1971,FJA1848,KRD2100,MBA2092,QGS1841,AHH1966,BLS1973,JCB2089,KCB1975,BHD2088,EDJ1970,JSH1843,ARH2097,FZW2101,FAH1851,KWB1967,ZAC1838,LCC1963,MAH2095,BXK2091,KKB2094,CNK1711,VJC1974,CAH1839,ERC1840,CTD1850,JYW1965,48
13 - Stockroom,Winter Adele Hahn,FCM3926,ASM3925,KWD3977,ROR3967,AYA3962,GPD3917,BYC3970,EPW3971,KBH3913,BVD3974,BLL3910,XML3920,AGG3958,NJM3961,IRP3916,DIR3921,PIP3915,CKG3838,HSS3959,ACM3964,WAH3836,KTS3908,EGD3972,JGR3914,SAC3963,ENH3969,BDP3912,DWY3973,LPH3918,QKP3927,RHM3909,GDM3960,KCT3965,NNF3968,VAC3966,KDM3923,LBG3911,GEB3975,XBL3922,JCR3919,40
14 - AssemblyDept,Keegan Noah Riggs,MWB4000,CGB3928,JLR3930,ARB3934,ATF3951,BNW3985,HZA3839,XSF3982,CCB3943,LER3942,VAS3984,LSC3979,KNR3837,LJC3980,AHG3997,JSM3931,GZM3990,AAF3937,NSE3944,BZC3956,AIY3991,UNB3986,NNB3989,WZR3948,IAR3996,DRF3992,CSB3932,CAF3929,NHS3981,AIV3936,BRC3949,PLM3935,JSR3988,JBM3933,AIJ3995,NMC3998,IRC3952,NIR3987,SVM3947,SBG3983,TCR3994,GUC3945,GMY3938,RJM3957,GHM3953,CIJ3941,BIG3946,SCM3950,DSM3954,UAH3940,GOG3939,PEV3955,YBP3978,VHG3993,54
14 - MaterialsEngineering,Ralph Aladdin Bates,SHB2106,KKD1980,SEM1862,WBH1861,NCS1854,DAT1981,WTG2109,ZHM1979,YDM1720,AJH2110,KCM1858,MBP1728,KNH1985,JCG1982,IHD1978,RAB1712,IOP1859,QFD1857,WET2108,LMH1987,ODB1853,BKS1860,HES2103,IHW2112,SKF2105,SME1984,GLN2107,EGP2104,MRT1855,CJS1986,GDP1856,SGC2111,32
15 - SystemsEngineering,Reese Hoyt Beck,NLS1866,DMW2128,OKF2007,ZLB1878,JNG1998,HJR2127,LTR1729,EMO2120,JAB2131,TGA2006,JBB1875,APP1996,CAV1868,AHK1988,ALH1872,KCW2117,WCP2123,HBM2126,MKM1993,QNG2121,AHC1994,MMR1864,VBP1871,GER1997,LNM1879,NHV2004,SCE1877,EDP1880,KKC2119,CLM1874,RDP2116,JAC2001,AKK2125,MET1881,IMM2118,EIF1865,TAB1870,WNW2002,DHC1989,RHB1721,ABP2003,HDC2132,FAL1867,BGR1991,ACP2122,TJL2113,TKD2115,MDE2114,LBF1992,CDW2000,IRW2130,NBR1873,NDW1863,BLB1876,EBH1882,RGB1869,DOS1990,DNB1999,KHC2129,AIA2005,SHP1713,FNM2124,HHF1995,63
16 - TestAndEvalualtion,Nicole Jennifer Rosario,BTR2026,MKR2138,LPC2011,LFC2015,IAR1895,SCC1896,LHH2148,RTS2009,DCW1901,AEF2019,IRP2018,IMN1730,EVF1722,OHC1892,WMA2016,BYL2133,UEP2013,LXE2139,CDL2145,IDL2014,KCM1893,GFP2144,HID1899,BJW2134,FMT2152,HDP1890,OKG1889,ISG2025,SAP1888,ORH2010,TBD2008,WPR1884,ZAW2012,BMV1886,SAR1883,ADM1894,BQK2024,LFF1887,DOT1898,BRB2143,VTB2147,BRJ2151,CMS1900,ZAR2140,GAB1885,NDS1897,IGB1902,MMD2022,JEW2141,NJR1714,CAP2149,KUS2137,AEH2020,LBM2142,NTP2146,GMH2027,KAA2150,CDB2017,58
17 - MechanicalEngineering,Imogene Charde Hicks,JRK2707,SCG2695,SBT2585,BDV2474,RRD2697,PKB2483,MST2486,NKG2706,TPS2595,IHH2590,ANH2482,ALS2596,IIF2584,HJH2588,DOB2696,AJM2385,KWD2589,VDM2701,XAH2479,LRP2591,TPG2392,JIR2594,CVB2703,HGJ2592,DAM2705,ICH2378,RKG2587,BKC2698,KCH2475,BWA2593,RMR2694,LND2704,GAF2480,NJL2478,VZG2484,TSL2699,HUM2481,RME2477,APP2488,KBO2485,GCR2597,PTS2487,AKG2702,KBO2708,BHW2476,45
18 - ElectricalEngineering,Malcolm Amal Rollins,HDN2609,DBL2605,MDH2713,WMR2723,SAL2493,LGJ2710,BUW2717,NLC2601,KCM2495,XBW2502,JIB2606,SYM2379,KZM2602,KGD2603,HKK2716,SRB2600,QKO2718,DKF2721,TKM2494,SEM2492,AFP2709,NHD2497,SBM2719,GDH2500,NJS2498,LLG2714,NQO2712,KAG2599,SGF2611,PDG2607,BGH2610,BBM2604,CRP2489,JHD2499,VJM2715,BJM2491,LAN2608,LCC2503,MAR2386,GSA2720,SRR2711,MDM2496,RCD2501,NEW2490,HHD2393,PTR2613,ISM2612,MRH2722,48
19 - MaterialsEngineering,Shaeleigh Darryl Hill,MJA2380,JCH2505,SRN2617,YAS2508,LKH2512,MRW2504,NMR2725,PKB2732,BOR2387,PMG2513,HKW2615,CMA2616,SDH2394,CCN2726,RJB2622,BBH2509,GDY2724,NNB2730,DLW2729,RPF2614,TDG2727,LJH2619,HLS2733,VTD2731,XBK2623,DWD2621,DAD2620,DAH2506,AIL2511,AMD2728,OUJ2510,31
2 - AssemblyDept,August Kasimir Solis,BDK0854,DNH0308,MTC0855,AFB0904,ODS0893,DZG0889,IMS0862,CAG0888,CTC0859,RGB0901,JRM0871,NMW0896,JLR0313,HHM0869,AJM0345,KBB0890,JNM0905,DSB0307,NHW0864,KPS0895,AAW0894,DKR0860,JAA0897,RSJ0891,UVN0903,GOR0861,ABL0870,EKM0863,KKM0309,BKB0853,CDL0867,TMV0868,LZM0306,BGA0892,ABH0349,MFK0902,CIT0310,KBP0899,MJF0334,SCR0898,ITM0906,RMR0341,WNC0858,ACG0312,PDM0304,RJM0343,DWB0865,SSA0346,JSH0887,AKS0298,IAS0857,CDP0340,GJG0852,MCC0856,LCP0344,JOA0305,BEA0311,CRC0348,PGM0342,LJH0866,SLH0900,61
2 - DesktopSoftware,Hedy Ivana Pennington,DEN0236,MKW0157,MGG0080,BJS0744,EMO0159,CCC0491,KGN0619,BTB0489,MNV0618,GJS0494,SKL0739,GCH0735,DNN0488,ATH0225,SER0621,BHC0492,CWC0490,AHH0495,AMM0734,BDU0497,AJK0611,HIP0148,CFL0156,JCC0736,ADM0158,DJA0740,LBM0614,YBJ0071,POS0615,JDB0738,CSC0233,LDW0620,OUH0741,HBC0081,JGH0493,QLC0082,CMD0613,MOS0496,JMH0617,CTH0737,AGF0742,CSR0612,HMY0235,ISH0079,VMN0743,AJS0616,46
2 - ElectronicSecurity,Carl Garrett Morgan,SMO0458,WAL0050,TTR0045,QAH0048,CGM0035,CWR0043,JJB0042,MTS0465,RCF0044,JRR0459,COB0461,KRL0467,ACW0464,QGH0041,BMM0462,RNM0466,LCW0047,KBB0460,RHF0046,MTG0463,20
2 - Lab,Victoria Winter Barker,CEC1352,GMF1213,VCV1353,RMN1355,ALT1354,MCS1078,JHF1356,IKC1205,CBG1074,KMW1008,JZM1351,HBC0999,DRW1207,LMB1077,EJL1075,RGB1346,VWB0990,LCF1216,JLL1204,FBY1064,MCT1067,TWF1072,JSH1070,IDW1211,BZS1344,DBC1073,LAE1350,EID1076,GMC1209,KAL1210,GVC1358,NNJ1215,KLM1357,JIB1218,CSM1212,SWE1349,BMH1069,GAB1206,ROH1347,GDR1066,AIC1071,BDL1065,CMM1068,BCZ1345,GTG1348,45
2 - MechanicalEngineering,Grace Jasmine Gamble,GSB0666,RHD0787,WNR0661,KMW0259,NBL0182,TJD0106,RCG0105,PCB0545,VDB0247,JON0788,DKB0260,UKC0543,DRN0782,BHG0258,SJW0184,KCD0181,SXW0537,BEH0103,GJG0170,VDP0790,MHA0667,ETA0791,TFH0544,CDM0538,JSB0783,NDA0536,CKP0659,TJB0540,KEH0665,OCC0107,HDC0789,TAP0664,BAB0541,LWH0180,AAC0668,KEC0785,YAV0093,GNA0183,EUH0257,LCG0784,GIM0786,IOM0542,KNS0539,BJG0662,BXN0660,BNT0663,46
2 - Medical,Travis Hasad Berg,FGK1026,JDH1027,KRH1028,CCG1025,THB0987,5
2 - RegionalFieldService,Haley Madeline Thomas,HWV1621,DDG1703,FKM1622,RFS1633,ATM1615,MMR1695,IQO1690,NGC1617,RCT1697,NIM1630,ECB1683,BEB1022,NEE1632,LFB1624,IBM1700,JNR1694,KBW1629,AYS1628,ATR1677,SGB1636,TCN1687,BBM1701,SPM1684,BAB1619,SNM1696,ADP1625,EFJ1685,DFH1681,HCB1643,HSP1675,JDB1620,JAM1676,HMT1024,MQM1638,KNM1674,AKW1679,ZVS1637,GMA1698,RIK1631,SLD1639,CMC1642,CLD1641,TDK1689,AFB1626,VJB1699,GND1618,CSR1682,QAS1692,AIP1614,FVK1623,YSC1691,GKH1634,VEC1686,IBP1616,DLM1680,CAS1702,RDB1693,AYL1635,RVL1688,59
2 - RegionalSales,Troy Hayes Massey,THM1021,KIG1594,CIY1654,FTF1665,RDB1645,PCB1603,LSN1672,ATC1587,DKW1659,IIW1595,SJN1601,ARH1610,WBS1592,ZOO1613,HYP1591,KSD1646,CAG1644,BCH1656,JMB1651,HJV1586,SST1661,SYF1650,TPF1663,BNL1652,LBG1670,GIS1668,SLC1588,DBH1596,SBS1606,OMP1671,WVM1669,CSB1660,EAH1653,HGD1664,BOV1609,RHG1647,EJG1655,VNC1607,RKE1589,KBV1602,BMR1662,HYV1658,SHC1585,AKL1605,GSH1593,HDB1666,CBA1023,JJB1598,CSG1600,PSC1608,CFS1611,SSH1649,QRJ1597,GAN1584,AGW1590,VND1667,MQR1657,KSB1599,OEJ1648,BCS1604,60
20 - SystemsEngineering,Bernard Bevis Foley,VCV2521,DMR2518,CCW2381,TAN2642,EIY2749,JRB2741,DMB2533,JSJ2743,TTK2633,IAG2742,MVO2746,ESB2629,THC2752,LCH2740,ALB2395,THH2751,RAH2750,PJP2632,RPL2640,ARB2515,VAD2639,KOB2624,WMR2625,LDN2514,GAC2529,MRH2516,CAR2748,KBP2753,BAG2641,DBV2736,SLB2519,BNR2527,WJC2637,ROB2744,TCP2520,WES2531,QSG2525,SRC2524,DSB2734,GES2626,MAM2630,SKB2635,VPG2530,PAA2738,KFG2735,TJB2532,DEY2638,SCC2526,RAB2739,BJV2631,CRC2747,BKM2643,HMM2628,OZH2737,EAB2522,MRL2636,MHS2634,SIW2528,JOR2627,BBF2388,JMH2517,ZDC2523,JRR2745,63
21 - TestAndEvalualtion,Catherine Madonna Owen,CWA2549,HJW2646,TDM2658,CHL2644,CNS2548,ASS2760,ANO2653,AIH2535,HFF2540,MVA2547,CRE2652,JBM2769,EMC2757,LNA2543,SCM2538,NTC2663,ACC2773,JNC2650,BGM2545,CMO2396,KGF2552,NSR2539,DJR2389,JKC2754,NCB2660,RML2759,RCB2645,JTV2654,SAB2761,MCW2546,RJD2647,ANB2766,HMM2768,SDM2550,JWW2765,CUP2764,ETM2542,RSE2382,NJS2657,JHH2770,HLO2756,MKC2767,YNR2544,LAO2771,GJB2659,RTW2758,HBS2551,IIB2553,SDE2662,XIW2655,ZVB2656,KBF2661,LGL2772,DHR2541,YDM2537,ADM2762,NBN2651,BWC2534,GKG2763,MBB2649,FBM2755,61
22 - MechanicalEngineering,Quinn Madeline Prince,BSB3083,CGT3148,TEC3006,JHE3080,NKD3073,RBH3142,QSM3147,NTE3084,SIR3201,CCM3075,ABM3203,SDF3082,IAM3078,MRW3143,WJM3209,CJH3136,ZHH3206,ABK3081,DPF3215,NIR3139,CSC3074,SRA3210,TDJ3138,BMN3207,BKR3146,NHE3204,TNV3213,CSR3140,CKC3072,NIW3071,DWB3085,MCJ3137,TPM3141,MAC3214,BPL3202,AMB3208,JLM3150,CJG3002,CHU3211,GEB3079,DDS3149,LHG3145,JTR3205,CMH3077,QMP2998,NBH3076,46
23 - ElectricalEngineering,Kai Melissa Bradford,KMB3003,MAS3218,LLH3157,CLE3098,CDB3222,WJH3158,CUQ3097,TTL3088,ILY3152,PEB3161,WOL3226,LDB3087,IKG3154,TSO3216,LNP3092,DJP3230,PPT3162,KCH3095,VFM3223,BWG3220,ZLG3090,SMM3221,RJM3227,KCH3224,GDS3165,MNB3094,AFB3228,LBW3159,AKI3229,WGD3156,CGW3093,NKN3153,GFV3163,MUH3099,SWE3155,AMB3100,ZXM3086,DCC2999,NDW3217,LRC3160,DDL3007,MCO3164,QHF3151,CSR3225,SSS3091,LHB3089,46
24 - SystemsEngineering,Oliver Brock Howe,FAJ3101,CAO3117,VQS3246,BNS3233,KDR3234,BHG3238,RSW3232,KLL3118,KCM3235,LGR3119,KRB3120,CCD3168,AMJ3174,FAD3114,JVB3184,VPS3185,LLJ3179,EAH3107,SRM3245,MBG3183,SHS3176,RGM3111,GLM3106,LMB3241,MEB3004,ICB3167,BRG3113,LVK3180,RDE3239,JJY3112,RSS3182,HCO3108,KAH3247,TQR3104,FXD3105,ATR3231,INB3109,BFR3250,TDC3116,VCR3103,RAH3181,TRW3172,JIP3170,XRP3102,RSV3166,OBH3008,KSW3237,TJB3240,ROA3171,CCB3173,HAP3000,AXW3243,SBO3115,EBC3242,NEA3248,BJM3236,YZC3244,GRL3110,GHT3177,AEB3249,CBC3175,FFP3169,BNC3178,63
25 - SystemsEngineering,Gage Yardley Hester,AKP3573,HAR3571,FAJ3608,VLM3572,BNS3594,AEB3574,WRF3534,TAB3539,BLH3602,TJL3603,EMC3609,HSH3606,JFR3527,SDC3561,KZG3565,KJR3538,CCF3529,MUO3601,RCH3533,SYF3607,DRH3557,BXR3536,VAR3559,GOB3528,BZB3532,ABC3523,BJW3558,ECM3591,CCS3575,SCH3567,XSR3526,RAA3570,PEV3531,GBJ3604,KBK3593,JIN3522,GYH3476,HJR3540,AMH3562,SOH3595,AEK3566,UCM3537,CKP3600,DCM3596,PIM3569,WZG3563,SDM3560,CKL3556,ABG3605,PSP3592,FNW3564,JLW3598,QWL3474,TSF3478,SRL3525,DCB3597,MBN3610,BEG3521,LMJ3535,EZP3568,60
3 - BuildingSecurity,Octavia Iris Parrish,KHP1043,BCG1029,KOE1033,REK1037,HHG1038,JTV1040,CNR1031,BLY1039,JDM1042,BKW1032,TDV1034,LGR1036,DDH1041,JBT1035,OHM1030,OIP0988,16
3 - ElectricalEngineering,Xantha Imani Waters,ZJB0552,KDB0266,AEH0187,JAW0551,DRJ0794,TCB0550,NLN0673,SNW0798,CKH0799,AIB0553,LQW0555,GDH0108,NGP0549,AEM0554,IFS0793,DKE0797,JYB0262,ILH0248,CKP0265,LMF0670,YLL0795,FKS0094,JBW0109,SWM0188,SGW0112,DKP0671,CCB0547,BJP0186,HBM0676,RAA0675,ABS0677,XJB0548,XIW0171,KSH0672,RHO0678,JEM0546,MCW0674,IDF0189,KDN0264,CTJ0669,WCB0801,MMB0185,AYS0110,RMD0792,RGB0263,MRB0796,46
3 - EmbeddedSoftware,Jeanette Macey Simpson,MDP0161,ACR0748,AJG0240,ABW0501,DQS0752,WGF0506,CTH0626,SJB0086,CHV0509,CCE0745,CPP0623,TZM0239,BGS0751,DWB0238,JLR0632,SPW0753,GLF0226,DEP0163,ASG0072,KKM0624,GTC0747,XAB0627,JMS0149,CAG0502,TKK0628,KLZ0507,KGB0500,SLL0504,TAP0631,AZK0622,AAB0162,EKK0503,MKO0749,POD0750,ZER0085,KEF0629,RTP0754,LAR0625,AMS0630,NSC0237,CHY0083,NQM0084,WDD0499,PAM0505,GJS0160,ZOM0746,46
3 - Lab,Quincy Joshua Olsen,JSN1905,HKT1778,LCB2041,ACH1910,IBW1779,KMC2028,GCL1782,ROS2030,IGP1784,LVH1790,CGM2036,JEW2035,CRP1915,RQN2039,HNG1909,MVS1908,RJO1791,WKH1787,JBC1916,MNR1903,LBJ1723,CMB2034,JAS1907,BHS1917,LEM1913,STC2042,KAS2029,APA1788,LMJ1783,MOB1914,DRB1780,QJO1715,JNW2037,XCL1792,ACW1707,NYS2040,GPL1911,NEC2033,BQW1904,TAM2031,LCH1789,WBA1786,HQF1912,43
3 - Medical,Neil Hamish Hicks,KDN1740,BGW1739,SVA1742,NSC1741,NHH1704,5
3 - RegionalFieldService,Rhea Lydia Stein,JRL2365,MJG2304,RLS1738,AZG2343,HDL2297,JVS2308,CJC2371,RRS2359,YQB2309,ICF2294,WXH2289,JET2299,MAM2363,CDA2295,CCF2298,CED2356,XTB2372,MMB2285,AKB2312,MNM2369,JCC2287,ABE2352,OJV2346,GKW2306,ABG2353,CAP2283,AWM2286,JCB2350,BHC2344,KCR2291,EDF2361,ACN2347,SAH2292,HBH2368,BGA2301,GDG2354,AGF2302,BHN2290,CRL2357,TEC2300,MAL2345,KCL2310,SIP2293,XKW2303,DHB2364,KKP2284,COD2351,YHB2355,BEH2307,ASK2349,MHM2370,MLG2305,JJB2367,JRM2358,HHL2311,DRC2296,AVH2360,EMS1736,GNG2362,AHS2348,BSM2288,BAL2366,62
3 - RegionalSales,Adele Deirdre Guthrie,RPH2326,CRT2273,AVC2328,BMF2337,JNR2260,XCG2316,TBC2256,SPP2313,HMV2340,ENM2269,MIC2325,RJW2318,FBD2277,SCD2333,CHS2323,NGW2341,KKH2324,SFC2336,SBT2281,MLF2319,JJH2332,BWM2339,CJH2330,ARH2262,EJP2315,SRB2276,LMW2320,AVS2317,IGP2254,PMT2264,SSL2271,DJF2329,MZG2261,WRW2331,CMH2342,SQC2334,JGR2327,VHM2280,KIC2314,MKR2258,FFP2270,CHH2272,ACM2278,MNW2267,WBB2321,KLD2255,KAA2259,SCJ2279,TZG2263,OHD2274,RXN2265,KPP2253,GNH1735,AWB2282,CUM2335,BCO2338,ADG1737,RMB2275,DWF2268,LKB2322,GIT2266,61
3 - Stockroom,Brianna Ann Webster,UXC1495,EWA1486,JCR1536,TGC1489,MCQ1546,AME1490,OJB1538,JDH1550,AOP1542,AFF1492,KDC1487,AKH1534,LMZ1501,CAS1017,HTR1551,OVM1496,RLH1548,TBB1547,OCS1541,NMS1493,ZMH1543,CJJ1491,BKF1545,HBC1540,DRF1498,TKM1539,BAW1019,IJC1553,LGF1503,ALH1494,ORM1484,LRW1502,LCR1537,VMW1500,JSB1535,KWR1544,TKS1549,TAM1488,JJE1552,BNC1497,BSV1499,41
4 - AssemblyDept,Mark William Horne,ADR1517,LWV1525,CCH1508,DCR1531,NAR1527,TPS1568,GRM1511,XFL1583,DJH1506,CPT1533,NPS1563,FAH1566,FRG1576,ARW1507,RXG1504,CFR1523,CSM1565,VKM1515,RGB1581,SBD1557,CHM1561,VAB1526,MWH1018,CDS1579,MWG1570,PHH1524,CSM1554,RIB1582,DKS1509,KMS1530,EAP1555,FNB1512,XGB1528,SDH1556,NUK1513,QSB1577,CYO1575,EVO1522,FKJ1521,MRS1520,NMM1560,RKH1569,RAH1514,MKJ1574,CQH1505,KBA1020,NRG1562,JWB1519,SJG1510,AIB1567,TAE1559,KSM1518,GKL1516,MHV1529,UMH1532,HLM1564,56
4 - ElectronicSecurity,Timon Duncan Harrison,CHB1062,BBH1056,SWH1053,IDB1059,FDD1052,IKP1047,ALC1060,TDH0989,LAV1050,JFG1049,EIR1046,PTO1063,LOP1055,WBM1045,HYF1048,MND1058,EUC1051,LMG1061,APP1054,KEF1057,20
4 - Lab,Medge Roary Byers,TLW2668,TAW2664,KAC2449,KVD2453,ERO2454,NEC2446,DSF2557,AHD2457,WDD2677,THM2665,YFP2558,MRB2390,MBL2383,REJ2666,IDC2568,JKS2444,MTP2675,MAG2667,DLG2673,SMS2452,HRL2565,BAA2451,VKM2376,ATR2560,ALS2669,CWA2554,JBH2559,DTC2566,OLR2564,BCB2676,EHW2450,RCH2447,JFL2674,SES2670,RPW2445,REC2555,ABH2671,EBD2562,BXT2678,SAM2567,KLM2448,ARL2672,NMV2556,IRB2456,SCR2455,RKA2561,46
4 - MaterialsEngineering,Keiko Libby Porter,KCO0269,MBC0803,WLC0115,APM0190,FKH0804,GSC0192,LBC0194,MWO0559,KLP0249,RVR0095,TAJ0193,LNV0271,KEM0113,LPE0270,BWK0172,LJC0191,KCM0806,RCJ0557,JJH0681,CMT0267,KMR0682,CBD0802,CWR0117,LNR0556,KNB0560,CAM0679,FGC0114,ZCR0558,CBJ0683,MDB0680,HMB0805,RHL0268,32
4 - Medical,Zelda Jescie Atkinson,SSO2406,DCW2405,CLR2407,CNW2408,ZJA2373,5
4 - RegionalFieldService,Nolan Jerome Wagner,IKA2925,WSC2981,JJS2973,KAV2926,DRM2927,BAO2928,FQG2974,VTK2978,TVC2918,DFM2933,JBL2993,SDN2932,CZT2970,APH2985,JLW2924,MTB2982,LEP2922,BAC2914,TRV2966,DJB2983,JQS2908,JMC2911,ZDH2905,BEH2967,ABP2917,KDW2929,SIP2907,SLV2969,BCS2912,NOE2965,CSB2910,AAS2987,HRK2972,SLS2992,DKM2980,RFS2923,CJH2921,NJG2979,BAB2968,RSG2931,TTF2920,SJB2984,NNJ2986,LNB2991,CBB2904,EJP2975,SLM2404,HJH2977,LXG2919,AAT2913,ILH2989,HWS2915,OLB2930,KDC2976,JIM2988,CPP2909,NJW2402,IMH2964,IBP2990,MRM2906,ALH2916,61
4 - RegionalSales,Heidi Cara Schmidt,DDF2937,ORB2880,KSV2881,ADS2950,IDH2939,YCA2885,CDB2947,KVA2944,RIE2876,DAM2954,CHW2893,PPG2889,KEM2934,KRC2935,ASP2895,TCM2403,DTL2891,MFD2890,MAC2962,ZGP2957,DLC2903,SMC2898,RKH2877,CJM2961,WHH2938,QIS2940,VKM2949,NGR2884,CMS2897,CMP2946,HCM2945,UMF2894,GRL2886,ESB2888,JCH2963,ACL2943,CDP2892,THF2879,ALP2955,CBG2875,RFB2959,JSB2942,GDB2960,URC2874,CQS2883,MMH2878,CJY2951,EAH2882,HKR2901,YMB2953,BSS2956,JLG2952,LLG2958,CAR2900,TSD2948,HCS2401,JZE2902,JEL2887,NWH2896,BRR2899,60
4 - WebSoftware,Dominic Justin Caldwell,ADS0763,WRM0515,MCS0512,TKC0514,HSK0639,DRB0756,VRJ0636,WKG0150,HDT0242,HDK0634,BDR0510,RTD0762,DAB0166,TVS0520,NDB0517,RLS0761,JDM0165,AJM0243,SKA0757,DJC0073,SOB0089,BJF0511,TAF0640,ABB0167,VYP0637,JDS0516,FNR0635,KQW0164,JPJ0227,MMS0241,ADM0765,BAB0518,RRA0643,GOM0090,RNB0519,VDH0766,MLV0088,BNK0087,MDS0759,HMG0642,NLN0513,AAR0641,DJF0760,MJR0244,HVR0633,CMM0764,46
5 - BuildingSecurity,Rose Wilma Nieves,HTC1750,RKW1754,USF1753,PCS1747,GCN1743,MEM1745,MGG1756,ENS1748,AFH1757,NRE1755,BOH1751,RWN1705,DIW1749,TDW1746,IBM1752,15
5 - DesktopSoftware,Zephania Chaim Terry,ZCT1009,OAS0991,WSB1368,HBD1371,TRH1083,BGM1226,CIR1367,OTD1228,RSM1089,QCB1360,PAF1373,LRM1362,DGS1079,DMH1232,TNS1233,RJP1091,MDF1222,KKB1088,GWM1366,MMC1084,TLP1231,SDR1227,AME1361,BBA1230,BBP1093,XUC1092,FDV1224,TFB1229,ECA1221,ARC1223,DBS1363,SKM1369,TAP1086,NHR1220,KIC1000,WGC1081,ISR1364,GJG1087,JRB1080,AUR1359,RCM1372,GNE1365,MBH1370,JSR1085,AIS1082,AZB1225,46
5 - Lab,Geoffrey Rahim Griffin,CRJ3070,SJW3131,SSD3197,HAG3196,SCD3192,SKM3058,VMJ3068,MBF3126,TDM3135,ARK3198,JBL3189,EEC3193,CIG3191,YDE3069,KMD3062,KCW3064,PWG3063,INS3200,BDJ3001,BAT3066,JEV3132,DGE3194,CAB3121,GRG3005,RRH3057,ZAF3065,JHK3122,JDB3127,LQJ3060,TDV3188,BMC3061,TJS3067,ANH3059,KRM3125,FPL3129,CHA3190,MCF3187,ACB3123,WCM3134,NSW3199,HZM3056,YJD3130,ZZO2997,DSN3186,EMM3195,45
5 - Medical,Dustin Walter Cole,CTH3020,UMM3017,CBB3018,DWC2994,JSH3019,5
5 - RegionalFieldService,Hedy Kristen Mcfadden,ZNG3404,FHA3387,NBT3447,JRR3014,LRG3408,JHH3462,LTF3385,ZNE3451,CGG3388,SAV3457,HKM3016,DMS3400,GEH3406,CJB3470,WKF3444,CDY3409,OED3393,VRB3401,GEK3441,SCM3407,RCM3458,BJH3402,GLM3450,ARZ3464,RAS3446,COK3383,QFP3467,PXR3453,KBM3460,TBS3382,GTL3389,CHB3396,MME3399,DMA3455,BKM3410,NRK3448,JJB3398,BTG3468,WYC3397,HNM3405,VON3443,FES3442,RDA3381,KGS3466,KCS3465,CIG3459,NDG3403,JAO3463,UCS3454,KJD3392,SAP3390,NEB3445,JCH3456,RAW3461,LYF3449,HMP3391,OGW3384,OLH3452,DJF3394,IAB3386,60
5 - RegionalSales,Charles Ulric Lynn,ALS3440,MBH3427,GKG3414,JMG3365,JUH3378,SIM3373,JVZ3437,CSP3434,IUT3421,UOM3363,DGN3358,KNS3380,EGG3374,GJS3352,CFP3418,JRF3424,RNC3417,ECS3353,RKJ3379,RAF3369,MXR3432,TAC3425,HJD3439,AIB3416,ZBH3422,DAM3359,MMJ3368,HHS3357,LMM3366,JMR3367,MLV3376,THR3371,TGH3351,CUL3015,AGM3372,DWB3415,KLC3364,DDW3361,MCH3354,CHL3430,TJT3412,WTG3411,OAW3013,CDC3413,BJC3423,DGG3429,MKN3375,AAS3428,NEH3435,CXK3433,JSG3377,IJM3356,JMF3362,FRM3431,ABD3426,NDK3436,WAF3438,BAR3420,BNB3370,LYB3419,SJL3355,61
5 - Stockroom,Malachi Nicolas Ward,SKG1731,DCG2203,KRN2211,MSH2210,BDB2163,QCN2206,MJB2167,GCS2218,DSC2208,DER2162,LTO2217,HJG2157,LGM2170,CNE2161,HOJ2172,SGM2153,YCL2166,PHB2209,MGS2159,JFB2168,ZSW2155,MMM2156,HEW2164,CTH2220,TCH2216,LAF2213,CCT2165,WAS2214,DHL2219,CGB2215,BKF2204,REG2171,SER2158,CCM2207,ING2221,GYO2169,LUG2205,ZND2154,MRC2160,SMH2222,HMS2212,MNW1733,42
5 - SystemsEngineering,Nigel Jakeem Mosley,ARF0575,ANM0564,DAM0096,KLH0276,NHY0685,NSW0122,ASS0120,QRJ0691,KQD0274,JOW0688,JCC0571,WBM0690,HGR0198,IHS0816,JRP0250,PMM0696,ZRM0694,KJS0119,DNM0275,TKN0812,FCB0563,FDS0810,MXG0821,CWL0561,WSS0820,WVD0570,FCE0695,RSG0687,SJT0698,MGM0569,AAF0819,LCP0572,ICL0565,GAW0808,ARW0818,AKD0272,SAB0817,TAB0684,CKL0697,IMH0562,LDH0574,EQT0195,NJH0196,TEW0693,HKA0686,KAG0689,AVH0566,ERH0815,HQB0118,NJM0173,CBR0121,GCM0813,KVW0814,MRE0567,TWW0811,AMR0197,CGW0692,CJM0273,FAP0199,WKC0573,AJQ0809,61
6 - AssemblyDept,Zelda Idona Ross,WDS2197,CAG2236,CSP2186,CXB2183,CTP2225,RFJ2193,TCH2233,MLW2240,DCF2185,RJG2239,FJC2198,EBS2201,QLW2245,CKH2230,MEV2182,MCM2189,IQR2187,TWM2199,FCM2190,MHH2192,AOD2178,NKM2195,KMR2232,AFP2247,JAM2248,MSR2202,AAD2188,ZIR1732,JMB2246,AUG2242,ODW2194,RMC2177,SAP2173,BHK2196,NBL2243,NVL2180,SWG2200,CAR2244,QBR2250,HAM2252,VKT2228,KSO2224,KTD2249,CBR2229,DOC1734,JDC2176,HCS2231,IMS2191,LSM2234,SZC2235,WRJ2184,DTA2223,BOJ2179,WUH2238,MEB2241,SGP2174,GNC2237,RSE2181,RRM2175,SFM2226,BLD2227,61
6 - ElectronicSecurity,Hedda Indira Savage,STR1769,DNS1758,DMC1766,ZJS1776,CCL1770,CAC1777,GAH1760,KAC1774,PLJ1771,WSA1765,KMB1761,TWK1773,MAB1775,YKW1763,HBB1759,KSM1772,ZAP1762,JGN1767,DNS1768,HIS1706,LEB1764,21
6 - EmbeddedSoftware,Leah Kerry Stephenson,CLR1239,BRH1107,PCT1234,LBR1387,MBS1375,EHV1237,SGC1001,HAR1101,SAS1098,DJB1236,MKC1094,LCC1108,MBW1099,OJB1095,MOW1104,LTW1378,CAR0992,AJB1380,SMN1103,ERD1235,GFB1385,RDF1248,RCG1241,QBL1386,KJR1377,LLJ1243,PMG1376,CJT1106,AGE1244,DSJ1384,GST1100,LLG1238,MBL1247,KMB1379,AJW1246,ADB1105,YFT1382,JCM1388,JCC1381,JDV1245,VAB1102,WAR1374,LKS1010,HCB1383,QRR1242,45
6 - Lab,Latifah Germane Schwartz,TEF3555,SIS3576,CNH3475,BNH3516,SXO3514,CJM3543,EAH3550,JHC3520,AYP3586,ZCE3578,DBF3582,RMP3510,OMB3507,ALD3508,BBH3587,LGS3477,OCD3513,IEG3509,YKM3542,WJR3544,KAW3589,ARS3506,SBK3515,KTW3547,IAC3581,ARG3554,DTW3549,AJH3517,AVH3584,BLL3585,BSS3551,APS3553,CHH3583,SHB3512,MDM3580,SHT3548,BKC3473,QBH3579,JGM3588,NCS3577,BRW3552,TJB3511,AGL3519,SRH3590,GDH3546,45
6 - Medical,Cathleen Illana Stanton,RLK3490,CWH3487,JGR3488,CIS3471,CCH3489,5
6 - RegionalFieldService,Patience Montana Horton,MYB3817,NDH3827,BXG3763,SWR3808,MJH3822,JXP3801,LLB3769,EKB3828,EMK3809,EKN3760,CWT3747,SJM3805,CDS3824,CLS3806,RSM3742,JDH3762,PMH3484,GBB3816,SKB3752,DGQ3744,FPV3755,JLG3764,UMH3826,NHG3810,MVA3761,GSA3815,CKC3767,FDF3743,KWC3812,DTU3804,GCT3750,PFC3807,CMM3753,KOW3756,MVW3821,CSW3811,NAH3759,LYS3814,LAS3757,KJC3748,USC3486,HEB3754,SAT3766,CAC3741,XAB3746,CTG3770,ACG3819,KOP3802,KVB3830,URC3818,LRU3765,CKB3745,BGN3820,MHG3749,GAB3758,APB3823,TBM3829,PEB3768,JAW3813,HDH3751,MIA3825,RKH3803,62
6 - RegionalSales,Martina Nina Cain,WEC3721,BBC3733,RCH3740,CET3786,BYF3784,ABM3772,GWW3788,ASM3771,GTH3729,HMS3795,OKH3777,AAG3799,DPC3722,NBR3731,DSR3787,NCS3715,SJF3798,KPN3783,HAP3738,ABM3776,PGS3797,CBJ3719,PDJ3711,AFK3800,RRM3789,ROR3483,EKS3724,DAS3775,KTL3785,OHG3736,SAM3782,DBG3727,AKC3739,BAC3730,LQC3780,KBM3734,FCM3792,SCH3716,GGM3737,SJY3732,NCM3725,CID3774,MRE3723,JDC3713,KMB3781,ROH3778,MNC3485,REL3735,CEB3714,KKS3790,RJH3796,FBM3728,GRM3793,TOS3712,NVH3726,CZB3718,JJM3791,QNC3717,BCM3794,BBH3779,KDT3773,61
6 - TestAndEvalualtion,Oprah Gail Webb,JRR0829,DRB0202,MMR0700,FSP0703,WLR0707,REM0580,IWW0699,JKW0200,MHR0581,SLS0834,KBC0578,RBB0585,YCL0824,PTG0587,MWB0710,AMS0712,GCB0201,DRD0097,DAR0709,EKB0825,VTB0576,KRH0589,KAC0579,AMO0582,CKH0705,OMM0835,ASS0280,CSB0827,PWM0708,KCR0577,AJH0279,KJH0588,RDB0702,OGW0251,JHM0583,VEW0278,GRP0277,MAH0590,PHB0124,AUA0826,LIC0203,DZW0126,ACB0701,ETB0828,MSB0830,ARV0704,ILS0713,RGR0706,REB0123,MJS0832,CDD0127,EJG0833,AWV0836,GCJ0831,SWS0823,HKH0204,IRO0822,DCW0174,MHS0125,59
7 - BuildingSecurity,Armand Myles Jimenez,GKK2422,DKD2409,LJE2413,MDG2418,MJP2421,TTP2417,HIA2415,DHS2419,SNV2423,ZTB2410,AMJ2374,WYC2416,DJP2420,WAJ2412,14
7 - Lab,Zelda Aretha Wallace,RBB3867,AJS3899,ERG3905,OQL3890,SJC3900,INJ3876,STR3896,PSH3834,AMM3906,EPM3878,IYM3865,WBS3870,HAH3895,EZB3892,SSM3894,MCR3885,WEB3897,EAL3873,EPC3889,KPS3882,ZAW3833,MJB3866,YDM3898,HWC3907,MBS3902,LCW3879,EMR3880,KLP3864,GDM3835,CCW3901,CTP3877,JJS3884,BBV3875,NMP3872,ZHT3869,DNM3903,QJA3887,WMM3904,DBC3871,JCP3883,ZMB3863,FDD3893,GLR3888,GNW3891,HJG3868,XJM3874,MEA3886,IJC3881,48
7 - MechanicalEngineering,Ariana Zenia Avery,DTW1276,SMG1268,GMI1134,PSD1409,MEW1406,GBH1126,JCH1410,MDP1412,BMA1411,JJJ1267,AIT1264,JGW1274,MAC1404,BCH1138,WSH1130,HLD1270,SHP1418,WLL1133,XKW1135,DJS1271,JPH1129,BJA1137,MHS1125,CNB1131,JHF1278,MSH1269,CIG1277,DJS1127,LAC0994,ELW1413,CSE1265,AHG1408,ATB1273,DOW1266,SGP1124,RRT1417,AZA1012,ATM1003,LAW1407,TAD1414,ACH1405,CLC1272,LKS1416,ASF1136,FCS1128,AJN1275,CGC1132,SJS1415,48
7 - Medical,Lev Myles Harrington,JLM3847,NBF3844,DBB3846,LMH3831,MSP3845,5
7 - RegionalFieldService,Shaine Dorothy Woodard,TSH3841,KNC3843,2
7 - RegionalSales,Nathaniel Paul Klein,COW3840,CRL3842,2
7 - Stockroom,Britanney Ursa Shepard,JBO2839,TGW2782,SGV2780,ITK2781,FCS2824,RML2789,DLM2826,AYD2775,FKD2779,UME2842,YHH2785,KDM2836,WAH2778,STK2397,WFH2830,AID2774,UAS2829,OAP2825,DAM2837,XPW2833,CLM2776,RHR2835,BUS2399,EPH2834,KNS2828,CDS2792,BIT2790,MSB2786,YJP2791,IHH2831,NAK2784,ADW2832,RCW2838,SDC2793,KTL2843,HMM2841,WHW2777,JEH2787,JIR2827,JFO2840,AJO2788,41
7 - WebSoftware,Farrah Molly Caldwell,SLM1119,HMA1258,ORJ1401,ZKR1397,VWV1249,ZHB1392,HLD1109,LRV1120,APB1122,INH1250,TBW1393,VBA1395,LGM1260,SRM1112,FMC1002,XCB1390,AEG1121,EJB1263,SNM1257,GRP1402,MJS1251,XAR1011,NOD1261,MNS1394,SWG1391,ASD0993,NGH1256,PJC1252,JKD1115,JJA1399,HUC1396,TCG1262,BAH1259,LCK1403,GRY1398,KBG1117,KPB1123,BFD1111,ALB1254,JJH1389,SMS1114,SCP1116,MMA1255,VLF1113,BNF1110,VKA1118,KCO1253,47
8 - AssemblyDept,Kuame Alvin Henry,MLS2856,LMD2804,CWK2870,KGR2815,KAH2398,UIM2818,OCH2853,NHK2846,TTD2873,XAL2816,JMC2806,CST2863,JJM2845,TBK2860,ETG2821,WSM2798,MPS2849,TJP2817,EJH2799,CTJ2794,DSM2400,NGS2820,ARC2809,LMS2868,LMH2801,CBM2858,GNG2812,TDM2859,DNM2823,SCB2814,BGH2861,BSM2844,CKH2797,NSM2805,AMA2808,HDG2848,WBL2852,EYD2871,MCB2802,LIG2813,GKB2807,JEH2847,QMV2796,SOM2865,CSM2819,PAS2864,MSR2850,NBW2810,KEW2795,WEV2867,NCR2854,WRM2803,FAR2869,IRT2811,YNW2855,NNM2862,GJM2800,NTH2822,LWB2851,OWL2872,60
8 - DesktopSoftware,Dora Tallulah Tran,LOP1708,MDD1920,JHP1799,NHM1805,LAF1796,MML2045,SMG1794,NYC2048,KHW2052,VJB1928,RCF2057,CJS1932,MDH1924,AKC1929,AAP1919,DBR1798,LTH1795,RKH1801,CPR1800,MBA1797,GYM1926,OSC1925,ALN2046,ASW1918,LRM1922,ACS1921,MMW1927,STJ2043,PLH1807,CCH1724,AVV2056,SSA1793,NHR2050,DTT1716,HRF2044,CSL2055,JCM1803,AEP1930,BHC2049,PSS2051,SML1923,PIG2047,ZAN1931,OMB2053,44
8 - ElectricalEngineering,Megan Kalia Dawson,HVS1143,EFC1153,SCH1013,GKB1150,THW1425,SCB1280,KNK1428,EAM1432,CJC1433,TLC1147,ELR1140,HDN1139,KSP1288,JKK1422,DSM1286,PKR1145,DSD1293,MKD1004,VNH1282,GJD1141,DLR1423,CIH0995,DMB1429,KJC1419,JBS1291,EDV1427,BEW1426,JCR1148,RAF1290,SHG1281,CLA1285,KAB1420,AED1421,CBG1142,ARP1144,ADG1430,SKM1287,KNA1279,RJB1424,ESH1283,MHS1146,RJB1151,DBC1152,KDH1284,CWF1289,DCC1431,GJT1292,47
8 - ElectronicSecurity,Madison Charissa Malone,NFP2441,LRK2426,BPD2437,GCP2425,JPS2432,CBW2427,KAP2430,RMO2439,PRH2431,DLM2440,RCB2424,CAG2442,ADS2428,RSV2438,MCM2375,YKM2435,KCC2434,SHM2429,RIS2436,DXM2433,20
9 - BuildingSecurity,Uriah Cain Weiss,SBW3023,AAD3030,CWH3033,CAS3022,ANL3024,ARC3034,SJD3032,AJS3021,UCW2995,TKS3035,LAH3026,SSF3031,NCA3027,QIT3029,14
9 - MaterialsEngineering,Sloane Jael Small,RJW1440,PPP1295,MTM1434,JRM1303,HAC1300,DTG1294,HJR1160,NCO1443,LTW1441,SJS1014,KOR1163,DMC1438,JPF1296,MMR1435,RUB1156,DAE1437,BZH1158,BWW1159,FCY1157,SWK1436,AEW1442,NJP1439,XFF1302,UYW1162,KNM1154,MNM1161,BKM1155,AGL1301,CHB0996,LAB1297,CHF1005,DMG1298,32
9 - Stockroom,September Hanae Ward,BRG3267,RLP3268,FCK3307,ESS3318,IMM3253,ZNB3313,WKS3265,CCG3254,MBR3261,DAB3255,CJM3315,CBD3251,DRF3306,FKR3316,IWW3319,SAD3259,MSM3264,DIP3310,ACA3252,AGB3303,BRD3314,SWO3258,MTW3317,SKE3262,CSV3305,MCS3301,LDB3304,AAC3270,SHW3011,QGS3009,BKR3302,DBG3320,REF3266,GWM3260,IWB3257,RWH3312,DND3309,KTR3308,SKP3263,MSF3311,ZDC3269,41
9 - WebSoftware,Amery Rahim Chaney,JIG1936,XKR2059,AGF1810,DDG1822,BKS2069,LKC1944,TJE1945,KAH1820,IPB1935,WAA1816,CXM1821,KZK2058,LGS1812,SMW2062,GCK2071,KBG2061,JJH1818,KSS2068,RCS2064,PHO1937,PRH1717,JHC1809,HSA2065,FDM1933,VIB2070,TIJ1817,ARC1725,DAL1943,DMJ1815,IIM1947,IKM1808,KJS1940,BRC1811,SAR2066,FCY1819,NSC1939,DFC2060,PSG1938,FHM2067,ACV1946,BHE1709,CBM1814,SGK1941,BCB2072,DMM2063,AAP1942,46
