MMK1532,1,1,1,1,1,1,1,1,1,1,1,1,1,1,1,1,1,1,
NTB0710,1,1,1,1,1,1,1,1,1,1,1,1,1,1,1,1,1,1,
MTD0971,1,1,1,1,1,1,1,1,1,1,0,0,0,0,0,0,0,0,
NHB1529,1,1,1,1,1,1,1,1,1,1,1,1,1,1,1,1,1,1,
HBW0057,1,1,1,1,1,1,1,1,1,1,1,1,1,1,1,1,1,0,
PLM1716,1,1,1,1,1,1,1,1,1,1,1,1,1,1,1,1,1,1,
UKG0386,1,1,1,1,1,1,1,1,1,1,1,1,1,1,1,1,1,1,
GLC1055,1,1,1,1,1,1,1,1,1,1,1,1,1,1,1,1,1,1,
UCD0608,1,1,1,1,1,1,1,1,1,1,1,1,1,1,1,1,1,1,
CBN1983,1,1,1,1,1,1,1,1,1,1,1,1,1,1,1,1,1,1,
WFV0687,1,1,1,1,1,1,1,1,1,1,0,0,0,0,0,0,0,0,
ECD1434,1,1,1,1,1,1,1,1,1,1,1,1,1,1,1,1,1,1,
PCK0271,1,1,1,1,1,1,1,1,1,1,1,1,0,0,0,0,0,0,
WTC0699,1,1,1,1,1,1,1,1,1,1,1,1,1,1,1,1,1,1,
TRB1093,1,1,1,1,1,1,1,1,1,1,1,1,1,1,1,1,1,1,
ASB0658,1,1,1,1,1,1,1,1,1,1,1,1,1,1,1,1,1,1,
DAC1641,1,1,1,1,1,1,1,1,1,1,1,1,1,1,1,1,1,1,
SNC1721,1,1,1,1,1,1,1,1,1,1,1,1,1,1,1,1,1,1,
DNW0899,1,1,1,1,1,1,1,1,1,1,1,1,1,1,1,1,1,1,
NRO1752,1,1,1,1,1,1,1,1,1,1,1,1,1,1,1,1,1,1,
TMT1509,1,1,1,1,1,1,1,1,1,1,1,1,1,1,1,1,1,1,
SNC0218,1,1,1,1,1,1,1,1,1,1,1,1,1,1,1,1,1,1,
MAS0783,1,1,1,1,1,1,1,1,1,1,1,1,1,1,1,1,1,1,
ACB1485,1,1,1,1,1,1,1,1,1,1,1,1,1,1,1,1,1,1,
SJC0232,1,1,1,1,1,1,1,1,1,1,1,1,1,1,1,1,1,1,
SKB1024,1,1,1,1,1,1,1,1,1,1,1,1,1,1,1,1,1,1,
JSB0803,1,1,1,1,1,1,1,1,1,1,1,1,1,1,1,1,1,1,
NBP0252,1,1,1,1,1,1,1,1,1,1,1,1,1,1,1,1,1,1,
CAH0595,1,1,1,1,1,1,1,1,1,1,1,1,1,1,1,1,1,1,
ACJ1797,1,1,1,1,1,1,1,1,1,1,1,1,1,1,1,1,1,1,
CKR1446,1,1,1,1,1,1,1,1,1,1,1,1,1,1,1,1,1,1,
RJW1406,1,1,1,1,1,1,1,1,1,1,1,1,1,1,1,1,1,1,
EBQ1246,1,1,1,1,1,1,1,1,1,1,1,1,1,1,1,1,1,1,
BCC1597,1,1,1,1,1,1,1,1,1,1,1,1,1,1,1,1,1,1,
JMK1531,1,1,1,1,1,1,1,1,1,1,1,1,1,1,1,1,1,1,
AGB0901,1,1,1,1,1,1,1,1,1,1,1,1,1,1,1,1,1,1,
HSG1585,1,1,1,1,1,1,1,1,1,1,1,1,1,1,1,1,1,1,
SFS1109,1,1,1,1,1,1,1,1,1,1,1,1,1,1,1,1,1,1,
TLW1050,1,1,1,1,1,1,1,1,1,1,1,1,1,1,1,1,1,1,
LTS1378,1,1,1,1,1,1,1,1,1,1,1,1,1,1,1,1,1,1,
HDW0743,1,1,1,1,1,1,1,1,1,1,1,1,1,1,1,1,1,1,
ZWS0755,1,1,1,1,1,1,1,1,1,1,1,1,1,1,1,1,1,1,
DWR1387,1,1,1,1,1,1,1,1,1,1,1,1,1,1,1,1,1,1,
GDC0055,1,1,1,1,1,1,1,1,1,1,1,1,1,1,1,1,1,1,
MAC1175,1,1,1,1,1,1,1,1,1,1,1,1,1,1,1,1,1,1,
MCW0505,1,1,1,1,1,1,1,1,1,1,1,1,1,1,1,1,1,1,
OAJ0244,1,1,1,1,1,1,1,1,1,1,1,1,1,1,1,1,1,1,
BCB1715,1,1,1,1,1,1,1,1,1,1,1,1,1,1,1,1,1,1,
GTC0614,1,1,1,1,1,1,1,1,1,1,1,1,1,1,1,1,1,1,
BTG1551,1,1,1,1,1,1,1,1,1,1,1,1,1,1,1,1,1,1,
UTM0493,1,1,1,1,1,1,1,1,1,1,1,1,1,1,1,1,1,1,
HTR0239,1,1,1,1,1,1,1,1,1,1,1,1,1,1,1,1,1,1,
WBK1077,1,1,1,1,1,1,1,1,1,1,1,1,1,1,1,1,1,1,
KGL0178,1,1,1,1,1,1,1,1,1,1,1,1,1,1,1,1,1,1,
EBG1553,1,1,1,1,1,1,1,1,1,1,1,1,1,1,1,1,1,1,
TCC0771,1,1,1,1,1,1,1,1,1,1,1,1,1,1,1,1,1,1,
KPM1002,1,1,1,1,1,1,1,1,1,1,1,1,1,1,1,1,1,1,
PAG0429,1,1,1,1,1,1,1,1,1,1,1,1,1,1,1,1,1,1,
RKC0355,1,1,1,1,1,1,1,1,1,1,1,1,1,1,1,1,1,1,
TBM1476,1,1,1,1,1,1,1,1,1,1,1,1,1,1,1,1,1,1,
KMC1934,1,1,1,1,1,1,1,1,1,1,1,1,1,1,1,1,1,1,
JDS0177,1,1,1,1,1,1,1,1,1,1,1,1,1,1,1,1,1,1,
LIJ1581,1,1,1,1,1,1,1,1,1,1,1,1,1,1,1,1,1,1,
TCA1183,1,1,1,1,1,1,1,1,1,1,1,1,1,1,1,1,1,1,
SJP1023,1,1,1,1,1,1,1,1,1,1,1,1,1,1,1,1,1,1,
KEO0202,1,1,1,1,1,1,1,1,1,1,1,1,1,1,1,1,1,1,
OHS0036,1,1,1,1,1,1,1,1,1,1,1,1,1,1,1,1,1,1,
RKF0080,1,1,1,1,1,1,1,1,1,1,1,1,1,1,1,1,1,1,
UMH1547,1,1,1,1,1,1,1,1,1,1,1,1,1,1,1,1,1,1,
BCL1423,1,1,1,1,1,1,1,1,1,1,1,1,1,1,1,1,1,1,
DCD0715,1,1,1,1,1,1,1,1,1,1,1,1,1,1,1,1,1,1,
KBG1201,1,1,1,1,1,1,1,1,1,1,1,1,1,1,1,1,1,1,
GAF1862,1,1,1,1,1,1,1,1,1,1,1,1,1,1,1,1,1,1,
CRR1966,1,1,1,1,1,1,1,1,1,1,1,1,1,1,1,1,1,1,
CTM1817,1,1,1,1,1,1,1,1,1,1,1,1,1,1,1,1,1,1,
DNT1801,1,1,1,1,1,1,1,1,1,1,1,1,1,1,1,1,1,1,
DTC0840,1,1,1,1,1,1,1,1,1,1,1,1,1,1,1,1,1,1,
VCM0992,1,1,1,1,1,1,1,1,1,1,1,1,1,1,1,1,1,1,
KJW1664,1,1,1,1,1,1,1,1,1,1,1,1,1,1,1,1,1,1,
BOS1170,1,1,1,1,1,1,1,1,1,1,1,1,1,1,1,1,1,1,
CAB1886,1,1,1,1,1,1,1,1,1,1,1,1,1,1,1,1,1,1,
DHP0732,1,1,1,1,1,1,1,1,1,1,1,1,1,1,1,1,1,1,
JDG0255,1,1,1,1,1,1,1,1,1,1,1,1,1,1,1,1,1,1,
RFC1991,1,1,1,1,1,1,1,1,1,1,1,1,1,1,1,1,1,1,
DZH1867,1,1,1,1,1,1,1,1,1,1,1,1,1,1,1,1,1,1,
MTP1582,1,1,1,1,1,1,1,1,1,1,1,1,1,1,1,1,1,0,
LRW1357,1,1,1,1,1,1,1,1,1,1,1,1,1,1,1,1,1,1,
CLG0516,1,1,1,1,1,1,1,1,1,1,1,1,1,1,1,1,1,1,
HMW0602,1,1,1,1,1,1,1,1,1,1,1,1,1,1,1,1,1,1,
QGC0435,1,1,1,1,1,1,1,1,1,1,1,1,1,1,1,1,1,1,
JDR0004,1,1,1,1,1,1,1,1,1,1,1,1,1,1,1,1,1,1,
XBK0246,1,1,1,1,1,1,1,1,1,1,1,1,1,1,1,1,0,0,
HMM1058,1,1,1,1,1,1,1,1,1,1,1,1,1,1,1,1,1,1,
LNS0317,1,1,1,1,1,1,1,1,1,1,1,1,1,1,1,1,1,1,
KDL1901,1,1,1,1,1,1,1,1,1,1,1,1,1,1,1,1,1,1,
LKL1895,1,1,1,1,1,1,1,1,1,1,1,1,1,1,1,1,1,1,
BGR0917,1,1,1,1,1,1,1,1,1,1,1,1,1,1,1,1,1,1,
MSS0799,1,1,1,1,1,1,1,1,1,1,1,1,1,1,1,1,1,1,
PHY0730,1,1,1,1,1,1,1,1,1,1,1,1,1,1,1,1,1,1,
MME1034,1,1,1,1,1,1,1,1,1,1,1,1,1,1,1,1,1,1,
NRR1835,1,1,1,1,1,1,1,1,1,1,1,1,1,1,1,1,1,1,
PCB0567,1,1,1,1,1,1,1,1,1,1,1,1,1,1,1,1,1,1,
AKP0503,1,1,1,1,1,1,1,1,1,1,1,1,1,1,1,1,1,1,
MHP1377,1,1,1,1,1,1,1,1,1,1,1,1,1,1,1,1,1,1,
IYH1611,1,1,1,1,1,1,1,1,1,1,1,1,1,1,1,1,1,1,
DSH1074,1,1,1,1,1,1,1,1,1,1,1,1,1,1,1,1,1,1,
LHD1233,1,1,1,1,1,1,1,1,1,1,1,1,1,1,1,1,1,1,
CAG1416,1,1,1,1,1,1,1,1,1,1,1,1,1,1,1,1,1,1,
HRR0079,1,1,1,1,1,1,1,1,1,1,1,1,1,1,1,1,1,1,
ZOC0154,1,1,1,1,1,1,1,1,1,1,1,1,1,1,1,1,1,1,
ACM1770,1,1,1,1,1,1,1,1,1,1,1,1,1,1,1,1,1,1,
PRL0965,1,1,1,1,1,1,1,1,1,1,1,1,1,1,1,1,1,1,
RAS0197,1,1,1,1,1,1,1,1,1,1,1,1,1,1,1,1,1,1,
NKN1405,1,1,1,1,1,1,1,1,1,1,1,1,1,1,1,1,1,1,
KCL0099,1,1,1,1,1,1,1,1,1,1,1,1,1,1,1,1,1,1,
JGB1393,1,1,1,1,1,1,1,1,1,1,1,1,1,1,1,1,1,1,
MKR1094,1,1,1,1,1,1,1,1,1,1,1,1,1,1,1,1,1,1,
ACB1087,1,1,1,1,1,1,1,1,1,1,1,1,1,1,1,1,1,1,
CBH1635,1,1,1,1,1,1,1,1,1,1,1,1,1,1,1,1,1,1,
ARG1264,1,1,1,1,1,1,1,1,1,1,1,1,1,1,1,1,1,1,
FAD1863,1,1,1,1,1,1,1,1,1,1,1,1,1,1,1,1,1,1,
LHA0303,1,1,1,1,1,1,1,1,1,1,1,1,1,1,1,1,1,1,
JJH0862,1,1,1,1,1,1,1,1,1,1,1,1,1,1,1,1,1,1,
CCP1460,1,1,1,1,1,1,1,1,1,1,1,1,1,1,1,1,1,1,
NCU1166,1,1,1,1,1,1,1,1,1,1,1,1,1,1,1,1,1,1,
AWW1749,1,1,1,1,1,1,1,1,1,1,1,1,1,1,1,1,1,1,
HMI1448,1,1,1,1,1,1,1,1,1,1,1,1,1,1,1,1,1,1,
SCC0379,1,1,1,1,1,1,1,1,1,1,1,1,1,1,1,1,1,1,
NIM1282,1,1,1,1,1,1,1,1,1,1,1,1,1,1,1,1,1,1,
KBR0575,1,1,1,1,1,1,1,1,1,1,1,1,1,1,1,1,1,1,
MEB1743,1,1,1,1,1,1,1,1,1,1,1,1,1,1,1,1,1,1,
GUT1619,1,1,1,1,1,1,1,1,1,1,1,1,1,1,1,1,1,1,
MUP1819,1,1,1,1,1,1,1,1,1,1,1,1,1,1,1,1,1,1,
WOG0797,1,1,1,1,1,1,1,1,1,1,1,1,1,1,1,1,1,1,
DCC1119,1,1,1,1,1,1,1,1,1,1,1,1,1,0,0,0,0,0,
UGB0031,1,1,1,1,1,1,1,1,1,1,1,1,1,1,1,1,1,1,
DHP1989,1,1,1,1,1,1,1,1,1,1,1,1,1,1,1,1,1,1,
SFG1360,1,1,1,1,1,1,1,1,1,1,1,1,1,1,1,1,1,1,
IKB0691,1,1,1,1,1,1,1,1,1,1,1,1,1,1,1,1,1,1,
CBC1607,1,1,1,1,1,1,1,1,1,1,1,1,1,1,1,1,1,1,
KWM0365,1,1,1,1,1,1,1,1,1,1,1,1,1,1,1,1,1,1,
DHR1157,1,1,1,1,1,1,1,1,1,1,1,1,0,0,0,0,0,0,
GKG1693,1,1,1,1,1,1,1,1,1,1,1,1,1,1,1,1,1,1,
HVM1288,1,1,1,1,1,1,1,1,1,1,1,1,1,1,1,1,1,1,
AKS0586,1,1,1,1,1,1,1,1,1,1,1,1,1,1,1,1,1,1,
YHO0982,1,1,1,1,1,1,1,1,1,1,1,1,1,1,1,1,1,1,
CTT0639,1,1,1,1,1,1,1,1,1,1,1,0,0,0,0,0,0,0,
CBK0185,1,1,1,1,1,1,1,1,1,1,1,1,1,1,1,1,1,1,
KMH0529,1,1,1,1,1,1,1,1,1,1,1,1,1,1,1,1,1,1,
DLH0679,1,1,1,1,1,1,1,1,1,1,1,1,1,1,1,1,1,1,
CAP0471,1,1,1,1,1,1,1,1,1,1,1,1,1,1,1,1,1,1,
ANM0830,1,1,1,1,1,1,1,1,1,1,1,1,1,1,1,1,1,1,
ZOF1559,1,1,1,1,1,1,1,1,1,1,1,1,1,1,1,1,1,1,
JIP1220,1,1,1,1,1,1,1,1,1,1,1,1,1,1,1,1,1,1,
KJN0240,1,1,1,1,1,1,1,1,1,1,1,1,1,1,1,1,1,1,
UBG1493,1,1,1,1,1,1,1,1,1,1,1,1,1,1,1,1,1,1,
NAB1673,1,1,1,1,1,1,1,1,1,1,1,1,1,1,1,1,1,1,
CNM1208,1,1,1,1,1,1,1,1,1,1,1,1,1,1,1,1,1,1,
ACH1831,1,1,1,1,1,1,1,1,1,1,1,1,1,1,1,1,1,1,
RCH1216,1,1,1,1,1,1,1,1,1,1,1,1,1,1,1,1,1,1,
AAW0952,1,1,1,1,1,1,1,1,1,1,1,1,1,1,1,1,1,1,
MDB0351,1,1,1,1,1,1,1,1,1,1,1,1,1,1,1,1,1,1,
EHM0340,1,1,1,1,1,1,1,1,1,1,1,1,1,1,1,1,1,1,
DPC1618,1,1,1,1,1,1,1,1,1,1,1,1,1,1,1,1,1,1,
ACD1174,1,1,1,1,1,1,1,1,1,1,1,1,1,1,1,1,1,1,
ITA0159,1,1,1,1,1,1,1,1,1,1,1,1,1,1,0,0,0,0,
WAS1823,1,1,1,1,1,1,1,1,1,1,1,1,1,1,1,1,1,1,
HST0084,1,1,1,1,1,1,1,1,1,1,1,1,1,1,1,1,1,1,
AOP1202,1,1,1,1,1,1,1,1,1,1,1,1,1,1,1,1,1,1,
RWP1153,1,1,1,1,1,1,1,1,1,1,1,1,1,1,1,1,1,1,
TCL0855,1,1,1,1,1,1,1,1,1,1,1,1,1,1,1,1,1,1,
ONB1833,1,1,1,1,1,1,1,1,1,1,1,1,1,1,1,1,1,1,
IRP1440,1,1,1,1,1,1,1,1,1,1,1,1,1,1,1,1,1,1,
CBW1826,1,1,1,1,1,1,1,1,1,1,1,1,1,1,1,1,1,1,
ACC0950,1,1,1,1,1,1,1,1,1,1,1,1,1,1,1,1,1,1,
ZAD1345,1,1,1,1,1,1,1,1,1,1,1,1,1,1,1,1,1,1,
WCO0020,1,1,1,1,1,1,1,1,1,1,1,1,1,1,1,1,1,1,
ILM1441,1,1,1,1,1,1,1,1,1,1,1,1,1,1,1,1,1,1,
JIT0356,1,1,1,1,1,1,1,1,1,1,1,1,1,1,1,1,1,1,
MMB1967,1,1,1,1,1,1,1,1,1,1,1,1,1,1,1,1,1,1,
FAR0102,1,1,1,1,1,1,1,1,1,1,1,1,1,1,1,1,1,1,
WCB0806,1,1,1,1,1,1,1,1,1,1,1,1,1,1,1,1,1,1,
CNH1896,1,1,1,1,1,1,1,1,1,1,1,1,1,1,1,1,1,1,
INC0091,1,1,1,1,1,1,1,1,1,1,1,1,1,1,1,1,1,1,
CKL0652,1,1,1,1,1,1,1,1,1,1,1,1,1,1,0,0,0,0,
NCM1243,1,1,1,1,1,1,1,1,1,1,1,1,1,1,1,1,1,1,
SPH1244,1,1,1,1,1,1,1,1,1,1,1,1,1,1,1,1,1,1,
EAH1973,1,1,1,1,1,1,1,1,1,1,1,1,1,1,1,1,1,1,
EUN1870,1,1,1,1,1,1,1,1,1,1,1,1,1,1,1,1,1,1,
MMC1008,1,1,1,1,1,1,1,1,1,1,1,1,1,1,1,1,1,1,
QNB1329,1,1,1,1,1,1,1,1,1,1,1,1,1,1,1,1,1,1,
JLC0742,1,1,1,1,1,1,1,1,1,1,1,1,1,1,1,1,1,1,
EGM1222,1,1,1,1,1,1,1,1,1,1,1,1,1,1,1,0,0,0,
JBR1651,1,1,1,1,1,1,1,1,1,1,1,1,1,1,1,1,1,1,
TAJ0023,1,1,1,1,1,1,1,1,1,1,1,1,1,1,1,1,1,1,
IDB0843,1,1,1,1,1,1,1,1,1,1,1,1,1,1,1,1,1,1,
YIN0342,1,1,1,1,1,1,1,1,1,1,1,1,1,1,1,1,1,1,
WZB0733,1,1,1,1,1,1,1,1,1,1,1,1,1,1,1,1,1,1,
WMS1274,1,1,1,1,1,1,1,1,1,1,1,1,1,1,1,1,1,1,
CEG1467,1,1,1,1,1,1,1,1,1,1,1,1,1,1,1,1,1,1,
SLF1195,1,1,1,1,1,1,1,1,1,1,1,1,1,1,1,1,1,1,
BDM1204,1,1,1,1,1,1,1,1,1,1,1,1,1,1,1,1,1,1,
RMT0496,1,1,1,1,1,1,1,1,1,1,1,1,1,1,1,1,1,1,
ZEH0685,1,1,1,1,1,1,1,1,1,1,1,1,1,1,1,1,0,0,
CLC1425,1,1,1,1,1,1,1,1,1,1,1,1,1,1,1,1,1,1,
MON0700,1,1,1,1,1,1,1,1,1,1,1,1,1,1,1,1,1,1,
FAH0134,1,1,1,1,1,1,1,1,1,1,1,1,1,1,1,1,1,1,
HUM0973,1,1,1,1,1,1,1,1,1,1,1,1,1,1,1,1,1,1,
AST0328,1,1,1,1,1,1,1,1,1,1,1,1,1,1,1,1,1,1,
LAD0226,1,1,1,1,1,1,1,1,1,1,1,1,1,1,1,1,1,1,
AAC1489,1,1,1,1,1,1,1,1,1,1,1,1,1,1,1,1,1,1,
AAR1793,1,1,1,1,1,1,1,1,1,1,1,1,1,1,1,1,1,1,
PJB0886,1,1,1,1,1,1,1,1,1,1,1,1,1,1,1,1,1,1,
EKR0073,1,1,1,1,1,1,1,1,1,1,1,1,1,1,1,1,1,1,
SCH0670,1,1,1,1,1,1,1,1,1,1,1,1,1,1,1,1,1,1,
DMJ0222,1,1,1,1,1,1,1,1,1,1,1,1,1,1,1,1,1,1,
TBF1107,1,1,1,1,1,1,1,1,1,1,1,1,1,1,1,1,1,1,
HPC1941,1,1,1,1,1,1,1,1,1,1,1,1,1,1,1,1,1,1,
GAT1343,1,1,1,1,1,1,1,1,1,1,1,1,1,1,1,1,1,1,
FCG0693,1,1,1,1,1,1,1,1,1,1,1,1,1,1,1,1,1,1,
EJW1544,1,1,1,1,1,1,1,1,1,1,1,1,1,1,1,1,1,1,
HND1098,1,1,1,1,1,1,1,1,1,1,1,1,1,1,1,1,1,1,
BNT1804,1,1,1,1,1,1,1,1,1,1,1,1,1,1,1,1,1,1,
NZL1395,1,1,1,1,1,1,1,1,1,1,1,1,1,1,1,1,1,1,
AIH0814,1,1,1,1,1,1,1,1,1,1,1,1,1,1,1,1,1,1,
KRC1348,1,1,1,1,1,1,1,1,1,1,1,1,1,0,0,0,0,0,
AAL1327,1,1,1,1,1,1,1,1,1,1,1,1,1,1,1,1,1,1,
MGS1944,1,1,1,1,1,1,1,1,1,1,1,1,1,1,1,1,1,1,
AFN0176,1,1,1,1,1,1,1,1,1,1,1,1,1,1,1,1,1,1,
CIM1232,1,1,1,1,1,1,1,1,1,1,1,1,1,1,1,1,1,1,
OTE0760,1,1,1,1,1,1,1,1,1,1,1,1,1,1,1,1,1,1,
ACH1840,1,1,1,1,1,1,1,1,1,1,1,1,1,1,1,1,1,1,
KGD0416,1,1,1,1,1,1,1,1,1,1,1,1,1,1,1,1,1,1,
CJL0143,1,1,1,1,1,1,1,1,1,1,1,1,1,1,1,1,1,1,
CEM1385,1,1,1,1,1,1,1,1,1,1,1,1,1,1,1,1,1,1,
LIB1125,1,1,1,1,1,1,1,1,1,1,1,1,1,1,1,1,1,1,
TRB1702,1,1,1,1,1,1,1,1,1,1,1,1,1,1,1,1,1,1,
WOM1587,1,1,1,1,1,1,1,1,1,1,1,1,1,1,1,1,1,1,
ERR0525,1,1,1,1,1,1,1,1,1,1,1,1,1,1,1,1,1,1,
DEB1767,1,1,1,1,1,1,1,1,1,1,1,1,1,1,1,1,1,1,
ACB0220,1,1,1,1,1,1,1,1,1,1,1,1,1,1,1,1,1,0,
LKB0734,1,1,1,1,1,1,1,1,1,1,1,1,1,1,1,1,1,1,
NBH0488,1,1,1,1,1,1,1,1,1,1,1,1,1,1,1,1,1,1,
JPK0945,1,1,1,1,1,1,1,1,1,1,1,1,1,1,1,1,1,1,
JRC0238,1,1,1,1,1,1,1,1,1,1,1,1,1,1,1,1,1,1,
TPO1049,1,1,1,1,1,1,1,1,1,1,1,1,0,0,0,0,0,0,
STW0237,1,1,1,1,1,1,1,1,1,1,1,1,1,1,1,1,1,1,
STH0353,1,1,1,1,1,1,1,1,1,1,0,0,0,0,0,0,0,0,
ORR0813,1,1,1,1,1,1,1,1,1,1,1,1,1,1,1,1,1,1,
BWM0175,1,1,1,1,1,1,1,1,1,1,1,1,1,1,1,1,1,1,
PGY1112,1,1,1,1,1,1,1,1,1,1,1,1,1,1,1,1,1,1,
HNJ1407,1,1,1,1,1,1,1,1,1,1,1,1,1,1,1,1,1,1,
TKP1186,1,1,1,1,1,1,1,1,1,1,1,1,1,1,1,1,1,1,
CDD1124,1,1,1,1,1,1,1,1,1,1,1,1,1,1,1,1,1,1,
LFB0452,1,1,1,1,1,1,1,1,1,1,1,1,1,1,1,1,1,1,
RZB0358,1,1,1,1,1,1,1,1,1,1,1,1,1,1,1,1,1,1,
FIM0605,1,1,1,1,1,1,1,1,1,1,1,1,1,1,1,1,0,0,
ACW0078,1,1,1,1,1,1,1,1,1,1,1,1,1,1,1,1,1,1,
BKL0545,1,1,1,1,1,1,1,1,1,1,1,1,1,1,1,1,1,1,
CEG1535,1,1,1,1,1,1,1,1,1,1,1,1,1,1,1,1,1,1,
VAH1292,1,1,1,1,1,1,1,1,1,1,1,1,1,1,1,1,1,0,
CWR0696,1,1,1,1,1,1,1,1,1,1,1,1,1,1,1,1,1,1,
AFW1639,1,1,1,1,1,1,1,1,1,1,1,1,1,1,1,1,1,1,
RGA1622,1,1,1,1,1,1,1,1,1,1,1,1,1,1,1,1,1,1,
MCS1414,1,1,1,1,1,1,1,1,1,1,1,1,1,1,1,1,1,1,
CHL0953,1,1,1,1,1,1,1,1,1,1,1,1,1,1,1,1,1,1,
WPL0086,1,1,1,1,1,1,1,1,1,1,1,1,1,1,1,1,1,1,
IRP1353,1,1,1,1,1,1,1,1,1,1,1,1,1,1,1,1,1,1,
CAF0109,1,1,1,1,1,1,1,1,1,1,1,1,1,1,1,1,1,1,
GNG1026,1,1,1,1,1,1,1,1,1,1,1,1,1,1,1,1,1,1,
CAB1160,1,1,1,1,1,1,1,1,1,1,1,1,1,1,1,1,1,1,
JEC1427,1,1,1,1,1,1,1,1,1,1,1,1,1,1,1,1,1,1,
MCT0695,1,1,1,1,1,1,1,1,1,1,1,1,1,1,1,1,1,1,
ALB1144,1,1,1,1,1,1,1,1,1,1,1,1,1,1,1,1,1,1,
WCR1830,1,1,1,1,1,1,1,1,1,1,1,1,1,1,1,1,1,1,
TDF0785,1,1,1,1,1,1,1,1,1,1,1,1,1,1,1,1,1,1,
MCV1046,1,1,1,1,1,1,1,1,1,1,1,1,1,1,1,1,1,1,
RYG0413,1,1,1,1,1,1,1,1,1,1,1,1,1,1,1,1,1,1,
ROA0482,1,1,1,1,1,1,1,1,1,1,1,1,1,1,1,1,1,1,
JTB0163,1,1,1,1,1,1,1,1,1,1,1,1,1,1,1,1,1,1,
GRK0623,1,1,1,1,1,1,1,1,1,1,1,1,1,1,1,1,1,1,
JTF0313,1,1,1,1,1,1,1,1,1,1,1,1,1,1,1,1,1,1,
NIV1608,1,1,1,1,1,1,1,1,1,1,1,1,1,1,1,0,0,0,
DQM0809,1,1,1,1,1,1,1,1,1,1,1,1,1,1,1,1,1,1,
REL1335,1,1,1,1,1,1,1,1,1,1,1,1,1,1,1,1,1,1,
JRB0759,1,1,1,1,1,1,1,1,1,1,1,1,1,1,1,1,0,0,
ZAC0499,1,1,1,1,1,1,1,1,1,1,1,1,1,1,1,1,1,1,
CKR1700,1,1,1,1,1,1,1,1,1,1,1,1,1,1,1,1,1,1,
PAM0867,1,1,1,1,1,1,1,1,1,1,1,1,1,1,1,1,1,1,
XAW0912,1,1,1,1,1,1,1,1,1,1,1,1,1,1,1,1,1,1,
BBH1945,1,1,1,1,1,1,1,1,1,1,1,1,1,1,1,1,1,1,
JEH0587,1,1,1,1,1,1,1,1,1,1,1,1,1,1,1,1,1,1,
NRH0510,1,1,1,1,1,1,1,1,1,1,1,1,1,1,1,1,1,1,
KVC1487,1,1,1,1,1,1,1,1,1,1,1,1,1,1,1,1,1,1,
HDC0844,1,1,1,1,1,1,1,1,1,1,1,1,1,1,1,1,1,1,
JRW1374,1,1,1,1,1,1,1,1,1,1,1,1,1,1,1,1,1,1,
WLP0123,1,1,1,1,1,1,1,1,1,1,1,1,1,1,1,1,1,1,
IEP0746,1,1,1,1,1,1,1,1,1,1,1,1,1,1,1,1,1,1,
KNM0100,1,1,1,1,1,1,1,1,1,1,1,1,1,1,1,1,1,1,
CBM1272,1,1,1,1,1,1,1,1,1,1,1,1,1,1,1,1,1,1,
ARD0790,1,1,1,1,1,1,1,1,1,1,1,1,1,1,1,1,1,1,
DDW0757,1,1,1,1,1,1,1,1,1,1,1,1,1,1,1,1,1,1,
MMR0390,1,1,1,1,1,1,1,1,1,1,1,1,1,1,1,1,1,1,
HJS0909,1,1,1,1,1,1,1,1,1,1,1,1,1,1,1,1,1,1,
MLW1038,1,1,1,1,1,1,1,1,1,1,1,1,1,1,1,1,1,1,
WLN0852,1,1,1,1,1,1,1,1,1,1,1,1,1,1,1,1,1,1,
CLS1331,1,1,1,1,1,1,1,1,1,1,1,1,1,1,1,1,1,1,
LCB1869,1,1,1,1,1,1,1,1,1,1,1,1,1,1,1,0,0,0,
TBP0548,1,1,1,1,1,1,1,1,1,1,1,1,1,1,1,1,1,1,
HRE1950,1,1,1,1,1,1,1,1,1,1,1,1,1,1,1,1,1,1,
BYS0199,1,1,1,1,1,1,1,1,1,1,1,1,1,1,1,1,1,1,
WIR1720,1,1,1,1,1,1,1,1,1,1,1,1,1,1,1,1,1,1,
CPD0474,1,1,1,1,1,1,1,1,1,1,1,1,1,1,1,1,1,1,
DEC1939,1,1,1,1,1,1,1,1,1,1,1,1,1,1,1,1,1,1,
GMB0400,1,1,1,1,1,1,1,1,1,1,1,1,1,1,1,1,1,1,
OLM1747,1,1,1,1,1,1,1,1,1,1,1,1,1,1,1,1,1,1,
XJP1627,1,1,1,1,1,1,1,1,1,1,1,1,1,1,1,1,1,1,
NMV0716,1,1,1,1,1,1,1,1,1,1,1,1,1,1,1,1,1,1,
VDB0481,1,1,1,1,1,1,1,1,1,1,1,1,1,1,1,1,1,1,
DOL0765,1,1,1,1,1,1,1,1,1,1,1,1,1,1,1,1,1,1,
ALC0604,1,1,1,1,1,1,1,1,1,1,1,1,1,1,1,1,1,1,
FDS1690,1,1,1,1,1,1,1,1,1,1,1,1,1,1,1,1,1,1,
JMV1450,1,1,1,1,1,1,1,1,1,1,1,1,1,1,1,1,1,1,
PAP1570,1,1,1,1,1,1,1,1,1,1,1,1,1,1,1,1,1,1,
HGG0535,1,1,1,1,1,1,1,1,1,1,1,1,1,1,1,1,1,1,
VMD0850,1,1,1,1,1,1,1,1,1,1,1,1,1,1,1,1,1,1,
BTD1059,1,1,1,1,1,1,1,1,1,1,1,1,1,1,1,1,1,1,
VCB1325,1,1,1,1,1,1,1,1,1,1,1,1,1,1,1,1,1,1,
BDM0442,1,1,1,1,1,1,1,1,1,1,1,1,1,1,1,1,1,1,
OFA1415,1,1,1,1,1,1,1,1,1,1,1,1,1,1,1,1,1,1,
LSC1951,1,1,1,1,1,1,1,1,1,1,1,1,1,1,1,1,1,1,
HBR1528,1,1,1,1,1,1,1,1,1,1,1,1,1,1,1,1,1,1,
SDT0600,1,1,1,1,1,1,1,1,1,1,1,1,1,1,1,1,1,1,
KBB1294,1,1,1,1,1,1,1,1,1,1,1,1,1,1,1,1,1,1,
JDB1163,1,1,1,1,1,1,1,1,1,1,1,1,1,0,0,0,0,0,
JWS0047,1,1,1,1,1,1,1,1,1,1,1,1,1,1,1,1,1,1,
GAF0250,1,1,1,1,1,1,1,1,1,1,1,1,1,1,1,1,1,1,
AEM0113,1,1,1,1,1,1,1,1,1,1,1,1,1,1,1,1,1,1,
NCB0657,1,1,1,1,1,1,1,1,1,1,1,1,1,1,1,1,1,1,
MUW0570,1,1,1,1,1,1,1,1,1,1,1,1,1,1,1,1,1,1,
KJH0804,1,1,1,1,1,1,1,1,1,1,1,1,1,1,1,1,1,1,
DJH0895,1,1,1,1,1,1,1,1,1,1,1,1,1,1,1,1,1,1,
AJH0191,1,1,1,1,1,1,1,1,1,1,1,1,1,1,1,1,1,1,
ILF0913,1,1,1,1,1,1,1,1,1,1,1,1,1,1,1,1,1,1,
HAE0105,1,1,1,1,1,1,1,1,1,1,1,1,1,1,1,1,1,1,
AEO1116,1,1,1,1,1,1,1,1,1,1,1,1,1,1,1,1,1,1,
JOR1039,1,1,1,1,1,1,1,1,1,1,1,1,1,1,1,1,1,1,
RUM0165,1,1,1,1,1,1,1,1,1,1,1,1,1,1,1,1,1,1,
RQB0884,1,1,1,1,1,1,1,1,1,1,1,1,1,1,1,1,1,1,
HRC0977,1,1,1,1,1,1,1,1,1,1,1,1,1,1,1,1,1,1,
FDS0523,1,1,1,1,1,1,1,1,1,1,1,1,1,1,1,1,1,1,
LTP0072,1,1,1,1,1,1,1,1,1,1,1,1,1,1,1,1,1,1,
SLS1969,1,1,1,1,1,1,1,1,1,1,1,1,1,1,1,1,1,1,
EZB0925,1,1,1,1,1,1,1,1,1,1,1,1,1,1,1,1,1,1,
SRR1521,1,1,1,1,1,1,1,1,1,1,1,1,1,1,1,1,1,1,
DAE1219,1,1,1,1,1,1,1,1,1,1,1,1,1,1,1,1,1,1,
GYP1321,1,1,1,1,1,1,1,1,1,1,1,1,1,1,1,1,1,1,
DBK0284,1,1,1,1,1,1,1,1,1,1,1,1,1,1,1,1,1,1,
APR1168,1,1,1,1,1,1,1,1,1,1,1,1,1,1,1,1,1,1,
SSS1129,1,1,1,1,1,1,1,1,1,1,1,1,1,1,1,1,1,1,
EGF1305,1,1,1,1,1,1,1,1,1,1,1,1,1,1,1,1,1,1,
RAH0052,1,1,1,1,1,1,1,1,1,1,1,1,1,1,1,1,1,1,
CSB0327,1,1,1,1,1,1,1,1,1,1,1,1,1,1,1,1,1,1,
NBB1935,1,1,1,1,1,1,1,1,1,1,1,1,1,1,1,1,1,1,
MRH0407,1,1,1,1,1,1,1,1,1,1,1,1,1,1,1,1,1,1,
DAC1548,1,1,1,1,1,1,1,1,1,1,1,1,1,1,1,1,1,1,
BAT1359,1,1,1,1,1,1,1,1,1,1,1,1,1,1,1,1,1,1,
HRT0984,1,1,1,1,1,1,1,1,1,1,1,1,1,1,1,1,1,1,
GGM1629,1,1,1,1,1,1,1,1,1,1,1,1,1,1,1,1,1,1,
OJP1860,1,1,1,1,1,1,1,1,1,1,1,1,1,1,1,1,1,1,
SMK1323,1,1,1,1,1,1,1,1,1,1,1,1,1,1,1,1,1,1,
CPD1525,1,1,1,1,1,1,1,1,1,1,1,1,1,1,1,1,1,1,
MDK1412,1,1,1,1,1,1,1,1,1,1,1,1,1,1,1,1,1,1,
CKM0939,1,1,1,1,1,1,1,1,1,1,1,1,1,1,1,1,1,1,
ICB1354,1,1,1,1,1,1,1,1,1,1,1,1,0,0,0,0,0,0,
AAC0904,1,1,1,1,1,1,1,1,1,1,1,1,1,1,1,1,1,1,
ANH1110,1,1,1,1,1,1,1,1,1,1,1,1,1,1,1,1,1,1,
FAM0211,1,1,1,1,1,1,1,1,1,1,1,1,1,1,1,1,1,1,
ILJ0929,1,1,1,1,1,1,1,1,1,1,1,1,1,1,1,1,1,1,
EAM1308,1,1,1,1,1,1,1,1,1,1,1,1,1,1,1,1,1,1,
AKS0662,1,1,1,1,1,1,1,1,1,1,1,1,1,1,1,1,1,1,
MCH0620,1,1,1,1,1,1,1,1,1,1,1,1,1,1,1,1,1,1,
CMC0816,1,1,1,1,1,1,1,1,1,1,1,1,1,1,1,1,1,1,
BRM1080,1,1,1,1,1,1,1,1,1,1,1,1,1,1,1,1,1,1,
AOH0883,1,1,1,1,1,1,1,1,1,1,1,1,1,1,1,1,1,1,
SMN0397,1,1,1,1,1,1,1,1,1,1,1,1,1,1,1,1,1,1,
CWC0006,1,1,1,1,1,1,1,1,1,1,1,1,1,1,1,1,1,1,
RAS1982,1,1,1,1,1,1,1,1,1,1,1,1,1,1,1,1,1,1,
JFC0075,1,1,1,1,1,1,1,1,1,1,1,1,1,1,1,1,1,1,
JMA0540,1,1,1,1,1,1,1,1,1,1,1,1,1,1,1,1,1,1,
DSC1741,1,1,1,1,1,1,1,1,1,1,1,1,1,1,1,1,1,1,
FKS0069,1,1,1,1,1,1,1,1,1,1,1,1,1,1,1,1,1,1,
MAM1293,1,1,1,1,1,1,1,1,1,1,1,1,1,1,1,1,1,1,
FWT1586,1,1,1,1,1,1,1,1,1,1,1,1,1,1,1,1,1,1,
KES1207,1,1,1,1,1,1,1,1,1,1,1,1,1,1,1,1,1,1,
HNP1152,1,1,1,1,1,1,1,1,1,1,1,1,1,1,1,1,1,1,
AMB0745,1,1,1,1,1,1,1,1,1,1,1,1,1,1,1,0,0,0,
JUP1472,1,1,1,1,1,1,1,1,1,1,1,1,1,1,1,0,0,0,
SWB1809,1,1,1,1,1,1,1,1,1,1,1,1,1,1,1,1,1,1,
EPJ0445,1,1,1,1,1,1,1,1,1,1,1,1,1,1,1,1,1,1,
DDM1065,1,1,1,1,1,1,1,1,1,1,1,1,1,1,1,1,1,1,
BCC1259,1,1,1,1,1,1,1,1,1,1,1,1,1,1,1,1,1,1,
KQM1769,1,1,1,1,1,1,1,1,1,1,1,1,1,1,1,1,1,1,
PFM1795,1,1,1,1,1,1,1,1,1,1,1,1,1,1,1,1,1,1,
RPJ1159,1,1,1,1,1,1,1,1,1,1,0,0,0,0,0,0,0,0,
RRS0056,1,1,1,1,1,1,1,1,1,1,1,1,0,0,0,0,0,0,
RRG1253,1,1,1,1,1,1,1,1,1,1,1,1,1,1,1,1,1,1,
PRH0706,1,1,1,1,1,1,1,1,1,1,1,1,1,1,1,1,1,1,
QKB1893,1,1,1,1,1,1,1,1,1,1,1,1,1,1,1,1,1,1,
DJJ1480,1,1,1,1,1,1,1,1,1,1,1,1,1,1,1,1,1,1,
ACH1011,1,1,1,1,1,1,1,1,1,1,1,1,1,1,1,1,1,1,
HMK0653,1,1,1,1,1,1,1,1,1,1,1,0,0,0,0,0,0,0,
HGG0166,1,1,1,1,1,1,1,1,1,1,1,1,1,1,1,1,1,1,
CIS1542,1,1,1,1,1,1,1,1,1,1,1,1,1,1,1,1,1,1,
SKE1251,1,1,1,1,1,1,1,1,1,1,1,1,1,1,1,1,1,1,
MCS0242,1,1,1,1,1,1,1,1,1,1,1,1,1,1,1,1,1,1,
KMN0028,1,1,1,1,1,1,1,1,1,1,1,1,1,1,1,1,1,1,
XJB1052,1,1,1,1,1,1,1,1,1,1,1,1,1,1,1,1,1,1,
MMO0531,1,1,1,1,1,1,1,1,1,1,1,1,1,1,1,1,1,1,
XDG1256,1,1,1,1,1,1,1,1,1,1,1,1,1,1,1,1,1,1,
KKS0087,1,1,1,1,1,1,1,1,1,1,1,1,1,1,1,1,1,1,
DCS0636,1,1,1,1,1,1,1,1,1,1,1,1,1,1,1,1,1,1,
NGB1625,1,1,1,1,1,1,1,1,1,1,1,1,1,1,1,1,1,1,
CLL0494,1,1,1,1,1,1,1,1,1,1,1,1,1,1,1,1,1,1,
DCV1185,1,1,1,1,1,1,1,1,1,1,1,1,1,1,1,1,1,0,
ARF0719,1,1,1,1,1,1,1,1,1,1,1,1,1,1,1,1,1,1,
ODB0034,1,1,1,1,1,1,1,1,1,1,1,1,1,1,1,1,1,1,
IRN1736,1,1,1,1,1,1,1,1,1,1,1,1,1,1,1,1,1,1,
BAG0315,1,1,1,1,1,1,1,1,1,1,1,1,1,1,1,1,1,1,
XKB0040,1,1,1,1,1,1,1,1,1,1,1,1,1,1,1,1,1,1,
JTS0903,1,1,1,1,1,1,1,1,1,1,1,1,1,1,1,1,1,1,
BJG1852,1,1,1,1,1,1,1,1,1,1,1,1,1,1,1,1,1,1,
KOL1923,1,1,1,1,1,1,1,1,1,1,1,1,1,1,1,1,1,1,
MRW0625,1,1,1,1,1,1,1,1,1,1,1,1,1,1,1,1,1,1,
AGH1971,1,1,1,1,1,1,1,1,1,1,1,1,1,1,1,1,1,1,
CHP1711,1,1,1,1,1,1,1,1,1,1,0,0,0,0,0,0,0,0,
ARP0574,1,1,1,1,1,1,1,1,1,1,1,1,1,1,1,1,1,1,
RAV0088,1,1,1,1,1,1,1,1,1,1,1,1,1,1,1,1,1,1,
RDB0546,1,1,1,1,1,1,1,1,1,1,1,1,1,1,1,1,1,1,
RDC0128,1,1,1,1,1,1,1,1,1,1,1,1,1,1,1,1,1,1,
CAD0866,1,1,1,1,1,1,1,1,1,1,1,1,1,1,1,1,1,1,
LPL0420,1,1,1,1,1,1,1,1,1,1,1,1,1,1,1,1,1,1,
MNM1948,1,1,1,1,1,1,1,1,1,1,1,1,1,1,1,1,1,1,
CBP0507,1,1,1,1,1,1,1,1,1,1,1,1,1,1,1,1,1,1,
MJR0711,1,1,1,1,1,1,1,1,1,1,1,1,1,1,1,1,1,1,
WCN0261,1,1,1,1,1,1,1,1,1,1,1,1,1,1,1,1,1,1,
IRH1224,1,1,1,1,1,1,1,1,1,1,1,1,1,1,1,1,1,1,
KRM1306,1,1,1,1,1,1,1,1,1,1,1,1,1,1,1,1,1,1,
TIR0025,1,1,1,1,1,1,1,1,1,1,1,1,1,1,1,1,1,1,
WSK1857,1,1,1,1,1,1,1,1,1,1,1,1,1,1,1,0,0,0,
DAH1996,1,1,1,1,1,1,1,1,1,1,1,1,1,1,1,1,1,1,
TIH0573,1,1,1,1,1,1,1,1,1,1,1,1,1,1,1,1,1,1,
VWM0491,1,1,1,1,1,1,1,1,1,1,1,1,1,1,1,1,1,1,
SKN1688,1,1,1,1,1,1,1,1,1,1,1,1,1,1,1,1,1,1,
GDD1687,1,1,1,1,1,1,1,1,1,1,1,1,1,1,1,1,1,1,
LCW0821,1,1,1,1,1,1,1,1,1,1,1,1,1,1,1,1,1,1,
RJS1979,1,1,1,1,1,1,1,1,1,1,1,1,1,1,1,1,1,1,
MDN0132,1,1,1,1,1,1,1,1,1,1,1,1,1,1,1,1,1,1,
LCS1760,1,1,1,1,1,1,1,1,1,1,1,1,1,1,1,1,1,1,
ALM1768,1,1,1,1,1,1,1,1,1,1,1,1,1,1,1,1,1,1,
KMG0062,1,1,1,1,1,1,1,1,1,1,1,1,1,1,1,1,1,1,
CPC0190,1,1,1,1,1,1,1,1,1,1,1,1,1,1,1,1,1,1,
ABL1229,1,1,1,1,1,1,1,1,1,1,1,1,1,1,1,1,1,1,
ZDH1266,1,1,1,1,1,1,1,1,1,1,1,1,1,1,1,1,1,1,
HYV0848,1,1,1,1,1,1,1,1,1,1,1,1,1,1,1,1,1,1,
IYF1060,1,1,1,1,1,1,1,1,1,1,1,1,1,1,1,1,1,1,
LPS1875,1,1,1,1,1,1,1,1,1,1,1,1,1,1,1,1,1,1,
BBR1381,1,1,1,1,1,1,1,1,1,1,1,1,1,1,1,1,1,1,
TLW1555,1,1,1,1,1,1,1,1,1,1,1,1,1,1,1,1,1,1,
BLW0552,1,1,1,1,1,1,1,1,1,1,1,1,1,1,1,1,1,1,
MAF1623,1,1,1,1,1,1,1,1,1,1,1,1,1,1,1,1,1,1,
IMR0323,1,1,1,1,1,1,1,1,1,1,1,1,1,1,1,1,1,1,
ZRF1980,1,1,1,1,1,1,1,1,1,1,1,1,1,1,1,1,1,1,
ANR0502,1,1,1,1,1,1,1,1,1,1,1,1,1,1,1,1,1,1,
HGS0888,1,1,1,1,1,1,1,1,1,1,1,1,1,1,1,1,1,1,
XFK0050,1,1,1,1,1,1,1,1,1,1,1,1,1,1,1,1,1,1,
BSY1451,1,1,1,1,1,1,1,1,1,1,1,1,1,1,1,1,1,1,
ARM0333,1,1,1,1,1,1,1,1,1,1,1,1,1,1,1,1,1,1,
HCM1717,1,1,1,1,1,1,1,1,1,1,1,1,1,1,1,1,1,1,
HEB1313,1,1,1,1,1,1,1,1,1,1,1,1,1,1,1,1,1,1,
BZF0651,1,1,1,1,1,1,1,1,1,1,1,1,1,1,1,1,1,1,
KST1643,1,1,1,1,1,1,1,1,1,1,1,1,1,1,1,1,1,1,
SRC1468,1,1,1,1,1,1,1,1,1,1,1,1,1,1,1,1,1,1,
RIP1368,1,1,1,1,1,1,1,1,1,1,1,1,1,1,1,1,1,1,
VVG0624,1,1,1,1,1,1,1,1,1,1,1,0,0,0,0,0,0,0,
ZVW1475,1,1,1,1,1,1,1,1,1,1,1,1,0,0,0,0,0,0,
GCD0863,1,1,1,1,1,1,1,1,1,1,1,1,1,1,1,1,1,1,
EBW0553,1,1,1,1,1,1,1,1,1,1,1,1,1,1,1,1,1,1,
LJP1584,1,1,1,1,1,1,1,1,1,1,1,1,1,1,1,1,1,1,
UMB0108,1,1,1,1,1,1,1,1,1,1,1,1,1,1,1,1,1,1,
TJP0616,1,1,1,1,1,1,1,1,1,1,1,1,1,1,1,1,1,1,
SBP1176,1,1,1,1,1,1,1,1,1,1,1,1,1,1,1,1,1,1,
DQR1670,1,1,1,1,1,1,1,1,1,1,1,1,1,1,1,1,1,1,
ZBG0938,1,1,1,1,1,1,1,1,1,1,1,1,1,1,1,1,1,1,
HDL1230,1,1,1,1,1,1,1,1,1,1,1,1,1,1,1,1,1,1,
RHB1193,1,1,1,1,1,1,1,1,1,1,1,1,1,1,1,1,1,1,
DRH1041,1,1,1,1,1,1,1,1,1,1,1,1,1,1,1,1,1,1,
MKW1422,1,1,1,1,1,1,1,1,1,1,1,1,1,1,1,1,1,1,
NJC0003,1,1,1,1,1,1,1,1,1,1,1,1,1,1,1,1,1,1,
BSO0826,1,1,1,1,1,1,1,1,1,1,1,1,1,1,1,1,1,1,
UAR0024,1,1,1,1,1,1,1,1,1,1,1,1,1,1,1,1,1,1,
PAA0121,1,1,1,1,1,1,1,1,1,1,1,1,1,1,1,1,1,1,
SEO0946,1,1,1,1,1,1,1,1,1,1,1,1,1,1,1,1,1,1,
HBS1299,1,1,1,1,1,1,1,1,1,1,1,1,1,1,1,1,1,1,
BHB0717,1,1,1,1,1,1,1,1,1,1,1,1,1,1,1,1,1,1,
UNN0707,1,1,1,1,1,1,1,1,1,1,1,1,1,1,1,1,1,1,
KBC1680,1,1,1,1,1,1,1,1,1,1,1,1,1,1,1,1,1,1,
BDM1457,1,1,1,1,1,1,1,1,1,1,1,1,1,1,1,1,1,1,
CLG0114,1,1,1,1,1,1,1,1,1,1,1,1,1,1,1,1,1,1,
DDR1649,1,1,1,1,1,1,1,1,1,1,0,0,0,0,0,0,0,0,
IEH0412,1,1,1,1,1,1,1,1,1,1,1,1,1,1,1,1,1,1,
TSJ0655,1,1,1,1,1,1,1,1,1,1,1,1,1,1,1,1,1,1,
JXN0581,1,1,1,1,1,1,1,1,1,1,1,1,1,1,1,1,1,1,
RAH0609,1,1,1,1,1,1,1,1,1,1,1,1,1,1,1,1,1,1,
TDC1086,1,1,1,1,1,1,1,1,1,1,1,1,1,1,1,1,1,1,
CLD1435,1,1,1,1,1,1,1,1,1,1,1,1,1,1,1,1,1,1,
JYC0959,1,1,1,1,1,1,1,1,1,1,1,1,1,1,1,1,1,1,
SEL1062,1,1,1,1,1,1,1,1,1,1,1,1,1,1,1,1,1,1,
KKP0064,1,1,1,1,1,1,1,1,1,1,1,1,1,1,1,1,1,1,
CCB0076,1,1,1,1,1,1,1,1,1,1,1,1,1,1,1,1,1,1,
SNO0033,1,1,1,1,1,1,1,1,1,1,1,1,1,1,1,1,1,1,
XKB1829,1,1,1,1,1,1,1,1,1,1,1,1,1,1,1,1,1,1,
KMM1703,1,1,1,1,1,1,1,1,1,1,1,1,1,1,1,1,1,1,
ACS0589,1,1,1,1,1,1,1,1,1,1,1,1,1,1,1,1,1,1,
HAL1933,1,1,1,1,1,1,1,1,1,1,1,1,1,1,1,1,1,1,
WDT1754,1,1,1,1,1,1,1,1,1,1,1,1,1,1,1,1,1,1,
TFW1681,1,1,1,1,1,1,1,1,1,1,1,1,1,1,1,1,1,1,
QJH1605,1,1,1,1,1,1,1,1,1,1,1,1,1,1,1,1,1,1,
MAG0780,1,1,1,1,1,1,1,1,1,1,1,1,1,1,1,1,1,1,
AJS1408,1,1,1,1,1,1,1,1,1,1,1,1,1,1,1,1,1,1,
MAW1397,1,1,1,1,1,1,1,1,1,1,1,1,1,1,1,1,1,1,
JKB1811,1,1,1,1,1,1,1,1,1,1,1,1,1,1,1,1,1,1,
ARV1884,1,1,1,1,1,1,1,1,1,1,1,1,1,1,1,1,1,1,
ZUR1449,1,1,1,1,1,1,1,1,1,1,1,1,1,1,1,1,1,1,
MAF0293,1,1,1,1,1,1,1,1,1,1,1,1,1,1,1,1,1,1,
DOH1483,1,1,1,1,1,1,1,1,1,1,1,1,1,1,1,1,1,1,
NOB1015,1,1,1,1,1,1,1,1,1,1,1,1,1,1,1,1,1,1,
EOG0433,1,1,1,1,1,1,1,1,1,1,1,1,1,1,1,1,1,1,
XAO1684,1,1,1,1,1,1,1,1,1,1,1,1,1,1,1,1,1,1,
ZKH0164,1,1,1,1,1,1,1,1,1,1,1,1,1,1,1,1,1,1,
LMG0065,1,1,1,1,1,1,1,1,1,1,1,1,1,1,1,1,1,1,
HKW1530,1,1,1,1,1,1,1,1,1,1,1,1,1,1,1,1,1,1,
IKW0174,1,1,1,1,1,1,1,1,1,1,1,1,1,1,1,1,1,1,
JJS0013,1,1,1,1,1,1,1,1,1,1,1,1,1,1,1,1,1,1,
IAR0301,1,1,1,1,1,1,1,1,1,1,1,1,1,1,1,1,1,1,
AWD1976,1,1,1,1,1,1,1,1,1,1,1,1,1,1,1,1,1,1,
BAR1640,1,1,1,1,1,1,1,1,1,1,1,1,1,1,1,1,1,1,
VSB1317,1,1,1,1,1,1,1,1,1,1,1,1,1,1,0,0,0,0,
JSO1500,1,1,1,1,1,1,1,1,1,1,1,1,1,1,1,1,1,1,
AJM0956,1,1,1,1,1,1,1,1,1,1,1,1,1,1,1,1,1,1,
DMW1849,1,1,1,1,1,1,1,1,1,1,1,1,1,1,1,1,1,1,
CAM1025,1,1,1,1,1,1,1,1,1,1,1,1,1,1,1,1,1,1,
HQG0905,1,1,1,1,1,1,1,1,1,1,1,1,1,1,1,1,1,1,
JKB1843,1,1,1,1,1,1,1,1,1,1,1,1,1,1,1,1,1,0,
HHM1746,1,1,1,1,1,1,1,1,1,1,1,1,1,1,1,1,1,1,
ZAR0235,1,1,1,1,1,1,1,1,1,1,1,1,1,1,1,1,1,1,
DCK1782,1,1,1,1,1,1,1,1,1,1,1,1,1,1,1,1,1,1,
HDW1779,1,1,1,1,1,1,1,1,1,1,1,1,1,1,1,1,1,1,
JLC0796,1,1,1,1,1,1,1,1,1,1,1,1,1,1,1,1,1,1,
WRH0526,1,1,1,1,1,1,1,1,1,1,1,1,1,1,1,1,1,1,
CDG0551,1,1,1,1,1,1,1,1,1,1,1,1,1,1,1,1,1,1,
HLL1488,1,1,1,1,1,1,1,1,1,1,1,1,1,1,1,1,1,1,
EVF1595,1,1,1,1,1,1,1,1,1,1,1,1,1,1,1,1,1,1,
TBE1972,1,1,1,1,1,1,1,1,1,1,1,1,1,1,1,1,1,1,
AAM0972,1,1,1,1,1,1,1,1,1,1,1,1,1,1,1,1,1,1,
ATD0517,1,1,1,1,1,1,1,1,1,1,1,1,1,1,1,1,1,1,
TSH1734,1,1,1,1,1,1,1,1,1,1,1,1,1,1,1,1,1,1,
DKC0053,1,1,1,1,1,1,1,1,1,1,1,1,1,1,1,1,1,1,
LCR1344,1,1,1,1,1,1,1,1,1,1,1,1,1,1,1,1,1,1,
WAH0793,1,1,1,1,1,1,1,1,1,1,1,1,1,1,1,1,1,1,
KPM0579,1,1,1,1,1,1,1,1,1,1,1,1,1,1,1,1,1,1,
NEP1848,1,1,1,1,1,1,1,1,1,1,1,1,1,1,1,1,1,1,
KLW1789,1,1,1,1,1,1,1,1,1,1,1,1,1,1,1,1,1,1,
SMW1764,1,1,1,1,1,1,1,1,1,1,1,1,1,1,1,1,1,1,
ADH1016,1,1,1,1,1,1,1,1,1,1,1,1,1,1,1,1,1,1,
RLM1578,1,1,1,1,1,1,1,1,1,1,1,1,1,1,1,1,1,1,
MJA1784,1,1,1,1,1,1,1,1,1,1,1,1,0,0,0,0,0,0,
YSH1997,1,1,1,1,1,1,1,1,1,1,1,1,1,1,1,1,1,1,
AFC0792,1,1,1,1,1,1,1,1,1,1,1,1,1,1,1,1,1,1,
RNC1295,1,1,1,1,1,1,1,1,1,1,1,1,1,1,1,1,1,1,
AHN0681,1,1,1,1,1,1,1,1,1,1,1,1,1,1,1,1,1,1,
RDW1710,1,1,1,1,1,1,1,1,1,1,1,1,1,1,1,1,1,1,
PHP0436,1,1,1,1,1,1,1,1,1,1,1,1,1,1,1,1,1,1,
JCK0692,1,1,1,1,1,1,1,1,1,1,1,1,1,1,1,1,1,1,
EIW0714,1,1,1,1,1,1,1,1,1,1,1,1,1,1,1,1,1,1,
DAD0331,1,1,1,1,1,1,1,1,1,1,1,1,1,1,1,1,1,1,
MHM1645,1,1,1,1,1,1,1,1,1,1,1,1,1,1,1,1,1,1,
LRF1009,1,1,1,1,1,1,1,1,1,1,1,1,1,1,1,1,1,1,
PKF1346,1,1,1,1,1,1,1,1,1,1,1,1,1,1,1,1,1,1,
DAL0795,1,1,1,1,1,1,1,1,1,1,1,1,1,1,1,1,1,1,
BBB0012,1,1,1,1,1,1,1,1,1,1,1,1,1,1,1,1,1,1,
LTB0308,1,1,1,1,1,1,1,1,1,1,1,1,1,1,1,1,1,1,
CCR1396,1,1,1,1,1,1,1,1,1,1,1,1,1,1,1,1,1,1,
KRS0172,1,1,1,1,1,1,1,1,1,1,1,1,1,1,1,1,1,1,
PPB1181,1,1,1,1,1,1,1,1,1,1,1,1,1,1,1,1,1,1,
JJP0798,1,1,1,1,1,1,1,1,1,1,1,1,1,1,1,1,1,1,
AQC0371,1,1,1,1,1,1,1,1,1,1,1,1,1,1,1,1,1,1,
JLD1666,1,1,1,1,1,1,1,1,1,1,1,1,1,1,1,1,1,1,
FJP1692,1,1,1,1,1,1,1,1,1,1,1,1,1,1,1,1,1,1,
IJM1276,1,1,1,1,1,1,1,1,1,1,1,1,1,1,1,1,1,1,
SEC0985,1,1,1,1,1,1,1,1,1,1,1,1,1,1,1,1,1,1,
TSB1546,1,1,1,1,1,1,1,1,1,1,1,1,1,1,1,1,1,1,
SWM1653,1,1,1,1,1,1,1,1,1,1,1,1,1,1,1,1,1,1,
BDC0936,1,1,1,1,1,1,1,1,1,1,1,1,1,1,1,1,1,1,
GPS0321,1,1,1,1,1,1,1,1,1,1,1,1,1,1,1,1,1,1,
OKH0453,1,1,1,1,1,1,1,1,1,1,1,1,1,1,1,1,1,1,
JIT0654,1,1,1,1,1,1,1,1,1,1,1,1,1,1,1,1,1,1,
SSS1683,1,1,1,1,1,1,1,1,1,1,1,1,1,1,1,1,1,1,
SLC1865,1,1,1,1,1,1,1,1,1,1,1,1,1,1,1,1,1,0,
UIS1637,1,1,1,1,1,1,1,1,1,1,1,1,1,1,1,1,1,1,
FRM0010,1,1,1,1,1,1,1,1,1,1,1,1,1,1,1,1,1,1,
GMC0051,1,1,1,1,1,1,1,1,1,1,1,1,1,1,1,1,1,1,
KZM0362,1,1,1,1,1,1,1,1,1,1,1,1,1,1,1,1,1,1,
ALH0506,1,1,1,1,1,1,1,1,1,1,1,1,1,1,1,1,1,1,
WLN1730,1,1,1,1,1,1,1,1,1,1,1,1,1,1,1,1,1,1,
DEB0727,1,1,1,1,1,1,1,1,1,1,1,1,1,1,1,1,1,1,
SPB1853,1,1,1,1,1,1,1,1,1,1,1,1,1,1,1,1,1,1,
DPK0954,1,1,1,1,1,1,1,1,1,1,1,1,1,0,0,0,0,0,
LAS0129,1,1,1,1,1,1,1,1,1,1,1,1,1,1,1,1,1,1,
HRC0776,1,1,1,1,1,1,1,1,1,1,1,1,1,1,1,1,1,1,
KMK1096,1,1,1,1,1,1,1,1,1,1,1,1,1,1,1,1,1,1,
MAW1974,1,1,1,1,1,1,1,1,1,1,1,1,1,1,1,1,1,1,
RHD1155,1,1,1,1,1,1,1,1,1,1,1,1,1,1,1,1,1,1,
DSB0530,1,1,1,1,1,1,1,1,1,1,1,1,1,1,1,1,1,1,
NMF1088,1,1,1,1,1,1,1,1,1,1,1,1,1,1,1,1,1,1,
HDA1824,1,1,1,1,1,1,1,1,1,1,1,1,1,1,1,1,1,1,
YNO0103,1,1,1,1,1,1,1,1,1,1,1,1,1,1,1,1,1,1,
CKB0245,1,1,1,1,1,1,1,1,1,1,1,1,1,1,1,1,1,1,
TKH1718,1,1,1,1,1,1,1,1,1,1,1,1,1,1,1,1,1,1,
SBN1279,1,1,1,1,1,1,1,1,1,1,1,1,1,1,1,1,1,1,
KCG1615,1,1,1,1,1,1,1,1,1,1,1,1,1,1,1,1,1,1,
RDT0361,1,1,1,1,1,1,1,1,1,1,1,1,1,1,1,1,1,1,
HBS0392,1,1,1,1,1,1,1,1,1,1,1,1,1,1,1,1,1,1,
SKW0066,1,1,1,1,1,1,1,1,1,1,1,1,1,1,1,1,1,1,
DNF0876,1,1,1,1,1,1,1,1,1,1,1,1,1,1,1,1,1,1,
OFS0030,1,1,1,1,1,1,1,1,1,1,1,1,1,1,1,1,1,1,
MAP0424,1,1,1,1,1,1,1,1,1,1,1,1,1,1,1,1,1,1,
RTH0564,1,1,1,1,1,1,1,1,1,1,1,1,1,1,1,1,1,1,
HBP1076,1,1,1,1,1,1,1,1,1,1,1,1,1,1,1,1,1,1,
JAC0457,1,1,1,1,1,1,1,1,1,1,1,1,1,1,1,1,1,1,
SWC1392,1,1,1,1,1,1,1,1,1,1,1,1,1,1,1,1,1,1,
SHC1499,1,1,1,1,1,1,1,1,1,1,1,1,1,1,1,1,1,1,
CCC0569,1,1,1,1,1,1,1,1,1,1,1,1,1,1,1,1,1,1,
SMB0473,1,1,1,1,1,1,1,1,1,1,1,1,1,1,1,1,1,1,
GCS1686,1,1,1,1,1,1,1,1,1,1,1,1,1,1,1,1,1,1,
HBF1179,1,1,1,1,1,1,1,1,1,1,1,1,1,1,1,1,1,1,
CLZ1937,1,1,1,1,1,1,1,1,1,1,1,1,1,1,1,1,1,1,
EAG0633,1,1,1,1,1,1,1,1,1,1,1,1,1,1,1,1,1,1,
IAH1755,1,1,1,1,1,1,1,1,1,1,1,1,1,1,1,1,1,1,
GIB0314,1,1,1,1,1,1,1,1,1,1,1,1,1,1,1,1,1,1,
ACR1045,1,1,1,1,1,1,1,1,1,1,1,1,1,1,1,1,1,1,
HJB1444,1,1,1,1,1,1,1,1,1,1,1,1,1,1,1,1,1,1,
DCB0446,1,1,1,1,1,1,1,1,1,1,1,1,1,1,1,1,1,1,
RSM1133,1,1,1,1,1,1,1,1,1,1,1,1,1,1,1,1,1,1,
JMS0859,1,1,1,1,1,1,1,1,1,1,1,1,1,1,1,1,1,1,
DQS0807,1,1,1,1,1,1,1,1,1,1,1,1,1,1,1,1,1,1,
KCJ1788,1,1,1,1,1,1,1,1,1,1,1,1,1,1,1,1,1,1,
GMF0229,1,1,1,1,1,1,1,1,1,1,1,1,1,1,1,1,1,1,
MEM0221,1,1,1,1,1,1,1,1,1,1,1,1,1,1,1,1,1,1,
CCK1540,1,1,1,1,1,1,1,1,1,1,1,1,1,1,1,1,1,1,
QRC1676,1,1,1,1,1,1,1,1,1,1,1,1,1,1,1,1,1,1,
RJW0348,1,1,1,1,1,1,1,1,1,1,1,1,1,1,1,1,1,1,
DXF1662,1,1,1,1,1,1,1,1,1,1,1,0,0,0,0,0,0,0,
CAD0354,1,1,1,1,1,1,1,1,1,1,1,1,1,1,1,1,1,1,
HAB1787,1,1,1,1,1,1,1,1,1,1,1,1,1,1,1,1,1,1,
SLZ0276,1,1,1,1,1,1,1,1,1,1,1,1,1,1,1,1,1,1,
JSH1678,1,1,1,1,1,1,1,1,1,1,1,1,1,1,1,1,1,1,
SSS1057,1,1,1,1,1,1,1,1,1,1,1,1,1,1,1,1,1,1,
BCS1310,1,1,1,1,1,1,1,1,1,1,1,1,1,1,1,1,1,1,
PHG1778,1,1,1,1,1,1,1,1,1,1,1,1,1,1,1,1,1,1,
GHM0736,1,1,1,1,1,1,1,1,1,1,1,1,1,1,1,1,1,1,
LRB1496,1,1,1,1,1,1,1,1,1,1,1,1,1,1,1,1,1,1,
LJH1027,1,1,1,1,1,1,1,1,1,1,1,1,1,1,1,1,1,1,
RMP0754,1,1,1,1,1,1,1,1,1,1,1,1,1,1,1,1,1,1,
CZY0110,1,1,1,1,1,1,1,1,1,1,1,1,1,1,1,1,1,1,
AMH1887,1,1,1,1,1,1,1,1,1,1,1,1,1,1,1,1,1,1,
MBM0145,1,1,1,1,1,1,1,1,1,1,1,1,1,1,1,1,1,1,
JBR1940,1,1,1,1,1,1,1,1,1,1,1,1,1,1,1,1,1,1,
MIB0203,1,1,1,1,1,1,1,1,1,1,1,0,0,0,0,0,0,0,
BYV1695,1,1,1,1,1,1,1,1,1,1,1,1,1,1,1,1,1,1,
MJK0527,1,1,1,1,1,1,1,1,1,1,1,1,1,1,1,1,1,1,
ESM1828,1,1,1,1,1,1,1,1,1,1,1,1,1,1,1,1,1,1,
ANS0705,1,1,1,1,1,1,1,1,1,1,1,1,1,1,1,1,1,1,
CGW1511,1,1,1,1,1,1,1,1,1,1,1,1,1,1,1,1,1,1,
ETW0002,1,1,1,1,1,1,1,1,1,1,1,1,1,1,1,1,0,0,
CAC1083,1,1,1,1,1,1,1,1,1,1,1,1,1,1,1,1,1,1,
TAL1665,1,1,1,1,1,1,1,1,1,1,1,1,1,1,1,1,1,1,
DPR1589,1,1,1,1,1,1,1,1,1,1,1,1,1,1,1,1,1,1,
HCP0900,1,1,1,1,1,1,1,1,1,1,1,1,1,1,1,1,1,1,
PJC0370,1,1,1,1,1,1,1,1,1,1,1,1,1,1,1,1,1,1,
KMO0382,1,1,1,1,1,1,1,1,1,1,1,1,1,1,1,1,1,0,
HKR1291,1,1,1,1,1,1,1,1,1,1,1,1,1,1,1,1,1,1,
ITM0068,1,1,1,1,1,1,1,1,1,1,1,1,1,1,1,1,1,1,
DBB1004,1,1,1,1,1,1,1,1,1,1,1,1,1,1,1,1,1,1,
VAC0731,1,1,1,1,1,1,1,1,1,1,1,1,1,1,1,1,1,1,
WCR1998,1,1,1,1,1,1,1,1,1,1,1,1,1,1,1,1,1,1,
BDH0981,1,1,1,1,1,1,1,1,1,1,1,1,1,1,1,1,1,1,
GRS1214,1,1,1,1,1,1,1,1,1,1,1,1,1,1,1,1,1,1,
JMM0613,1,1,1,1,1,1,1,1,1,1,1,1,1,1,1,1,1,1,
PNA1776,1,1,1,1,1,1,1,1,1,1,1,1,1,1,1,1,1,1,
SKC0074,1,1,1,1,1,1,1,1,1,1,1,1,1,1,1,1,1,1,
NKM1738,1,1,1,1,1,1,1,1,1,1,1,1,1,1,1,1,1,1,
DCA0857,1,1,1,1,1,1,1,1,1,1,1,1,1,1,1,1,0,0,
MAM0557,1,1,1,1,1,1,1,1,1,1,1,1,1,1,1,1,1,1,
PLL1043,1,1,1,1,1,1,1,1,1,1,1,1,1,1,1,1,1,1,
DKS0563,1,1,1,1,1,1,1,1,1,1,1,1,1,1,1,1,1,1,
NJJ0434,1,1,1,1,1,1,1,1,1,1,1,1,1,1,1,1,1,1,
NCC0454,1,1,1,1,1,1,1,1,1,1,1,1,1,1,1,1,1,1,
NHA0054,1,1,1,1,1,1,1,1,1,1,1,1,1,1,1,1,1,1,
CJG0897,1,1,1,1,1,1,1,1,1,1,1,1,1,1,1,1,1,1,
KKL1481,1,1,1,1,1,1,1,1,1,1,1,1,1,1,1,1,1,1,
CPS1512,1,1,1,1,1,1,1,1,1,1,1,1,1,1,1,1,1,1,
FDD1520,1,1,1,1,1,1,1,1,1,1,1,1,1,1,1,1,1,1,
CCR0338,1,1,1,1,1,1,1,1,1,1,1,1,1,1,1,1,1,1,
MGC0646,1,1,1,1,1,1,1,1,1,1,1,1,1,1,1,1,1,1,
GCG1753,1,1,1,1,1,1,1,1,1,1,1,1,1,1,1,1,1,1,
JKC1522,1,1,1,1,1,1,1,1,1,1,1,1,1,1,1,1,1,1,
ZAH0598,1,1,1,1,1,1,1,1,1,1,1,1,1,1,1,1,1,1,
BJG0492,1,1,1,1,1,1,1,1,1,1,1,1,1,1,1,1,1,1,
AJB1763,1,1,1,1,1,1,1,1,1,1,1,1,1,1,1,1,1,1,
DCF1237,1,1,1,1,1,1,1,1,1,1,1,1,1,1,1,1,1,1,
MGT0898,1,1,1,1,1,1,1,1,1,1,1,1,1,1,1,1,1,1,
BTD0296,1,1,1,1,1,1,1,1,1,1,1,1,1,1,1,1,1,1,
CCM0612,1,1,1,1,1,1,1,1,1,1,1,1,1,1,1,1,1,1,
HNJ0638,1,1,1,1,1,1,1,1,1,1,1,1,1,1,1,1,1,1,
KBB1803,1,1,1,1,1,1,1,1,1,1,1,1,1,1,1,1,1,1,
HSK0479,1,1,1,1,1,1,1,1,1,1,1,1,1,1,1,1,1,1,
HIK0425,1,1,1,1,1,1,1,1,1,1,1,1,1,1,1,1,1,1,
ECV1289,1,1,1,1,1,1,1,1,1,1,1,1,1,1,1,1,1,1,
GGM1604,1,1,1,1,1,1,1,1,1,1,1,1,1,1,1,1,1,1,
JUW1135,1,1,1,1,1,1,1,1,1,1,1,1,1,1,1,1,1,1,
VRP0267,1,1,1,1,1,1,1,1,1,1,1,1,1,1,0,0,0,0,
JNB0673,1,1,1,1,1,1,1,1,1,1,1,1,1,1,1,1,1,1,
VCH0461,1,1,1,1,1,1,1,1,1,1,1,1,1,1,1,1,1,1,
MFM1400,1,1,1,1,1,1,1,1,1,1,0,0,0,0,0,0,0,0,
AKS0448,1,1,1,1,1,1,1,1,1,1,1,1,1,1,1,1,1,1,
PWF0709,1,1,1,1,1,1,1,1,1,1,1,1,1,1,1,1,1,1,
LPL0877,1,1,1,1,1,1,1,1,1,1,1,1,1,1,1,1,1,1,
ASH0458,1,1,1,1,1,1,1,1,1,1,1,1,1,1,1,1,1,1,
SAH0833,1,1,1,1,1,1,1,1,1,1,1,1,1,1,1,1,1,1,
KCK1494,1,1,1,1,1,1,1,1,1,1,1,1,1,1,1,1,1,1,
MSM1800,1,1,1,1,1,1,1,1,1,1,1,1,1,1,1,1,1,1,
RIK0629,1,1,1,1,1,1,1,1,1,1,1,1,1,1,1,1,1,1,
GSV0295,1,1,1,1,1,1,1,1,1,1,1,1,1,1,1,1,1,1,
BUH1249,1,1,1,1,1,1,1,1,1,1,1,1,1,1,1,1,1,1,
ALB0668,1,1,1,1,1,1,1,1,1,1,1,1,1,1,1,1,1,1,
BSW1959,1,1,1,1,1,1,1,1,1,1,1,1,1,1,1,1,1,1,
MVN1518,1,1,1,1,1,1,1,1,1,1,1,1,1,1,1,1,1,1,
OJF1882,1,1,1,1,1,1,1,1,1,1,1,1,1,1,1,1,1,1,
IDW1713,1,1,1,1,1,1,1,1,1,1,1,1,1,1,1,1,1,1,
MHK0565,1,1,1,1,1,1,1,1,1,1,1,1,1,1,1,1,1,1,
GCW0456,1,1,1,1,1,1,1,1,1,1,1,1,1,1,1,1,1,1,
ILH1650,1,1,1,1,1,1,1,1,1,1,1,1,1,1,1,1,1,1,
COG0940,1,1,1,1,1,1,1,1,1,1,1,1,1,1,1,1,1,1,
NMP0782,1,1,1,1,1,1,1,1,1,1,1,1,1,1,1,1,1,1,
TUJ1007,1,1,1,1,1,1,1,1,1,1,1,1,1,1,1,1,1,1,
KJA0347,1,1,1,1,1,1,1,1,1,1,1,1,1,1,1,1,1,1,
SSA0188,1,1,1,1,1,1,1,1,1,1,1,1,1,1,1,1,1,1,
CBK1908,1,1,1,1,1,1,1,1,1,1,1,1,1,1,1,1,1,1,
JBB1333,1,1,1,1,1,1,1,1,1,1,1,1,1,1,1,1,1,1,
DJP1603,1,1,1,1,1,1,1,1,1,1,1,1,1,1,1,1,1,1,
AJM0049,1,1,1,1,1,1,1,1,1,1,1,1,1,1,1,1,1,1,
EBB0827,1,1,1,1,1,1,1,1,1,1,1,1,1,1,1,1,1,1,
RMV1820,1,1,1,1,1,1,1,1,1,1,1,1,1,1,1,1,1,1,
VMP1252,1,1,1,1,1,1,1,1,1,1,1,1,1,1,1,1,1,1,
PIE1712,1,1,1,1,1,1,1,1,1,1,1,1,1,1,1,1,1,1,
SCF0430,1,1,1,1,1,1,1,1,1,1,1,1,1,1,1,1,1,1,
SCW1456,1,1,1,1,1,1,1,1,1,1,1,1,1,1,1,1,1,1,
LIL1199,1,1,1,1,1,1,1,1,1,1,1,1,1,1,1,1,1,1,
KLR0112,1,1,1,1,1,1,1,1,1,1,1,1,1,1,1,1,1,1,
CKC0487,1,1,1,1,1,1,1,1,1,1,1,1,1,1,1,1,1,1,
SWM1101,1,1,1,1,1,1,1,1,1,1,1,1,1,1,1,1,1,1,
HAB1894,1,1,1,1,1,1,1,1,1,1,1,1,1,1,1,1,1,1,
NAO1281,1,1,1,1,1,1,1,1,1,1,1,0,0,0,0,0,0,0,
MMM0082,1,1,1,1,1,1,1,1,1,1,1,1,1,1,1,1,1,1,
BBW0151,1,1,1,1,1,1,1,1,1,1,1,1,1,1,1,1,1,1,
KFG1727,1,1,1,1,1,1,1,1,1,1,1,1,1,1,1,1,1,1,
FGW1794,1,1,1,1,1,1,1,1,1,1,1,1,1,1,1,1,1,1,
AEH0001,1,1,1,1,1,1,1,1,1,1,1,1,1,1,1,1,1,1,
MAD0207,1,1,1,1,1,1,1,1,1,1,1,1,1,1,1,1,1,1,
EMM0393,1,1,1,1,1,1,1,1,1,1,1,1,1,1,1,1,1,1,
RSM1426,1,1,1,1,1,1,1,1,1,1,1,1,1,1,1,1,1,1,
NHH1099,1,1,1,1,1,1,1,1,1,1,1,1,1,1,1,1,1,1,
RSS1825,1,1,1,1,1,1,1,1,1,1,1,1,1,1,1,1,1,1,
JBL0615,1,1,1,1,1,1,1,1,1,1,1,1,1,1,1,1,1,1,
ERB0921,1,1,1,1,1,1,1,1,1,1,1,1,1,1,1,1,1,1,
GPS0970,1,1,1,1,1,1,1,1,1,1,1,1,1,1,1,1,1,1,
DJW0357,1,1,1,1,1,1,1,1,1,1,1,1,1,1,1,1,1,1,
JAC1524,1,1,1,1,1,1,1,1,1,1,1,1,1,1,1,1,1,1,
CPL0439,1,1,1,1,1,1,1,1,1,1,1,1,1,1,1,1,1,1,
CML1114,1,1,1,1,1,1,1,1,1,1,1,1,1,1,1,1,1,1,
GSB0173,1,1,1,1,1,1,1,1,1,1,1,1,1,1,1,1,1,1,
PTH1889,1,1,1,1,1,1,1,1,1,1,1,1,1,1,1,1,1,1,
KHS1850,1,1,1,1,1,1,1,1,1,1,1,1,1,1,1,1,1,1,
CKP0213,1,1,1,1,1,1,1,1,1,1,1,1,1,1,1,1,1,1,
CJE1192,1,1,1,1,1,1,1,1,1,1,1,1,1,1,1,1,1,1,
EGG1466,1,1,1,1,1,1,1,1,1,1,1,1,1,1,1,1,1,1,
ERB0104,1,1,1,1,1,1,1,1,1,1,1,1,1,1,1,1,1,1,
AFP1341,1,1,1,1,1,1,1,1,1,1,1,1,1,1,1,1,1,1,
REM1733,1,1,1,1,1,1,1,1,1,1,1,1,1,1,1,1,1,1,
TJG0170,1,1,1,1,1,1,1,1,1,1,1,1,1,1,1,1,1,1,
ABB0019,1,1,1,1,1,1,1,1,1,1,1,1,1,1,1,1,1,1,
FRS0694,1,1,1,1,1,1,1,1,1,1,1,1,1,1,1,1,1,1,
FWB1999,1,1,1,1,1,1,1,1,1,1,1,1,1,1,1,1,1,1,
NNO0832,1,1,1,1,1,1,1,1,1,1,1,1,1,1,1,1,1,1,
UMB0310,1,1,1,1,1,1,1,1,1,1,1,1,1,1,1,1,1,1,
MAM0045,1,1,1,1,1,1,1,1,1,1,1,1,1,1,1,1,1,1,
AIE0773,1,1,1,1,1,1,1,1,1,1,1,1,1,1,1,1,1,1,
MHM0660,1,1,1,1,1,1,1,1,1,1,1,1,1,1,1,1,1,1,
AVP1137,1,1,1,1,1,1,1,1,1,1,1,1,1,1,1,1,1,1,
APD1148,1,1,1,1,1,1,1,1,1,1,1,1,1,1,1,1,1,1,
NFS0617,1,1,1,1,1,1,1,1,1,1,1,1,1,1,1,1,1,1,
PXS0749,1,1,1,1,1,1,1,1,1,1,1,1,1,1,1,1,1,1,
HHD1606,1,1,1,1,1,1,1,1,1,1,1,1,1,1,1,1,1,1,
CHN0282,1,1,1,1,1,1,1,1,1,1,1,1,1,1,1,1,1,1,
DLM0334,1,1,1,1,1,1,1,1,1,1,1,1,1,1,1,1,1,1,
TBA0283,1,1,1,1,1,1,1,1,1,1,1,1,1,1,1,1,1,1,
LHP0320,1,1,1,1,1,1,1,1,1,1,1,1,1,1,1,1,1,1,
NLC1113,1,1,1,1,1,1,1,1,1,1,1,1,1,1,1,1,1,1,
TES1536,1,1,1,1,1,1,1,1,1,1,1,1,1,1,1,1,1,1,
HMC1322,1,1,1,1,1,1,1,1,1,1,1,1,1,1,1,1,1,1,
LLB0437,1,1,1,1,1,1,1,1,1,1,1,1,1,1,1,1,1,1,
NEG0281,1,1,1,1,1,1,1,1,1,1,1,1,1,0,0,0,0,0,
NMK0536,1,1,1,1,1,1,1,1,1,1,1,1,1,1,1,1,1,1,
RFS0513,1,1,1,1,1,1,1,1,1,1,1,1,1,1,1,1,1,1,
TRW0667,1,1,1,1,1,1,1,1,1,1,1,1,1,1,1,1,1,1,
TRP0892,1,1,1,1,1,1,1,1,1,1,1,1,1,1,1,1,1,1,
HPC1404,1,1,1,1,1,1,1,1,1,1,1,1,1,1,1,1,1,1,
ISS0508,1,1,1,1,1,1,1,1,1,1,1,1,1,1,1,1,1,1,
QGB0554,1,1,1,1,1,1,1,1,1,1,1,1,1,1,1,1,1,1,
TLB0894,1,1,1,1,1,1,1,1,1,1,1,1,1,1,1,1,1,1,
ZIN1633,1,1,1,1,1,1,1,1,1,1,1,1,1,1,1,1,1,1,
BPA0095,1,1,1,1,1,1,1,1,1,1,1,1,1,1,1,1,1,1,
SNA0415,1,1,1,1,1,1,1,1,1,1,1,1,1,1,1,1,1,1,
BZC1806,1,1,1,1,1,1,1,1,1,1,1,1,1,1,1,1,1,1,
KAJ1413,1,1,1,1,1,1,1,1,1,1,1,1,1,1,1,1,1,1,
IPF0550,1,1,1,1,1,1,1,1,1,1,1,1,1,1,1,1,1,1,
KCC1988,1,1,1,1,1,1,1,1,1,1,1,1,1,1,1,1,1,1,
HCV0286,1,1,1,1,1,1,1,1,1,1,1,1,1,1,1,1,1,1,
GIA1171,1,1,1,1,1,1,1,1,1,1,1,1,1,1,1,1,1,1,
HAD0702,1,1,1,1,1,1,1,1,1,1,1,1,1,1,1,1,1,1,
ILH2000,1,1,1,1,1,1,1,1,1,1,1,1,1,1,1,1,1,1,
BRM1454,1,1,1,1,1,1,1,1,1,1,1,1,1,1,1,1,1,1,
CKW0915,1,1,1,1,1,1,1,1,1,1,1,1,1,1,1,1,1,1,
AJH0724,1,1,1,1,1,1,1,1,1,1,1,1,1,1,1,1,1,1,
MKH0260,1,1,1,1,1,1,1,1,1,1,1,1,1,1,1,1,1,1,
HLH0682,1,1,1,1,1,1,1,1,1,1,1,1,1,1,1,1,1,1,
NMM0026,1,1,1,1,1,1,1,1,1,1,1,1,1,1,1,1,1,1,
HFM0465,1,1,1,1,1,1,1,1,1,1,1,1,1,1,1,1,1,1,
MOB1071,1,1,1,1,1,1,1,1,1,1,1,1,1,1,1,1,1,1,
RYP0839,1,1,1,1,1,1,1,1,1,1,1,1,1,1,1,1,1,1,
BNE1140,1,1,1,1,1,1,1,1,1,1,1,1,1,1,1,1,1,1,
MWB0225,1,1,1,1,1,1,1,1,1,1,1,1,1,1,1,1,1,1,
ZLM1418,1,1,1,1,1,1,1,1,1,1,1,1,1,1,1,1,1,1,
JDW1019,1,1,1,1,1,1,1,1,1,1,1,1,1,1,1,1,1,1,
JPM0035,1,1,1,1,1,1,1,1,1,1,1,1,1,1,1,1,1,1,
TOL1914,1,1,1,1,1,1,1,1,1,1,1,1,1,1,1,1,1,1,
GQG1484,1,1,1,1,1,1,1,1,1,1,1,1,1,1,1,1,1,1,
OKC0155,1,1,1,1,1,1,1,1,1,1,1,1,1,1,1,1,1,1,
LLW0179,1,1,1,1,1,1,1,1,1,1,1,0,0,0,0,0,0,0,
KAG0566,1,1,1,1,1,1,1,1,1,1,1,1,1,1,1,1,1,1,
ASC1297,1,1,1,1,1,1,1,1,1,1,1,1,1,1,1,1,1,1,
CVS0720,1,1,1,1,1,1,1,1,1,1,1,1,1,1,1,1,1,1,
FYC0060,1,1,1,1,1,1,1,1,1,1,1,1,1,1,1,1,1,1,
GEM0462,1,1,1,1,1,1,1,1,1,1,1,1,1,1,1,1,1,1,
AEG0962,1,1,1,1,1,1,1,1,1,1,1,1,1,1,1,1,1,1,
PRF0257,1,1,1,1,1,1,1,1,1,1,1,1,1,1,1,1,1,1,
AWW0676,1,1,1,1,1,1,1,1,1,1,1,1,1,1,1,1,1,1,
ICH1810,1,1,1,1,1,1,1,1,1,1,1,1,1,1,1,1,1,1,
TJB1012,1,1,1,1,1,1,1,1,1,1,1,1,1,1,1,1,1,1,
JSA0468,1,1,1,1,1,1,1,1,1,1,1,1,1,1,1,1,1,1,
RSB1054,1,1,1,1,1,1,1,1,1,1,1,1,1,1,1,1,1,1,
LJC1146,1,1,1,1,1,1,1,1,1,1,1,1,1,1,1,1,1,1,
HSK0369,1,1,1,1,1,1,1,1,1,1,1,1,1,1,1,1,1,1,
MAE0515,1,1,1,1,1,1,1,1,1,1,1,1,1,1,1,1,1,1,
ATS1073,1,1,1,1,1,1,1,1,1,1,1,1,1,1,1,1,1,1,
IJM0603,1,1,1,1,1,1,1,1,1,1,1,1,1,1,1,0,0,0,
BDF0015,1,1,1,1,1,1,1,1,1,1,1,1,1,1,1,1,1,1,
ZHR0596,1,1,1,1,1,1,1,1,1,1,1,1,1,1,1,1,1,1,
CAM0158,1,1,1,1,1,1,1,1,1,1,1,1,1,1,1,1,1,1,
KKP1311,1,1,1,1,1,1,1,1,1,1,1,1,1,1,1,1,1,1,
SLM1526,1,1,1,1,1,1,1,1,1,1,1,1,1,1,1,1,1,1,
NBM1257,1,1,1,1,1,1,1,1,1,1,1,1,1,1,1,1,1,1,
OIP1053,1,1,1,1,1,1,1,1,1,1,1,1,1,1,1,1,1,1,
GXM1952,1,1,1,1,1,1,1,1,1,1,1,1,1,1,1,1,1,1,
BJM1314,1,1,1,1,1,1,1,1,1,1,1,1,1,1,1,1,1,1,
CSB0990,1,1,1,1,1,1,1,1,1,1,1,1,1,1,1,1,1,1,
AJT0419,1,1,1,1,1,1,1,1,1,1,1,1,1,1,1,1,1,1,
XDM0723,1,1,1,1,1,1,1,1,1,1,1,1,1,1,1,1,1,1,
CBD1574,1,1,1,1,1,1,1,1,1,1,1,1,1,1,1,1,1,1,
JSB1915,1,1,1,1,1,1,1,1,1,1,1,1,1,1,1,1,1,1,
SCI0778,1,1,1,1,1,1,1,1,1,1,1,0,0,0,0,0,0,0,
CEB1879,1,1,1,1,1,1,1,1,1,1,1,1,1,1,1,1,1,1,
NFJ1694,1,1,1,1,1,1,1,1,1,1,1,1,1,1,1,1,1,1,
OHR0583,1,1,1,1,1,1,1,1,1,1,1,1,1,1,1,1,1,1,
CSE0417,1,1,1,1,1,1,1,1,1,1,1,1,1,1,1,1,1,1,
NJK1732,1,1,1,1,1,1,1,1,1,1,1,1,1,1,1,1,1,1,
MCC1372,1,1,1,1,1,1,1,1,1,1,1,1,1,1,1,1,1,1,
CSV1242,1,1,1,1,1,1,1,1,1,1,1,1,1,1,1,1,1,1,
IGN0206,1,1,1,1,1,1,1,1,1,1,1,1,1,1,1,1,1,1,
TAH0300,1,1,1,1,1,1,1,1,1,1,1,1,1,1,1,1,1,1,
EZG0968,1,1,1,1,1,1,1,1,1,1,1,1,1,1,1,1,1,1,
BLC1263,1,1,1,1,1,1,1,1,1,1,1,1,1,1,1,1,1,1,
IBS1682,1,1,1,1,1,1,1,1,1,1,1,1,1,1,1,1,1,1,
CCC1900,1,1,1,1,1,1,1,1,1,1,1,1,1,1,1,1,1,1,
CMD0127,1,1,1,1,1,1,1,1,1,1,1,1,1,1,1,1,1,1,
JBL1657,1,1,1,1,1,1,1,1,1,1,1,1,1,1,1,1,1,1,
MCB0227,1,1,1,1,1,1,1,1,1,1,1,1,1,1,1,1,1,1,
MBW1149,1,1,1,1,1,1,1,1,1,1,1,1,1,1,1,0,0,0,
BMC0650,1,1,1,1,1,1,1,1,1,1,1,1,1,1,1,1,1,1,
EAP0312,1,1,1,1,1,1,1,1,1,1,1,1,1,1,1,1,1,1,
GSH1262,1,1,1,1,1,1,1,1,1,1,1,1,1,1,1,1,1,1,
BDP1162,1,1,1,1,1,1,1,1,1,1,1,1,1,1,1,1,1,1,
DOR0935,1,1,1,1,1,1,1,1,1,1,1,1,1,1,1,1,1,1,
ODG1158,1,1,1,1,1,1,1,1,1,1,1,1,1,1,1,1,1,1,
HWR1573,1,1,1,1,1,1,1,1,1,1,1,1,1,1,1,1,1,1,
HJL1631,1,1,1,1,1,1,1,1,1,1,1,1,1,1,1,1,1,1,
HCE1200,1,1,1,1,1,1,1,1,1,1,1,1,1,1,1,1,1,1,
ZKP0542,1,1,1,1,1,1,1,1,1,1,1,1,1,1,0,0,0,0,
RAT0514,1,1,1,1,1,1,1,1,1,1,1,0,0,0,0,0,0,0,
DDR1876,1,1,1,1,1,1,1,1,1,1,1,1,1,1,1,1,1,1,
NHD0247,1,1,1,1,1,1,1,1,1,1,1,1,1,1,1,1,1,1,
WJM1922,1,1,1,1,1,1,1,1,1,1,1,1,1,1,1,1,1,1,
HSV0878,1,1,1,1,1,1,1,1,1,1,1,1,1,1,1,1,1,1,
NIM1203,1,1,1,1,1,1,1,1,1,1,1,1,1,1,1,1,1,1,
DYN1105,1,1,1,1,1,1,1,1,1,1,1,1,1,1,1,1,1,1,
ZPG1909,1,1,1,1,1,1,1,1,1,1,1,1,1,1,1,1,1,1,
KJH0475,1,1,1,1,1,1,1,1,1,1,1,1,1,0,0,0,0,0,
EWP1316,1,1,1,1,1,1,1,1,1,1,1,1,1,1,1,1,1,1,
HJA1954,1,1,1,1,1,1,1,1,1,1,1,1,1,1,1,1,1,1,
AOC1283,1,1,1,1,1,1,1,1,1,1,1,1,1,1,1,1,1,1,
ILR1613,1,1,1,1,1,1,1,1,1,1,1,1,1,1,1,1,1,1,
AAO1919,1,1,1,1,1,1,1,1,1,1,1,1,1,1,1,1,1,1,
BBG0378,1,1,1,1,1,1,1,1,1,1,1,1,1,1,1,1,1,1,
JAB1917,1,1,1,1,1,1,1,1,1,1,1,1,1,1,1,1,1,1,
JVM0772,1,1,1,1,1,1,1,1,1,1,1,1,1,1,1,1,1,1,
GKM1647,1,1,1,1,1,1,1,1,1,1,1,1,1,1,1,1,1,1,
QEL1515,1,1,1,1,1,1,1,1,1,1,1,1,1,1,1,1,1,1,
BTV1433,1,1,1,1,1,1,1,1,1,1,1,1,1,1,1,1,1,1,
HLG1851,1,1,1,1,1,1,1,1,1,1,1,1,1,1,1,1,1,1,
CRC0217,1,1,1,1,1,1,1,1,1,1,1,1,1,1,1,1,1,1,
USW1994,1,1,1,1,1,1,1,1,1,1,1,1,1,1,1,1,1,1,
CWW1120,1,1,1,1,1,1,1,1,1,1,1,1,1,1,1,1,1,0,
ATO0307,1,1,1,1,1,1,1,1,1,1,1,1,1,1,1,1,1,1,
GIC1151,1,1,1,1,1,1,1,1,1,1,1,1,1,1,1,1,1,1,
CAH0149,1,1,1,1,1,1,1,1,1,1,1,1,1,1,1,1,1,1,
MHS1277,1,1,1,1,1,1,1,1,1,1,1,1,1,1,1,1,1,1,
GFS0555,1,1,1,1,1,1,1,1,1,1,1,1,1,1,1,1,1,1,
BBC1191,1,1,1,1,1,1,1,1,1,1,1,1,1,1,1,1,1,1,
HJW0947,1,1,1,1,1,1,1,1,1,1,1,1,1,1,1,1,1,1,
PMC1560,1,1,1,1,1,1,1,1,1,1,1,1,1,1,1,1,1,1,
ZXR1452,1,1,1,1,1,1,1,1,1,1,1,1,1,1,1,1,1,1,
DLW0349,1,1,1,1,1,1,1,1,1,1,1,1,1,1,1,1,1,1,
JVH1575,1,1,1,1,1,1,1,1,1,1,1,1,1,1,1,1,1,1,
PRD0922,1,1,1,1,1,1,1,1,1,1,1,1,1,1,1,1,1,1,
BHM1707,1,1,1,1,1,1,1,1,1,1,1,1,1,1,1,1,1,1,
YMF1089,1,1,1,1,1,1,1,1,1,1,1,1,1,1,1,1,1,1,
ONG1642,1,1,1,1,1,1,1,1,1,1,1,1,1,1,1,1,1,1,
BIS1598,1,1,1,1,1,1,1,1,1,1,1,1,1,1,1,1,1,1,
MNE1698,1,1,1,1,1,1,1,1,1,1,1,1,1,1,1,1,1,1,
HJC1227,1,1,1,1,1,1,1,1,1,1,1,1,1,1,1,1,1,1,
JCF0594,1,1,1,1,1,1,1,1,1,1,1,1,1,1,1,1,1,1,
SKF1892,1,1,1,1,1,1,1,1,1,1,1,1,1,1,1,1,1,1,
EWA0156,1,1,1,1,1,1,1,1,1,1,1,1,1,1,1,1,1,1,
FZG0389,1,1,1,1,1,1,1,1,1,1,1,1,1,0,0,0,0,0,
MPK1844,1,1,1,1,1,1,1,1,1,1,1,1,1,1,1,1,1,1,
PMM1117,1,1,1,1,1,1,1,1,1,1,1,1,1,1,1,1,1,1,
BBM0588,1,1,1,1,1,1,1,1,1,1,1,1,1,1,1,1,1,1,
UHM1273,1,1,1,1,1,1,1,1,1,1,1,1,1,1,1,1,1,1,
RBH0661,1,1,1,1,1,1,1,1,1,1,1,1,1,1,1,1,1,1,
EMM0641,1,1,1,1,1,1,1,1,1,1,1,1,1,1,1,1,1,1,
GPH0932,1,1,1,1,1,1,1,1,1,1,1,1,1,1,1,1,1,1,
ACG0152,1,1,1,1,1,1,1,1,1,1,1,1,1,1,1,1,1,1,
BEM1501,1,1,1,1,1,1,1,1,1,1,1,1,1,1,1,1,1,1,
JDM0396,1,1,1,1,1,1,1,1,1,1,1,1,1,1,1,1,1,1,
KBL0908,1,1,1,1,1,1,1,1,1,1,1,1,1,1,1,1,1,1,
AWK1773,1,1,1,1,1,1,1,1,1,1,1,1,1,1,1,1,1,1,
CHM1312,1,1,1,1,1,1,1,1,1,1,1,1,1,1,1,1,1,1,
ENM1861,1,1,1,1,1,1,1,1,1,1,1,1,1,1,1,1,1,1,
CAB1189,1,1,1,1,1,1,1,1,1,1,1,1,1,1,0,0,0,0,
BNN0975,1,1,1,1,1,1,1,1,1,1,1,1,1,1,1,1,1,1,
JCS1506,1,1,1,1,1,1,1,1,1,1,1,1,1,1,1,1,1,1,
MBM0712,1,1,1,1,1,1,1,1,1,1,1,1,1,1,1,1,1,1,
YBD1929,1,1,1,1,1,1,1,1,1,1,1,1,1,1,1,1,1,1,
AML0268,1,1,1,1,1,1,1,1,1,1,1,1,1,1,1,1,1,1,
HMS1658,1,1,1,1,1,1,1,1,1,1,1,1,0,0,0,0,0,0,
NTM0305,1,1,1,1,1,1,1,1,1,1,1,1,1,1,1,1,1,1,
SJA0635,1,1,1,1,1,1,1,1,1,1,1,1,1,1,1,1,1,1,
HJO1239,1,1,1,1,1,1,1,1,1,1,1,1,1,1,1,1,1,1,
EJG1445,1,1,1,1,1,1,1,1,1,1,1,1,1,1,1,1,1,1,
TCH0264,1,1,1,1,1,1,1,1,1,1,1,1,1,1,1,1,1,1,
CAB0290,1,1,1,1,1,1,1,1,1,1,1,1,1,1,1,1,1,1,
JVH0571,1,1,1,1,1,1,1,1,1,1,1,1,1,1,1,1,1,1,
CRM0963,1,1,1,1,1,1,1,1,1,1,1,1,1,1,1,1,1,1,
NZH1839,1,1,1,1,1,1,1,1,1,1,1,1,1,1,1,1,1,1,
WLH1827,1,1,1,1,1,1,1,1,1,1,1,1,1,1,1,1,1,1,
JOR1221,1,1,1,1,1,1,1,1,1,1,1,1,1,1,1,1,1,1,
VCC0258,1,1,1,1,1,1,1,1,1,1,1,1,1,1,1,1,1,1,
BYO1846,1,1,1,1,1,1,1,1,1,1,1,1,0,0,0,0,0,0,
KAC1209,1,1,1,1,1,1,1,1,1,1,1,1,1,1,1,1,1,1,
JAW1429,1,1,1,1,1,1,1,1,1,1,1,1,1,1,1,1,1,1,
IEL0302,1,1,1,1,1,1,1,1,1,1,1,1,1,1,1,1,1,1,
BMG1070,1,1,1,1,1,1,1,1,1,1,1,1,1,1,1,1,1,1,
PSC0426,1,1,1,1,1,1,1,1,1,1,1,1,1,1,1,1,1,1,
DEW1968,1,1,1,1,1,1,1,1,1,1,1,1,1,1,1,1,1,1,
BKB0669,1,1,1,1,1,1,1,1,1,1,1,1,1,1,1,1,1,1,
JAL0811,1,1,1,1,1,1,1,1,1,1,1,1,1,1,0,0,0,0,
YMJ0243,1,1,1,1,1,1,1,1,1,1,1,1,1,1,1,1,1,1,
TTR1792,1,1,1,1,1,1,1,1,1,1,0,0,0,0,0,0,0,0,
BAS0763,1,1,1,1,1,1,1,1,1,1,1,1,1,1,1,1,1,1,
DEW0384,1,1,1,1,1,1,1,1,1,1,1,1,1,1,1,1,1,1,
JAR0794,1,1,1,1,1,1,1,1,1,1,1,1,1,1,1,1,1,1,
JAC1275,1,1,1,1,1,1,1,1,1,1,1,1,1,1,1,1,1,1,
JKB0287,1,1,1,1,1,1,1,1,1,1,0,0,0,0,0,0,0,0,
ISD1866,1,1,1,1,1,1,1,1,1,1,1,1,1,1,1,1,1,1,
QDB1765,1,1,1,1,1,1,1,1,1,1,1,1,1,1,1,1,1,1,
DML0822,1,1,1,1,1,1,1,1,1,1,1,1,1,1,1,1,1,1,
EAP0107,1,1,1,1,1,1,1,1,1,1,1,1,1,1,1,1,1,1,
KSS1005,1,1,1,1,1,1,1,1,1,1,1,1,1,1,1,1,0,0,
LBL0578,1,1,1,1,1,1,1,1,1,1,1,1,1,1,1,1,1,1,
BNV1461,1,1,1,1,1,1,1,1,1,1,1,1,1,1,1,1,1,1,
JKB0924,1,1,1,1,1,1,1,1,1,1,1,1,1,1,1,1,1,1,
DLB0955,1,1,1,1,1,1,1,1,1,1,1,1,1,1,1,1,1,1,
AZW1420,1,1,1,1,1,1,1,1,1,1,1,1,1,1,1,1,1,1,
BKA1178,1,1,1,1,1,1,1,1,1,1,1,1,1,1,1,1,1,1,
RJC0381,1,1,1,1,1,1,1,1,1,1,1,1,1,1,1,1,1,1,
ERV1880,1,1,1,1,1,1,1,1,1,1,1,1,1,1,1,1,1,1,
WWW0701,1,1,1,1,1,1,1,1,1,1,1,1,1,1,1,1,0,0,
JAH1802,1,1,1,1,1,1,1,1,1,1,1,1,1,1,1,1,1,1,
LSO1783,1,1,1,1,1,1,1,1,1,1,1,1,1,1,1,1,1,1,
FMG1549,1,1,1,1,1,1,1,1,1,1,1,1,1,1,1,1,1,1,
EJV0094,1,1,1,1,1,1,1,1,1,1,1,1,0,0,0,0,0,0,
GTF1464,1,1,1,1,1,1,1,1,1,1,1,1,1,1,1,1,1,1,
HSN0675,1,1,1,1,1,1,1,1,1,1,1,1,1,1,1,1,1,0,
RMN1226,1,1,1,1,1,1,1,1,1,1,1,1,1,1,1,1,1,1,
MOD1927,1,1,1,1,1,1,1,1,1,1,1,1,1,1,1,1,1,1,
NJS1194,1,1,1,1,1,1,1,1,1,1,1,1,1,1,1,1,1,1,
DJT1534,1,1,1,1,1,1,1,1,1,1,1,1,1,1,1,1,1,1,
KVP1424,1,1,1,1,1,1,1,1,1,1,1,1,1,1,1,1,1,1,
GCE1147,1,1,1,1,1,1,1,1,1,1,1,1,1,1,1,1,1,1,
MKT1931,1,1,1,1,1,1,1,1,1,1,1,1,1,1,1,1,1,1,
MYB1332,1,1,1,1,1,1,1,1,1,1,1,1,1,1,1,1,1,1,
BAS1097,1,1,1,1,1,1,1,1,1,1,1,1,1,1,1,1,1,1,
ZBC0291,1,1,1,1,1,1,1,1,1,1,1,1,1,1,1,1,1,1,
JCV0994,1,1,1,1,1,1,1,1,1,1,1,1,1,1,1,1,1,1,
ANG0427,1,1,1,1,1,1,1,1,1,1,1,1,1,1,1,1,1,1,
RHM0775,1,1,1,1,1,1,1,1,1,1,1,1,1,1,1,1,1,1,
ICM0537,1,1,1,1,1,1,1,1,1,1,1,1,1,1,1,1,1,1,
KRA1047,1,1,1,1,1,1,1,1,1,1,1,1,1,1,1,1,1,1,
IMC0133,1,1,1,1,1,1,1,1,1,1,1,1,1,1,1,1,1,1,
CGS0309,1,1,1,1,1,1,1,1,1,1,1,1,1,1,1,1,1,1,
RCW1932,1,1,1,1,1,1,1,1,1,1,1,1,1,1,1,1,1,1,
BAH1537,1,1,1,1,1,1,1,1,1,1,1,1,1,1,1,1,1,1,
MTS0958,1,1,1,1,1,1,1,1,1,1,1,1,1,1,1,1,1,1,
KCF0767,1,1,1,1,1,1,1,1,1,1,1,1,1,1,1,1,1,1,
BRG0728,1,1,1,1,1,1,1,1,1,1,1,1,0,0,0,0,0,0,
LYL1334,1,1,1,1,1,1,1,1,1,1,1,1,1,1,1,1,1,1,
GWG0497,1,1,1,1,1,1,1,1,1,1,0,0,0,0,0,0,0,0,
RAB0251,1,1,1,1,1,1,1,1,1,1,1,1,1,1,1,1,1,1,
YBH1926,1,1,1,1,1,1,1,1,1,1,1,1,1,1,0,0,0,0,
SNK1280,1,1,1,1,1,1,1,1,1,1,1,1,1,1,0,0,0,0,
DZO0285,1,1,1,1,1,1,1,1,1,1,1,1,1,1,1,1,1,1,
OQE0920,1,1,1,1,1,1,1,1,1,1,1,1,1,1,1,1,1,1,
KIB0089,1,1,1,1,1,1,1,1,1,1,1,1,1,1,1,1,1,1,
LKC1796,1,1,1,1,1,1,1,1,1,1,1,1,1,1,1,1,1,1,
FES1814,1,1,1,1,1,1,1,1,1,1,1,1,1,1,1,1,1,1,
SHG1897,1,1,1,1,1,1,1,1,1,1,1,1,1,1,1,1,1,1,
RDM0489,1,1,1,1,1,1,1,1,1,1,1,1,1,1,1,1,1,1,
SAW1961,1,1,1,1,1,1,1,1,1,1,1,1,1,1,1,1,1,1,
JHM1805,1,1,1,1,1,1,1,1,1,1,1,1,1,1,1,1,1,1,
LSN1462,1,1,1,1,1,1,1,1,1,1,1,1,1,1,1,1,1,1,
DJA0192,1,1,1,1,1,1,1,1,1,1,1,1,1,1,1,1,1,1,
INK1859,1,1,1,1,1,1,1,1,1,1,1,1,1,1,1,1,1,1,
JIG1593,1,1,1,1,1,1,1,1,1,1,1,1,1,1,1,1,1,1,
HRB1725,1,1,1,1,1,1,1,1,1,1,1,1,1,1,1,1,1,1,
AME1364,1,1,1,1,1,1,1,1,1,1,1,1,1,1,1,1,1,1,
PJC0254,1,1,1,1,1,1,1,1,1,1,1,1,1,1,1,1,1,1,
KCM0402,1,1,1,1,1,1,1,1,1,1,1,1,1,1,1,1,1,1,
BDB1111,1,1,1,1,1,1,1,1,1,1,1,1,1,1,1,1,1,1,
CFJ0335,1,1,1,1,1,1,1,1,1,1,1,1,1,1,1,1,1,1,
IAC0825,1,1,1,1,1,1,1,1,1,1,1,1,1,1,1,1,1,1,
SGN0146,1,1,1,1,1,1,1,1,1,1,1,1,1,1,1,1,1,1,
AGB1507,1,1,1,1,1,1,1,1,1,1,1,1,1,1,1,1,1,1,
LJM1807,1,1,1,1,1,1,1,1,1,1,1,1,1,1,0,0,0,0,
JGW0820,1,1,1,1,1,1,1,1,1,1,1,1,1,1,1,1,1,1,
JDC0326,1,1,1,1,1,1,1,1,1,1,1,1,1,1,1,1,1,1,
WRH0868,1,1,1,1,1,1,1,1,1,1,1,1,1,1,1,1,1,1,
KSL0808,1,1,1,1,1,1,1,1,1,1,1,1,1,1,1,1,1,1,
AMC0265,1,1,1,1,1,1,1,1,1,1,1,1,1,1,1,1,1,1,
ACH0937,1,1,1,1,1,1,1,1,1,1,1,1,1,1,1,1,1,1,
ELT1370,1,1,1,1,1,1,1,1,1,1,1,1,1,1,1,0,0,0,
URB1668,1,1,1,1,1,1,1,1,1,1,1,1,1,1,1,1,1,1,
DOT0144,1,1,1,1,1,1,1,1,1,1,1,1,1,1,1,1,1,1,
MMD1477,1,1,1,1,1,1,1,1,1,1,1,1,1,1,1,1,1,1,
WOS1834,1,1,1,1,1,1,1,1,1,1,1,1,1,1,1,1,1,1,
AGW1389,1,1,1,1,1,1,1,1,1,1,1,1,1,1,1,1,1,1,
RDS1398,1,1,1,1,1,1,1,1,1,1,1,1,1,1,1,1,1,1,
ATB0490,1,1,1,1,1,1,1,1,1,1,1,1,1,1,1,1,1,1,
CCP1491,1,1,1,1,1,1,1,1,1,1,1,1,1,1,1,1,1,1,
ISK0116,1,1,1,1,1,1,1,1,1,1,1,1,1,1,1,1,1,1,
JCB0791,1,1,1,1,1,1,1,1,1,1,1,1,1,1,1,1,1,1,
KCM0466,1,1,1,1,1,1,1,1,1,1,1,1,1,1,0,0,0,0,
LSJ0979,1,1,1,1,1,1,1,1,1,1,1,1,1,1,1,1,1,1,
AVH1217,1,1,1,1,1,1,1,1,1,1,1,1,1,1,1,1,1,1,
HOD1010,1,1,1,1,1,1,1,1,1,1,1,1,1,1,1,1,1,1,
CRC1132,1,1,1,1,1,1,1,1,1,1,1,1,1,1,1,1,1,1,
MEH0029,1,1,1,1,1,1,1,1,1,1,1,1,1,1,1,1,1,1,
DJW0418,1,1,1,1,1,1,1,1,1,1,1,1,1,1,1,1,1,1,
MCB0582,1,1,1,1,1,1,1,1,1,1,1,1,1,1,1,1,1,1,
BBF0480,1,1,1,1,1,1,1,1,1,1,1,1,1,1,1,1,1,1,
ESW0928,1,1,1,1,1,1,1,1,1,1,1,1,1,1,1,1,1,1,
SME1271,1,1,1,1,1,1,1,1,1,1,1,1,1,1,1,1,1,1,
QRF0039,1,1,1,1,1,1,1,1,1,1,1,1,1,1,1,1,1,1,
HJB0858,1,1,1,1,1,1,1,1,1,1,1,1,1,1,1,1,1,1,
MJF1646,1,1,1,1,1,1,1,1,1,1,1,1,1,1,1,1,1,1,
XKR0168,1,1,1,1,1,1,1,1,1,1,1,1,1,1,1,1,1,1,
SAM0911,1,1,1,1,1,1,1,1,1,1,1,1,1,1,1,1,1,1,
HBF1250,1,1,1,1,1,1,1,1,1,1,1,1,1,1,1,1,1,1,
WYG0599,1,1,1,1,1,1,1,1,1,1,1,1,1,1,1,1,1,1,
HVL1679,1,1,1,1,1,1,1,1,1,1,1,1,1,1,1,1,1,1,
YDH0577,1,1,1,1,1,1,1,1,1,1,1,1,1,1,1,1,1,1,
KFS1029,1,1,1,1,1,1,1,1,1,1,1,1,1,1,0,0,0,0,
BUE1561,1,1,1,1,1,1,1,1,1,1,1,1,1,1,1,1,1,1,
SDH1854,1,1,1,1,1,1,1,1,1,1,1,1,1,1,1,1,1,1,
AES1373,1,1,1,1,1,1,1,1,1,1,1,1,1,1,1,1,1,1,
RLP0666,1,1,1,1,1,1,1,1,1,1,1,1,1,1,1,1,1,1,
SJG1417,1,1,1,1,1,1,1,1,1,1,1,1,1,1,1,1,1,1,
NVA1748,1,1,1,1,1,1,1,1,1,1,1,1,1,1,1,1,1,1,
DES1474,1,1,1,1,1,1,1,1,1,1,1,1,1,1,1,1,1,1,
MES0966,1,1,1,1,1,1,1,1,1,1,1,1,1,1,1,1,1,1,
LJM0375,1,1,1,1,1,1,1,1,1,1,1,1,1,1,1,1,1,1,
BGH1443,1,1,1,1,1,1,1,1,1,1,1,1,1,1,1,1,1,1,
OCL1245,1,1,1,1,1,1,1,1,1,1,1,1,1,1,1,1,1,1,
KDC0996,1,1,1,1,1,1,1,1,1,1,1,1,1,1,1,1,1,1,
BHG1947,1,1,1,1,1,1,1,1,1,1,1,1,1,1,1,1,1,1,
KHG0205,1,1,1,1,1,1,1,1,1,1,1,1,1,1,1,1,1,1,
MOS0359,1,1,1,1,1,1,1,1,1,1,1,1,1,1,1,1,1,1,
QSS1380,1,1,1,1,1,1,1,1,1,1,1,1,1,1,1,1,1,1,
DJC0137,1,1,1,1,1,1,1,1,1,1,1,1,1,1,1,1,1,1,
RJM0409,1,1,1,1,1,1,1,1,1,1,1,1,1,1,1,1,1,1,
CCM1401,1,1,1,1,1,1,1,1,1,1,1,1,1,1,1,1,1,1,
IRM0766,1,1,1,1,1,1,1,1,1,1,1,1,1,1,1,1,1,1,
JJC0259,1,1,1,1,1,1,1,1,1,1,1,1,1,1,1,1,1,1,
EMR0269,1,1,1,1,1,1,1,1,1,1,1,1,1,1,1,1,1,1,
HBH0988,1,1,1,1,1,1,1,1,1,1,1,1,1,1,1,1,1,1,
MAB1340,1,1,1,1,1,1,1,1,1,1,1,1,1,1,1,1,1,1,
JRS0674,1,1,1,1,1,1,1,1,1,1,1,1,1,1,1,1,1,1,
TDH1351,1,1,1,1,1,1,1,1,1,1,1,1,1,1,1,1,1,1,
QJS1362,1,1,1,1,1,1,1,1,1,1,1,1,1,1,1,1,1,1,
CTP0071,1,1,1,1,1,1,1,1,1,1,1,1,1,1,1,1,1,1,
TTM0059,1,1,1,1,1,1,1,1,1,1,1,1,1,1,1,1,1,1,
MSC0216,1,1,1,1,1,1,1,1,1,1,1,1,1,1,1,1,1,1,
CCG1347,1,1,1,1,1,1,1,1,1,1,1,1,1,1,1,1,1,1,
ARD0538,1,1,1,1,1,1,1,1,1,1,1,1,1,1,1,1,1,1,
MLL0162,1,1,1,1,1,1,1,1,1,1,1,1,1,1,1,1,1,1,
CRB0648,1,1,1,1,1,1,1,1,1,1,1,1,1,1,1,1,1,1,
EMB0902,1,1,1,1,1,1,1,1,1,1,1,1,1,1,1,1,1,1,
CCT0142,1,1,1,1,1,1,1,1,1,1,1,1,1,1,1,1,1,1,
GFV1837,1,1,1,1,1,1,1,1,1,1,1,1,1,1,1,1,1,1,
KCG0044,1,1,1,1,1,1,1,1,1,1,1,1,1,1,1,1,1,1,
OHA1516,1,1,1,1,1,1,1,1,1,1,1,1,1,1,1,1,1,1,
BAS1078,1,1,1,1,1,1,1,1,1,1,1,1,1,1,1,1,1,1,
STH0135,1,1,1,1,1,1,1,1,1,1,1,1,1,1,1,1,1,1,
CGF1056,1,1,1,1,1,1,1,1,1,1,1,1,1,1,1,1,1,1,
MXM0184,1,1,1,1,1,1,1,1,1,1,1,1,1,1,1,1,1,1,
JTK0784,1,1,1,1,1,1,1,1,1,1,1,1,1,1,1,1,1,1,
JCB0544,1,1,1,1,1,1,1,1,1,1,1,1,1,1,1,1,1,1,
YWF1562,1,1,1,1,1,1,1,1,1,1,1,1,1,1,1,1,1,1,
GRB1842,1,1,1,1,1,1,1,1,1,1,1,1,1,1,1,1,1,1,
UCC0395,1,1,1,1,1,1,1,1,1,1,1,1,1,1,1,1,1,1,
AFL1759,1,1,1,1,1,1,1,1,1,1,1,1,1,1,1,1,1,1,
BTN0147,1,1,1,1,1,1,1,1,1,1,1,1,1,1,1,1,1,1,
DVM1290,1,1,1,1,1,1,1,1,1,1,1,1,1,1,1,1,1,1,
ATC1916,1,1,1,1,1,1,1,1,1,1,1,1,1,1,1,1,1,1,
RLF0472,1,1,1,1,1,1,1,1,1,1,1,1,1,1,1,1,1,1,
BGC0649,1,1,1,1,1,1,1,1,1,1,1,1,1,1,1,1,1,1,
KAD0817,1,1,1,1,1,1,1,1,1,1,1,1,1,1,1,1,1,1,
MBG1455,1,1,1,1,1,1,1,1,1,1,1,1,1,1,1,1,1,1,
GCH0470,1,1,1,1,1,1,1,1,1,1,1,1,1,1,1,1,1,1,
GRR1428,1,1,1,1,1,1,1,1,1,1,1,1,1,1,1,1,1,1,
DCR1648,1,1,1,1,1,1,1,1,1,1,1,1,1,1,1,1,1,1,
HJW1371,1,1,1,1,1,1,1,1,1,1,1,1,1,1,1,1,1,1,
KDC1240,1,1,1,1,1,1,1,1,1,1,1,1,1,1,1,1,1,1,
GCD0194,1,1,1,1,1,1,1,1,1,1,1,1,1,1,1,1,1,1,
ABM0890,1,1,1,1,1,1,1,1,1,1,1,1,1,1,1,1,1,1,
HPM0360,1,1,1,1,1,1,1,1,1,1,1,1,0,0,0,0,0,0,
KAD0387,1,1,1,1,1,1,1,1,1,1,1,1,1,1,1,1,1,1,
XCC1786,1,1,1,1,1,1,1,1,1,1,1,1,1,1,1,1,1,1,
LSM1228,1,1,1,1,1,1,1,1,1,1,1,1,1,1,1,1,1,1,
JCP1478,1,1,1,1,1,1,1,1,1,1,1,1,1,1,1,1,1,1,
LAF1938,1,1,1,1,1,1,1,1,1,1,1,1,1,1,1,1,1,1,
JLC1301,1,1,1,1,1,1,1,1,1,1,1,1,1,1,1,1,1,1,
SQC1072,1,1,1,1,1,1,1,1,1,1,1,1,1,1,1,0,0,0,
BAA0385,1,1,1,1,1,1,1,1,1,1,1,1,1,1,1,1,1,1,
ERM1590,1,1,1,1,1,1,1,1,1,1,1,1,1,1,1,1,1,1,
GBO1324,1,1,1,1,1,1,1,1,1,1,1,1,1,1,1,1,1,1,
DJH0253,1,1,1,1,1,1,1,1,1,1,1,1,1,1,1,1,1,0,
MAW0469,1,1,1,1,1,1,1,1,1,1,1,1,1,1,1,1,1,1,
AXS0729,1,1,1,1,1,1,1,1,1,1,1,1,1,1,1,1,1,1,
SLC1391,1,1,1,1,1,1,1,1,1,1,1,1,1,1,1,1,1,1,
AJD1612,1,1,1,1,1,1,1,1,1,1,1,1,1,1,1,1,1,1,
DKG0161,1,1,1,1,1,1,1,1,1,1,1,1,1,1,1,1,1,1,
AAG1136,1,1,1,1,1,1,1,1,1,1,1,1,1,1,1,1,1,1,
JDR0927,1,1,1,1,1,1,1,1,1,1,1,1,1,1,1,1,1,1,
CBS1856,1,1,1,1,1,1,1,1,1,1,1,1,1,1,1,1,1,1,
TMM0292,1,1,1,1,1,1,1,1,1,1,1,1,1,1,1,1,1,1,
KAW0642,1,1,1,1,1,1,1,1,1,1,1,1,1,1,1,1,1,1,
DCF1479,1,1,1,1,1,1,1,1,1,1,1,1,1,1,1,1,1,1,
JAG0106,1,1,1,1,1,1,1,1,1,1,1,1,1,1,1,1,1,1,
SDR0388,1,1,1,1,1,1,1,1,1,1,1,1,1,1,1,1,1,1,
PMB1928,1,1,1,1,1,1,1,1,1,1,1,1,1,1,1,1,1,1,
JDR1106,1,1,1,1,1,1,1,1,1,1,1,1,1,1,1,1,1,1,
TNH1048,1,1,1,1,1,1,1,1,1,1,1,1,1,1,1,1,1,1,
IAM1913,1,1,1,1,1,1,1,1,1,1,1,1,1,1,1,1,1,1,
BGK0345,1,1,1,1,1,1,1,1,1,1,1,1,1,1,1,1,1,1,
GKW0043,1,1,1,1,1,1,1,1,1,1,1,0,0,0,0,0,0,0,
ANC0027,1,1,1,1,1,1,1,1,1,1,1,1,1,1,1,1,1,1,
CRM0880,1,1,1,1,1,1,1,1,1,1,1,1,1,1,1,1,1,1,
RXH1139,1,1,1,1,1,1,1,1,1,1,1,1,1,1,1,1,1,1,
TJO0663,1,1,1,1,1,1,1,1,1,1,1,1,1,1,1,1,1,1,
WSE1363,1,1,1,1,1,1,1,1,1,1,1,1,1,1,1,1,1,1,
ANH1583,1,1,1,1,1,1,1,1,1,1,1,1,1,1,1,1,1,1,
DOS0777,1,1,1,1,1,1,1,1,1,1,1,1,1,1,1,1,1,1,
DBS0048,1,1,1,1,1,1,1,1,1,1,1,1,1,1,1,1,1,1,
LUH1376,1,1,1,1,1,1,1,1,1,1,1,1,1,1,1,1,1,1,
KIC0438,1,1,1,1,1,1,1,1,1,1,1,1,1,1,1,1,1,1,
RPM0125,1,1,1,1,1,1,1,1,1,1,1,1,1,1,1,1,1,1,
SJC1563,1,1,1,1,1,1,1,1,1,1,1,1,1,1,1,1,1,1,
SAF1261,1,1,1,1,1,1,1,1,1,1,1,1,1,1,1,1,1,1,
GEK1638,1,1,1,1,1,1,1,1,1,1,1,1,1,1,1,1,1,1,
RHG0882,1,1,1,1,1,1,1,1,1,1,1,1,1,1,1,1,1,1,
YBH0948,1,1,1,1,1,1,1,1,1,1,1,1,1,1,1,1,1,1,
ACT1903,1,1,1,1,1,1,1,1,1,1,1,1,1,1,1,1,1,1,
TME0887,1,1,1,1,1,1,1,1,1,1,1,1,1,1,1,1,1,1,
GSA1925,1,1,1,1,1,1,1,1,1,1,1,1,1,1,1,1,1,1,
TDR1930,1,1,1,1,1,1,1,1,1,1,1,1,1,1,1,1,1,1,
NKG0319,1,1,1,1,1,1,1,1,1,1,1,1,1,1,1,1,1,1,
HSH1102,1,1,1,1,1,1,1,1,1,1,1,1,1,1,1,1,1,1,
VBK0007,1,1,1,1,1,1,1,1,1,1,1,1,1,1,1,1,1,1,
ARP1356,1,1,1,1,1,1,1,1,1,1,1,1,1,1,1,1,1,1,
MIC0916,1,1,1,1,1,1,1,1,1,1,1,1,1,1,1,1,1,1,
MML0631,1,1,1,1,1,1,1,1,1,1,1,1,1,1,1,1,1,1,
IBH1267,1,1,1,1,1,1,1,1,1,1,1,1,1,1,1,1,1,1,
YLR1188,1,1,1,1,1,1,1,1,1,1,1,1,1,1,1,1,1,1,
JHR1580,1,1,1,1,1,1,1,1,1,1,1,1,1,1,1,1,1,1,
CGV0671,1,1,1,1,1,1,1,1,1,1,1,1,1,1,1,1,1,1,
HIS1394,1,1,1,1,1,1,1,1,1,1,1,1,0,0,0,0,0,0,
LMM0167,1,1,1,1,1,1,1,1,1,1,1,1,1,1,1,1,0,0,
MLM1614,1,1,1,1,1,1,1,1,1,1,1,1,1,1,1,1,1,1,
AEF1032,1,1,1,1,1,1,1,1,1,1,1,1,1,1,1,1,1,1,
NMP1003,1,1,1,1,1,1,1,1,1,1,1,1,1,1,1,1,1,1,
JMW0038,1,1,1,1,1,1,1,1,1,1,1,1,1,1,1,1,1,1,
BCA1517,1,1,1,1,1,1,1,1,1,1,1,1,1,1,1,1,1,1,
SLD1471,1,1,1,1,1,1,1,1,1,1,1,1,1,1,1,1,1,1,
LSH0464,1,1,1,1,1,1,1,1,1,1,1,1,1,1,1,1,1,1,
JMP0275,1,1,1,1,1,1,1,1,1,1,1,1,1,1,1,1,1,1,
TLS0643,1,1,1,1,1,1,1,1,1,1,1,1,1,1,1,1,1,1,
NRM1656,1,1,1,1,1,1,1,1,1,1,1,1,1,1,1,1,1,1,
PIR1632,1,1,1,1,1,1,1,1,1,1,1,1,1,1,1,1,1,1,
HBW0683,1,1,1,1,1,1,1,1,1,1,1,1,1,1,1,1,1,1,
DTB0964,1,1,1,1,1,1,1,1,1,1,1,1,1,1,1,1,1,1,
HDL0789,1,1,1,1,1,1,1,1,1,1,1,1,1,1,1,1,1,1,
XJS1358,1,1,1,1,1,1,1,1,1,1,1,1,1,1,1,1,1,1,
KIF0951,1,1,1,1,1,1,1,1,1,1,1,1,1,1,1,1,1,1,
DBJ1992,1,1,1,1,1,1,1,1,1,1,1,1,1,1,1,1,1,1,
KLM0941,1,1,1,1,1,1,1,1,1,1,1,1,1,1,1,1,1,1,
AMS1236,1,1,1,1,1,1,1,1,1,1,1,1,1,1,0,0,0,0,
NRH1383,1,1,1,1,1,1,1,1,1,1,1,1,1,1,1,1,1,1,
ECW0160,1,1,1,1,1,1,1,1,1,1,1,1,1,1,1,1,1,1,
CGN0451,1,1,1,1,1,1,1,1,1,1,1,1,1,1,1,1,1,1,
HYA0368,1,1,1,1,1,1,1,1,1,1,1,1,1,1,1,1,1,1,
SRM1184,1,1,1,1,1,1,1,1,1,1,1,1,1,1,1,1,1,1,
PBS0120,1,1,1,1,1,1,1,1,1,1,1,1,1,1,1,1,1,1,
IIM0781,1,1,1,1,1,1,1,1,1,1,1,1,1,1,1,1,1,1,
JAM0752,1,1,1,1,1,1,1,1,1,1,1,1,1,1,1,1,1,1,
GAD0664,1,1,1,1,1,1,1,1,1,1,1,1,1,1,1,1,1,1,
AJS1482,1,1,1,1,1,1,1,1,1,1,1,1,1,1,1,1,1,1,
KAW0431,1,1,1,1,1,1,1,1,1,1,1,1,1,1,1,1,1,1,
RBN1906,1,1,1,1,1,1,1,1,1,1,1,1,1,1,1,1,1,1,
RAB1453,1,1,1,1,1,1,1,1,1,1,1,1,1,1,1,1,1,1,
SVB0209,1,1,1,1,1,1,1,1,1,1,1,1,1,1,1,1,1,1,
JRE1402,1,1,1,1,1,1,1,1,1,1,1,1,1,1,1,1,1,1,
MZV1557,1,1,1,1,1,1,1,1,1,1,1,1,1,1,1,1,1,1,
DEM0018,1,1,1,1,1,1,1,1,1,1,1,1,1,1,1,1,1,1,
ASR0150,1,1,1,1,1,1,1,1,1,1,1,1,1,1,1,1,1,1,
ASM0398,1,1,1,1,1,1,1,1,1,1,1,1,1,1,1,1,1,1,
ARL0411,1,1,1,1,1,1,1,1,1,1,1,1,1,1,1,1,1,1,
JOM1740,1,1,1,1,1,1,1,1,1,1,1,1,1,1,1,1,1,1,
IAJ1729,1,1,1,1,1,1,1,1,1,1,1,1,1,1,1,0,0,0,
BDR0223,1,1,1,1,1,1,1,1,1,1,1,1,1,1,1,1,1,1,
DLW1705,1,1,1,1,1,1,1,1,1,1,1,1,1,1,1,1,1,1,
EJB0241,1,1,1,1,1,1,1,1,1,1,1,1,1,1,1,1,1,1,
CMV0524,1,1,1,1,1,1,1,1,1,1,1,1,1,1,1,1,1,1,
SGB0428,1,1,1,1,1,1,1,1,1,1,1,1,1,1,1,1,1,1,
HJR0841,1,1,1,1,1,1,1,1,1,1,1,1,1,1,1,1,1,1,
AAC1033,1,1,1,1,1,1,1,1,1,1,1,1,1,1,1,1,1,1,
OFM0341,1,1,1,1,1,1,1,1,1,1,1,1,1,1,1,1,1,1,
IQB1745,1,1,1,1,1,1,1,1,1,1,1,1,1,1,1,1,1,1,
AKD0332,1,1,1,1,1,1,1,1,1,1,1,1,1,1,1,1,1,1,
EHJ1339,1,1,1,1,1,1,1,1,1,1,1,1,1,1,1,1,1,1,
AHJ1993,1,1,1,1,1,1,1,1,1,1,1,1,1,1,1,1,1,1,
TDC0800,1,1,1,1,1,1,1,1,1,1,1,1,1,1,1,1,1,1,
VPA0974,1,1,1,1,1,1,1,1,1,1,1,1,1,1,1,1,1,0,
RBA1723,1,1,1,1,1,1,1,1,1,1,1,1,1,1,1,1,1,1,
EXB0090,1,1,1,1,1,1,1,1,1,1,1,1,1,1,1,1,1,1,
VCG1873,1,1,1,1,1,1,1,1,1,1,1,1,1,1,1,1,1,1,
JJW1785,1,1,1,1,1,1,1,1,1,1,1,1,1,0,0,0,0,0,
TAB0519,1,1,1,1,1,1,1,1,1,1,1,1,1,1,1,1,1,1,
TRS0224,1,1,1,1,1,1,1,1,1,1,1,1,1,1,1,1,1,1,
MMS1905,1,1,1,1,1,1,1,1,1,1,1,1,1,1,1,1,1,1,
UMB0322,1,1,1,1,1,1,1,1,1,1,1,1,1,1,1,1,1,1,
LRW1079,1,1,1,1,1,1,1,1,1,1,1,1,1,1,1,1,1,1,
UOR1486,1,1,1,1,1,1,1,1,1,1,1,1,1,1,1,1,1,1,
ELC1173,1,1,1,1,1,1,1,1,1,1,1,1,1,1,1,1,1,1,
IDC0249,1,1,1,1,1,1,1,1,1,1,1,1,1,1,1,1,1,1,
HDH1384,1,1,1,1,1,1,1,1,1,1,1,1,1,1,1,1,1,1,
JLF1315,1,1,1,1,1,1,1,1,1,1,1,1,1,1,1,1,1,1,
ISW0738,1,1,1,1,1,1,1,1,1,1,1,0,0,0,0,0,0,0,
GHW0372,1,1,1,1,1,1,1,1,1,1,1,1,1,1,1,1,1,1,
GRB0748,1,1,1,1,1,1,1,1,1,1,1,1,1,1,1,1,1,1,
MTH0737,1,1,1,1,1,1,1,1,1,1,1,1,1,1,1,1,1,1,
NKF1871,1,1,1,1,1,1,1,1,1,1,1,1,1,1,1,1,1,1,
RSH0836,1,1,1,1,1,1,1,1,1,1,1,1,1,1,1,1,1,1,
ZEP0543,1,1,1,1,1,1,1,1,1,1,1,1,1,1,1,1,1,1,
WDS1286,1,1,1,1,1,1,1,1,1,1,1,1,1,1,1,1,1,1,
TCC0311,1,1,1,1,1,1,1,1,1,1,1,1,1,1,1,1,1,1,
EAC0769,1,1,1,1,1,1,1,1,1,1,1,1,1,1,1,1,1,1,
AYG1697,1,1,1,1,1,1,1,1,1,1,1,0,0,0,0,0,0,0,
SKB1962,1,1,1,1,1,1,1,1,1,1,1,1,1,1,1,1,1,1,
KSC1352,1,1,1,1,1,1,1,1,1,1,1,1,1,1,1,1,1,1,
JCM0580,1,1,1,1,1,1,1,1,1,1,1,1,1,1,1,1,1,1,
BHA1577,1,1,1,1,1,1,1,1,1,1,1,1,1,1,1,1,1,1,
LMW0837,1,1,1,1,1,1,1,1,1,1,1,0,0,0,0,0,0,0,
RBD1304,1,1,1,1,1,1,1,1,1,1,1,1,1,1,1,1,1,1,
EDC0697,1,1,1,1,1,1,1,1,1,1,1,1,1,1,1,1,1,1,
AMB0403,1,1,1,1,1,1,1,1,1,1,1,1,1,1,1,1,1,1,
RKF1268,1,1,1,1,1,1,1,1,1,1,1,1,1,1,1,1,1,1,
HNR0874,1,1,1,1,1,1,1,1,1,1,1,1,1,1,1,1,1,1,
DAD1438,1,1,1,1,1,1,1,1,1,1,1,1,1,1,1,1,1,1,
KEM1211,1,1,1,1,1,1,1,1,1,1,1,1,1,1,1,1,1,1,
BMR0343,1,1,1,1,1,1,1,1,1,1,1,1,1,1,1,1,1,1,
GGD1545,1,1,1,1,1,1,1,1,1,1,1,1,1,1,1,1,1,1,
JPW0533,1,1,1,1,1,1,1,1,1,1,1,1,1,1,1,1,1,1,
KZB1630,1,1,1,1,1,1,1,1,1,1,1,1,1,1,1,1,1,1,
KSS1519,1,1,1,1,1,1,1,1,1,1,1,1,1,1,1,1,1,1,
AAB1762,1,1,1,1,1,1,1,1,1,1,1,1,1,1,1,1,1,1,
HTB0444,1,1,1,1,1,1,1,1,1,1,1,1,1,1,1,1,1,1,
ALW0764,1,1,1,1,1,1,1,1,1,1,1,1,1,1,0,0,0,0,
KBP0124,1,1,1,1,1,1,1,1,1,1,1,1,1,1,1,1,1,1,
JAR1708,1,1,1,1,1,1,1,1,1,1,1,1,1,1,1,1,1,1,
MBH1177,1,1,1,1,1,1,1,1,1,1,1,1,1,1,1,1,1,1,
LJL1891,1,1,1,1,1,1,1,1,1,1,1,1,1,1,1,1,1,1,
KIS1205,1,1,1,1,1,1,1,1,1,1,1,1,1,1,1,1,1,1,
CBG0183,1,1,1,1,1,1,1,1,1,1,1,1,1,1,1,1,1,1,
DXB1791,1,1,1,1,1,1,1,1,1,1,1,1,1,1,1,1,1,1,
CLN0061,1,1,1,1,1,1,1,1,1,1,1,1,1,1,1,1,1,1,
ICB1890,1,1,1,1,1,1,1,1,1,1,1,0,0,0,0,0,0,0,
TBM1904,1,1,1,1,1,1,1,1,1,1,1,1,1,1,1,1,1,1,
SFJ0856,1,1,1,1,1,1,1,1,1,1,1,1,1,1,1,1,1,1,
KUB1569,1,1,1,1,1,1,1,1,1,1,1,1,1,1,1,1,1,1,
CRD0404,1,1,1,1,1,1,1,1,1,1,1,1,1,1,1,1,1,1,
MOW1888,1,1,1,1,1,1,1,1,1,1,1,1,1,1,1,1,1,1,
BGM0233,1,1,1,1,1,1,1,1,1,1,1,1,1,1,1,1,1,1,
ECT1326,1,1,1,1,1,1,1,1,1,1,1,1,1,1,1,1,1,1,
BTR1410,1,1,1,1,1,1,1,1,1,1,1,1,1,1,1,1,1,1,
QJF0725,1,1,1,1,1,1,1,1,1,1,1,1,1,1,1,1,1,1,
MDL0294,1,1,1,1,1,1,1,1,1,1,1,1,1,1,1,1,1,1,
SDW1781,1,1,1,1,1,1,1,1,1,1,1,1,1,1,1,1,1,1,
TMT0851,1,1,1,1,1,1,1,1,1,1,1,1,1,1,1,1,1,0,
UMT1084,1,1,1,1,1,1,1,1,1,1,1,1,1,1,1,1,1,1,
AUH0138,1,1,1,1,1,1,1,1,1,1,1,1,1,1,1,1,1,1,
SKV0041,1,1,1,1,1,1,1,1,1,1,1,1,1,1,1,1,1,1,
MMR1502,1,1,1,1,1,1,1,1,1,1,1,1,1,1,1,1,1,1,
EJM1742,1,1,1,1,1,1,1,1,1,1,1,1,1,1,1,1,1,1,
KJH0872,1,1,1,1,1,1,1,1,1,1,1,1,1,1,1,1,1,1,
VSH1899,1,1,1,1,1,1,1,1,1,1,1,1,1,1,1,1,1,1,
HBF0022,1,1,1,1,1,1,1,1,1,1,1,1,1,1,1,1,1,1,
QZH0367,1,1,1,1,1,1,1,1,1,1,1,1,1,1,1,1,1,1,
CKE0373,1,1,1,1,1,1,1,1,1,1,1,1,1,1,1,1,1,1,
FMP0459,1,1,1,1,1,1,1,1,1,1,1,1,1,1,1,1,1,1,
XRS0498,1,1,1,1,1,1,1,1,1,1,1,1,1,1,1,1,1,1,
CEG1442,1,1,1,1,1,1,1,1,1,1,1,1,1,1,1,1,1,1,
CTK0037,1,1,1,1,1,1,1,1,1,1,1,1,1,1,1,1,1,1,
YJB0171,1,1,1,1,1,1,1,1,1,1,1,1,1,1,1,1,1,1,
DKJ1319,1,1,1,1,1,1,1,1,1,1,1,1,1,1,1,1,1,1,
OWS0279,1,1,1,1,1,1,1,1,1,1,1,1,1,1,1,1,1,1,
KSC1255,1,1,1,1,1,1,1,1,1,1,1,1,1,1,1,1,1,1,
DES0591,1,1,1,1,1,1,1,1,1,1,1,1,1,1,1,1,1,1,
SRR0324,1,1,1,1,1,1,1,1,1,1,1,1,1,1,1,1,1,1,
YNC1336,1,1,1,1,1,1,1,1,1,1,1,1,1,1,1,1,1,1,
AGB0447,1,1,1,1,1,1,1,1,1,1,1,1,1,1,1,1,1,1,
JPB0450,1,1,1,1,1,1,1,1,1,1,1,1,1,1,1,1,1,1,
PDB1766,1,1,1,1,1,1,1,1,1,1,1,1,1,1,1,1,1,1,
DRN0735,1,1,1,1,1,1,1,1,1,1,1,1,1,1,1,1,1,1,
CTB0744,1,1,1,1,1,1,1,1,1,1,1,1,1,1,1,1,1,1,
CHW0919,1,1,1,1,1,1,1,1,1,1,1,1,1,1,1,1,1,1,
UEH0944,1,1,1,1,1,1,1,1,1,1,1,1,1,1,1,1,1,1,
FCB1141,1,1,1,1,1,1,1,1,1,1,1,1,1,1,1,1,1,1,
MAB0500,1,1,1,1,1,1,1,1,1,1,1,1,1,1,1,1,1,1,
MGG1342,1,1,1,1,1,1,1,1,1,1,1,1,1,1,1,1,1,1,
BWW0751,1,1,1,1,1,1,1,1,1,1,1,1,1,1,1,1,1,1,
OFB1017,1,1,1,1,1,1,1,1,1,1,1,1,1,1,1,1,1,1,
JJM0234,1,1,1,1,1,1,1,1,1,1,1,1,1,1,1,1,1,1,
NUW1599,1,1,1,1,1,1,1,1,1,1,1,1,1,1,1,1,1,1,
JOR1495,1,1,1,1,1,1,1,1,1,1,1,1,1,1,1,1,1,1,
NKT1510,1,1,1,1,1,1,1,1,1,1,1,1,1,1,1,1,1,1,
NJP0665,1,1,1,1,1,1,1,1,1,1,1,1,1,1,1,1,1,1,
OBN1958,1,1,1,1,1,1,1,1,1,1,1,1,1,1,1,1,1,1,
HBP0009,1,1,1,1,1,1,1,1,1,1,1,1,1,1,1,1,1,1,
DPN1990,1,1,1,1,1,1,1,1,1,1,1,1,1,1,1,1,1,1,
ACA1126,1,1,1,1,1,1,1,1,1,1,1,1,0,0,0,0,0,0,
EYM0896,1,1,1,1,1,1,1,1,1,1,1,1,1,1,1,1,1,1,
AWC1213,1,1,1,1,1,1,1,1,1,1,1,1,1,1,1,1,1,1,
KEG1006,1,1,1,1,1,1,1,1,1,1,1,1,1,1,1,1,1,1,
JAW0280,1,1,1,1,1,1,1,1,1,1,1,1,1,1,1,1,1,1,
NJD1644,1,1,1,1,1,1,1,1,1,1,1,1,1,1,1,1,1,1,
QKB0562,1,1,1,1,1,1,1,1,1,1,1,1,1,1,1,1,1,1,
MEW0485,1,1,1,1,1,1,1,1,1,1,1,1,1,1,1,1,0,0,
WEC0304,1,1,1,1,1,1,1,1,1,1,1,1,1,1,1,1,1,1,
NSS0926,1,1,1,1,1,1,1,1,1,1,1,1,1,1,1,1,1,1,
KOG1386,1,1,1,1,1,1,1,1,1,1,1,1,1,1,1,1,1,1,
KMR0377,1,1,1,1,1,1,1,1,1,1,1,1,1,1,1,1,1,1,
GBM0346,1,1,1,1,1,1,1,1,1,1,1,1,1,1,1,1,1,1,
AOB0391,1,1,1,1,1,1,1,1,1,1,1,1,1,1,1,1,1,1,
RKM0478,1,1,1,1,1,1,1,1,1,1,1,1,1,1,1,1,1,1,
AHH0085,1,1,1,1,1,1,1,1,1,1,1,1,1,1,1,1,1,1,
KJG1121,1,1,1,1,1,1,1,1,1,1,1,1,0,0,0,0,0,0,
HFC0248,1,1,1,1,1,1,1,1,1,1,1,1,1,1,1,1,1,1,
PDH1180,1,1,1,1,1,1,1,1,1,1,1,1,1,1,1,1,1,1,
HOS1349,1,1,1,1,1,1,1,1,1,1,1,1,1,1,1,1,1,1,
CES0201,1,1,1,1,1,1,1,1,1,1,1,1,1,1,1,1,1,1,
YJB0829,1,1,1,1,1,1,1,1,1,1,1,1,1,1,1,1,1,1,
PRL0585,1,1,1,1,1,1,1,1,1,1,1,1,1,1,1,1,1,1,
HWS1772,1,1,1,1,1,1,1,1,1,1,1,1,1,1,1,1,1,1,
LLL1469,1,1,1,1,1,1,1,1,1,1,1,1,1,1,1,1,1,1,
DJC0337,1,1,1,1,1,1,1,1,1,1,1,1,1,1,1,1,1,1,
KLM1508,1,1,1,1,1,1,1,1,1,1,1,1,1,1,1,1,1,1,
ORB0455,1,1,1,1,1,1,1,1,1,1,1,1,1,1,1,1,1,1,
HTS0762,1,1,1,1,1,1,1,1,1,1,1,1,1,1,1,1,1,1,
WAH1774,1,1,1,1,1,1,1,1,1,1,1,1,1,1,1,1,1,1,
IDC1744,1,1,1,1,1,1,1,1,1,1,1,1,1,1,1,1,1,1,
CAS1068,1,1,1,1,1,1,1,1,1,1,1,1,1,1,1,1,1,1,
LDF0644,1,1,1,1,1,1,1,1,1,1,1,1,1,1,1,1,1,1,
GPO1020,1,1,1,1,1,1,1,1,1,1,1,1,1,1,1,1,0,0,
DAH0512,1,1,1,1,1,1,1,1,1,1,1,1,1,1,1,1,1,1,
SKL0325,1,1,1,1,1,1,1,1,1,1,1,1,1,1,1,1,1,1,
IQT0352,1,1,1,1,1,1,1,1,1,1,1,1,1,1,1,1,1,1,
TLM0421,1,1,1,1,1,1,1,1,1,1,1,1,1,1,1,1,1,1,
HBD0788,1,1,1,1,1,1,1,1,1,1,1,1,1,1,1,1,1,1,
INW1064,1,1,1,1,1,1,1,1,1,1,1,1,1,1,1,1,1,1,
SSG0726,1,1,1,1,1,1,1,1,1,1,1,1,1,1,1,1,1,1,
ZHP0989,1,1,1,1,1,1,1,1,1,1,1,1,1,1,1,1,1,1,
KWF0849,1,1,1,1,1,1,1,1,1,1,1,1,1,1,1,1,1,1,
CHW1210,1,1,1,1,1,1,1,1,1,1,1,1,1,1,1,1,1,1,
CJM0802,1,1,1,1,1,1,1,1,1,1,1,1,1,1,1,1,1,1,
JIP1503,1,1,1,1,1,1,1,1,1,1,1,1,1,1,1,1,1,0,
JGM1269,1,1,1,1,1,1,1,1,1,1,1,1,1,1,1,1,1,1,
PKS0278,1,1,1,1,1,1,1,1,1,1,1,1,1,1,1,1,1,1,
TRA1671,1,1,1,1,1,1,1,1,1,1,1,1,1,1,1,1,1,1,
LRB0568,1,1,1,1,1,1,1,1,1,1,1,1,1,1,1,1,1,1,
JJF1167,1,1,1,1,1,1,1,1,1,1,1,1,1,1,1,1,1,1,
SMW1131,1,1,1,1,1,1,1,1,1,1,1,1,1,1,1,1,1,1,
BRL1701,1,1,1,1,1,1,1,1,1,1,1,1,1,1,1,1,1,1,
HDM0017,1,1,1,1,1,1,1,1,1,1,1,1,1,1,1,1,1,1,
BHP1872,1,1,1,1,1,1,1,1,1,1,1,1,1,1,1,1,1,1,
DRJ0070,1,1,1,1,1,1,1,1,1,1,1,1,1,1,1,1,1,1,
MLH0942,1,1,1,1,1,1,1,1,1,1,1,1,1,1,1,1,1,1,
SBL1161,1,1,1,1,1,1,1,1,1,1,1,1,1,1,1,1,1,1,
LVC0408,1,1,1,1,1,1,1,1,1,1,1,1,1,1,1,1,1,1,
DKG0637,1,1,1,1,1,1,1,1,1,1,1,1,1,1,1,1,1,1,
GBV0440,1,1,1,1,1,1,1,1,1,1,1,1,1,1,1,1,1,1,
WRB1978,1,1,1,1,1,1,1,1,1,1,1,1,1,1,1,1,1,1,
JBP1832,1,1,1,1,1,1,1,1,1,1,1,1,1,1,1,1,1,1,
BDP0096,1,1,1,1,1,1,1,1,1,1,1,1,1,1,1,1,1,1,
NRS0270,1,1,1,1,1,1,1,1,1,1,1,1,1,1,1,1,1,1,
ADR1156,1,1,1,1,1,1,1,1,1,1,1,1,1,1,1,1,1,1,
AKM0214,1,1,1,1,1,1,1,1,1,1,1,1,1,1,1,1,1,1,
JUL0610,1,1,1,1,1,1,1,1,1,1,1,1,1,1,1,1,1,1,
AMC0854,1,1,1,1,1,1,1,1,1,1,1,1,1,1,1,1,1,1,
KAM0169,1,1,1,1,1,1,1,1,1,1,1,1,1,1,1,1,1,1,
ICP1063,1,1,1,1,1,1,1,1,1,1,1,1,1,1,1,1,1,1,
CIW1591,1,1,1,1,1,1,1,1,1,1,1,1,1,1,1,1,1,1,
HTH1001,1,1,1,1,1,1,1,1,1,1,1,1,1,1,1,1,1,1,
TMR0186,1,1,1,1,1,1,1,1,1,1,1,1,1,1,1,1,1,1,
SGH0834,1,1,1,1,1,1,1,1,1,1,1,1,1,1,1,1,1,1,
GFS0750,1,1,1,1,1,1,1,1,1,1,1,1,1,1,1,1,1,1,
RBC1624,1,1,1,1,1,1,1,1,1,1,1,1,1,0,0,0,0,0,
CDL0189,1,1,1,1,1,1,1,1,1,1,1,1,1,1,1,1,1,1,
CLM1538,1,1,1,1,1,1,1,1,1,1,1,1,1,1,1,1,1,1,
ILJ1816,1,1,1,1,1,1,1,1,1,1,1,1,1,1,1,1,1,1,
SQC1296,1,1,1,1,1,1,1,1,1,1,1,1,1,1,1,1,1,1,
AGC0592,1,1,1,1,1,1,1,1,1,1,1,1,1,1,1,1,1,1,
SAM0628,1,1,1,1,1,1,1,1,1,1,1,1,1,1,1,1,1,1,
SYB0093,1,1,1,1,1,1,1,1,1,1,1,1,1,1,1,1,1,1,
CHS1238,1,1,1,1,1,1,1,1,1,1,1,1,1,1,1,1,1,1,
SJG0228,1,1,1,1,1,1,1,1,1,1,1,1,1,1,1,1,1,1,
KAM0645,1,1,1,1,1,1,1,1,1,1,1,1,1,1,1,1,1,1,
MLC0141,1,1,1,1,1,1,1,1,1,1,1,1,1,1,1,1,1,1,
JRH0993,1,1,1,1,1,1,1,1,1,1,1,1,1,1,1,1,1,1,
JDF0846,1,1,1,1,1,1,1,1,1,1,1,1,1,1,1,1,1,1,
NKH0704,1,1,1,1,1,1,1,1,1,1,1,1,1,1,1,1,1,1,
JLC0558,1,1,1,1,1,1,1,1,1,1,1,1,1,1,1,1,1,1,
HJO0779,1,1,1,1,1,1,1,1,1,1,1,1,1,1,1,1,0,0,
CKD0967,1,1,1,1,1,1,1,1,1,1,1,1,1,1,1,1,1,1,
MBK1726,1,1,1,1,1,1,1,1,1,1,1,1,1,1,1,1,1,1,
MSK0117,1,1,1,1,1,1,1,1,1,1,1,1,1,1,1,1,1,1,
ATD1067,1,1,1,1,1,1,1,1,1,1,1,1,1,1,1,1,1,1,
KAH1977,1,1,1,1,1,1,1,1,1,1,1,1,1,1,1,1,1,1,
BWJ1539,1,1,1,1,1,1,1,1,1,1,1,1,1,1,1,1,1,1,
BOC1318,1,1,1,1,1,1,1,1,1,1,1,1,1,1,1,1,1,1,
QSM1042,1,1,1,1,1,1,1,1,1,1,1,1,1,1,1,1,1,1,
KGM1031,1,1,1,1,1,1,1,1,1,1,1,1,1,1,1,1,1,1,
TSG0262,1,1,1,1,1,1,1,1,1,1,1,1,1,1,1,1,1,1,
MMB0383,1,1,1,1,1,1,1,1,1,1,1,1,1,1,1,1,1,1,
YCC0119,1,1,1,1,1,1,1,1,1,1,1,1,1,1,1,1,1,1,
EBP1022,1,1,1,1,1,1,1,1,1,1,1,1,1,1,1,1,1,1,
WAF1652,1,1,1,1,1,1,1,1,1,1,1,1,1,1,1,1,1,1,
SYH1902,1,1,1,1,1,1,1,1,1,1,1,1,1,1,1,1,1,1,
TMC0934,1,1,1,1,1,1,1,1,1,1,1,1,1,1,1,0,0,0,
HAC1527,1,1,1,1,1,1,1,1,1,1,1,1,1,1,1,1,1,1,
GLC1878,1,1,1,1,1,1,1,1,1,1,1,1,1,1,1,1,1,1,
MQS0196,1,1,1,1,1,1,1,1,1,1,1,1,1,1,1,1,1,1,
ODA0931,1,1,1,1,1,1,1,1,1,1,1,1,1,1,1,1,1,1,
CTB0923,1,1,1,1,1,1,1,1,1,1,1,1,1,1,1,1,1,1,
CRD0987,1,1,1,1,1,1,1,1,1,1,1,1,1,1,1,1,1,1,
TAK0501,1,1,1,1,1,1,1,1,1,1,1,1,1,1,1,1,1,1,
BJH0601,1,1,1,1,1,1,1,1,1,1,1,1,1,1,1,1,1,1,
RJG0511,1,1,1,1,1,1,1,1,1,1,1,1,1,1,1,1,1,1,
QCM0672,1,1,1,1,1,1,1,1,1,1,1,1,1,1,1,1,1,1,
VFA1284,1,1,1,1,1,1,1,1,1,1,1,1,1,1,1,1,1,1,
PEM0277,1,1,1,1,1,1,1,1,1,1,1,1,1,1,1,1,1,1,
VUW0873,1,1,1,1,1,1,1,1,1,1,1,1,1,1,1,1,1,1,
KJM1303,1,1,1,1,1,1,1,1,1,1,1,1,1,1,1,1,1,1,
NTG1667,1,1,1,1,1,1,1,1,1,1,1,0,0,0,0,0,0,0,
ANT0148,1,1,1,1,1,1,1,1,1,1,1,1,1,1,1,1,1,1,
MCL1953,1,1,1,1,1,1,1,1,1,1,1,1,1,1,1,1,1,1,
SSN1130,1,1,1,1,1,1,1,1,1,1,1,1,1,1,1,1,1,1,
PTD0273,1,1,1,1,1,1,1,1,1,1,1,1,1,1,1,1,1,1,
KJM0889,1,1,1,1,1,1,1,1,1,1,1,1,1,1,1,1,1,1,
ICS1248,1,1,1,1,1,1,1,1,1,1,1,1,1,1,1,1,1,1,
NFH0677,1,1,1,1,1,1,1,1,1,1,1,1,1,1,1,1,1,1,
PSS0157,1,1,1,1,1,1,1,1,1,1,1,1,1,1,1,1,1,1,
ASH0298,1,1,1,1,1,1,1,1,1,1,1,1,1,1,1,1,1,1,
WPC1984,1,1,1,1,1,1,1,1,1,1,1,1,1,1,1,1,1,1,
ARM0805,1,1,1,1,1,1,1,1,1,1,1,1,1,1,1,1,1,1,
MKC0869,1,1,1,1,1,1,1,1,1,1,1,1,1,1,1,1,1,1,
KDB1206,1,1,1,1,1,1,1,1,1,1,1,1,1,1,1,1,1,1,
DVV1986,1,1,1,1,1,1,1,1,1,1,1,1,1,1,1,1,1,1,
HJM0688,1,1,1,1,1,1,1,1,1,1,1,1,1,1,1,1,1,1,
SLC1419,1,1,1,1,1,1,1,1,1,1,1,1,1,1,1,1,1,1,
KRC0098,1,1,1,1,1,1,1,1,1,1,1,1,1,1,1,1,1,1,
JAC0721,1,1,1,1,1,1,1,1,1,1,1,1,1,1,1,1,1,1,
ILH1564,1,1,1,1,1,1,1,1,1,1,1,1,1,1,1,1,1,1,
JBL0414,1,1,1,1,1,1,1,1,1,1,1,1,1,1,1,1,1,1,
CCW0097,1,1,1,1,1,1,1,1,1,1,1,1,1,1,1,1,1,1,
AWB1309,1,1,1,1,1,1,1,1,1,1,1,1,1,1,1,1,1,1,
JAD1379,1,1,1,1,1,1,1,1,1,1,1,1,1,1,1,1,1,1,
TAW0689,1,1,1,1,1,1,1,1,1,1,1,1,1,1,1,1,1,1,
MES1674,1,1,1,1,1,1,1,1,1,1,1,1,1,1,1,1,1,1,
LHL0130,1,1,1,1,1,1,1,1,1,1,1,1,1,1,1,1,1,1,
DJH0812,1,1,1,1,1,1,1,1,1,1,1,1,1,1,1,1,1,1,
BBN0449,1,1,1,1,1,1,1,1,1,1,1,1,1,1,1,1,1,1,
PAH0819,1,1,1,1,1,1,1,1,1,1,1,1,1,1,1,1,1,1,
MSN1911,1,1,1,1,1,1,1,1,1,1,1,1,1,1,1,1,1,1,
KFH0943,1,1,1,1,1,1,1,1,1,1,1,1,1,1,1,1,1,1,
WHB1247,1,1,1,1,1,1,1,1,1,1,1,1,1,1,1,0,0,0,
KRC0441,1,1,1,1,1,1,1,1,1,1,1,1,1,1,1,1,1,1,
UAB0534,1,1,1,1,1,1,1,1,1,1,1,1,1,1,1,1,1,1,
BCR0747,1,1,1,1,1,1,1,1,1,1,1,1,1,1,1,1,1,1,
DAR0139,1,1,1,1,1,1,1,1,1,1,1,1,1,1,1,1,1,1,
HKW1995,1,1,1,1,1,1,1,1,1,1,1,1,1,1,1,1,1,1,
MHH0980,1,1,1,1,1,1,1,1,1,1,1,1,1,1,1,1,1,1,
KCH1437,1,1,1,1,1,1,1,1,1,1,1,1,1,1,1,1,1,1,
MCP0611,1,1,1,1,1,1,1,1,1,1,0,0,0,0,0,0,0,0,
RWJ1403,1,1,1,1,1,1,1,1,1,1,1,1,1,1,1,1,1,1,
BCL0231,1,1,1,1,1,1,1,1,1,1,1,1,1,1,1,1,1,1,
HMD1505,1,1,1,1,1,1,1,1,1,1,1,1,1,1,1,1,1,1,
KLG0576,1,1,1,1,1,1,1,1,1,1,1,1,1,1,1,1,1,1,
ADR0810,1,1,1,1,1,1,1,1,1,1,1,1,1,1,1,1,1,1,
JCC0016,1,1,1,1,1,1,1,1,1,1,1,1,1,1,1,1,1,1,
JJL1566,1,1,1,1,1,1,1,1,1,1,1,1,1,1,1,1,1,1,
IAH1241,1,1,1,1,1,1,1,1,1,1,1,1,1,1,1,1,1,1,
GJM1409,1,1,1,1,1,1,1,1,1,1,1,1,1,1,1,1,1,1,
TBH1514,1,1,1,1,1,1,1,1,1,1,1,1,1,1,1,1,1,1,
ITV0200,1,1,1,1,1,1,1,1,1,1,1,1,1,1,1,1,1,1,
GJB0363,1,1,1,1,1,1,1,1,1,1,1,1,1,1,1,1,1,1,
DNJ0740,1,1,1,1,1,1,1,1,1,1,0,0,0,0,0,0,0,0,
NAH1366,1,1,1,1,1,1,1,1,1,1,1,0,0,0,0,0,0,0,
MGH0593,1,1,1,1,1,1,1,1,1,1,1,1,1,1,1,1,1,1,
CCM1270,1,1,1,1,1,1,1,1,1,1,1,1,1,1,1,1,1,1,
IAG1051,1,1,1,1,1,1,1,1,1,1,1,1,1,1,1,1,1,1,
BIM0885,1,1,1,1,1,1,1,1,1,1,1,1,1,1,1,1,1,1,
TFS1081,1,1,1,1,1,1,1,1,1,1,1,1,1,1,1,1,1,1,
MDR0572,1,1,1,1,1,1,1,1,1,1,1,1,1,1,1,1,1,1,
YYH0949,1,1,1,1,1,1,1,1,1,1,1,1,1,1,1,1,1,1,
MDR1497,1,1,1,1,1,1,1,1,1,1,1,1,1,1,1,1,1,1,
MKG0606,1,1,1,1,1,1,1,1,1,1,1,1,1,1,1,1,1,1,
JDJ1949,1,1,1,1,1,1,1,1,1,1,1,1,1,0,0,0,0,0,
BDM0274,1,1,1,1,1,1,1,1,1,1,1,1,1,1,1,1,1,1,
JNR1592,1,1,1,1,1,1,1,1,1,1,1,1,1,1,1,1,1,1,
HRR1154,1,1,1,1,1,1,1,1,1,1,1,1,1,1,1,1,1,1,
OWC0518,1,1,1,1,1,1,1,1,1,1,1,1,1,1,1,1,1,1,
BKG0597,1,1,1,1,1,1,1,1,1,1,1,1,1,1,1,1,1,1,
AMM1285,1,1,1,1,1,1,1,1,1,1,1,1,1,1,1,1,1,1,
YLH0423,1,1,1,1,1,1,1,1,1,1,1,1,1,1,1,1,1,1,
KCW1215,1,1,1,1,1,1,1,1,1,1,1,1,1,1,1,1,1,1,
IRC1877,1,1,1,1,1,1,1,1,1,1,1,1,1,1,1,1,1,1,
KBL1728,1,1,1,1,1,1,1,1,1,1,1,1,1,1,1,1,1,1,
SFA1912,1,1,1,1,1,1,1,1,1,1,1,1,1,1,1,1,1,1,
GNV1082,1,1,1,1,1,1,1,1,1,1,1,1,1,1,1,1,1,1,
PRG0336,1,1,1,1,1,1,1,1,1,1,1,1,1,1,1,1,1,1,
ZAD1035,1,1,1,1,1,1,1,1,1,1,1,1,1,1,1,1,1,1,
LTH0528,1,1,1,1,1,1,1,1,1,1,1,1,1,1,1,1,1,1,
REL0910,1,1,1,1,1,1,1,1,1,1,1,1,1,1,1,1,1,1,
CMM1987,1,1,1,1,1,1,1,1,1,1,1,1,1,1,1,1,1,1,
JJA1164,1,1,1,1,1,1,1,1,1,1,1,1,1,1,1,1,1,1,
BGF1845,1,1,1,1,1,1,1,1,1,1,1,1,1,1,1,1,1,1,
HMC1847,1,1,1,1,1,1,1,1,1,1,1,1,1,1,1,1,1,1,
JBC1885,1,1,1,1,1,1,1,1,1,1,1,1,1,1,1,1,1,1,
VLV0933,1,1,1,1,1,1,1,1,1,1,1,1,1,1,1,1,1,1,
PLF1030,1,1,1,1,1,1,1,1,1,1,1,0,0,0,0,0,0,0,
LRV1554,1,1,1,1,1,1,1,1,1,1,1,1,1,1,1,1,1,1,
ADH0153,1,1,1,1,1,1,1,1,1,1,1,1,1,1,1,1,1,1,
DZM1550,1,1,1,1,1,1,1,1,1,1,1,1,1,1,1,1,1,1,
JLL1975,1,1,1,1,1,1,1,1,1,1,1,1,1,1,1,1,1,1,
MYB0686,1,1,1,1,1,1,1,1,1,1,1,1,1,1,1,1,1,1,
FMH1018,1,1,1,1,1,1,1,1,1,1,1,1,1,1,1,1,1,1,
CRW0627,1,1,1,1,1,1,1,1,1,1,1,1,1,1,1,1,1,1,
HRE0297,1,1,1,1,1,1,1,1,1,1,1,1,1,1,1,1,1,1,
GTP1369,1,1,1,1,1,1,1,1,1,1,1,1,1,1,1,1,1,1,
RNB1685,1,1,1,1,1,1,1,1,1,1,1,1,1,1,1,1,1,1,
DZO0999,1,1,1,1,1,1,1,1,1,1,1,1,1,1,1,1,1,1,
SVF1858,1,1,1,1,1,1,1,1,1,1,1,1,1,1,1,1,1,1,
EKS1182,1,1,1,1,1,1,1,1,1,1,1,1,1,1,1,1,1,1,
NRR0476,1,1,1,1,1,1,1,1,1,1,1,1,1,1,1,1,1,1,
CBD1128,1,1,1,1,1,1,1,1,1,1,1,1,1,1,1,1,1,1,
WIW1212,1,1,1,1,1,1,1,1,1,1,1,1,1,1,1,1,1,1,
KJS1956,1,1,1,1,1,1,1,1,1,1,1,1,1,1,1,1,1,1,
KDB1036,1,1,1,1,1,1,1,1,1,1,1,1,1,1,1,1,1,1,
AWB1661,1,1,1,1,1,1,1,1,1,1,1,1,1,1,1,1,1,1,
AEC1085,1,1,1,1,1,1,1,1,1,1,1,1,1,1,1,1,1,1,
LDM0399,1,1,1,1,1,1,1,1,1,1,1,1,1,1,1,1,1,1,
BYW1523,1,1,1,1,1,1,1,1,1,1,1,1,1,1,1,1,1,1,
ZJT1601,1,1,1,1,1,1,1,1,1,1,1,1,1,1,1,1,1,1,
SSH1780,1,1,1,1,1,1,1,1,1,1,1,1,1,1,1,1,1,1,
JOB0532,1,1,1,1,1,1,1,1,1,1,1,1,1,1,1,1,1,1,
LMP1543,1,1,1,1,1,1,1,1,1,1,1,1,1,1,1,1,1,1,
LSB1588,1,1,1,1,1,1,1,1,1,1,1,1,1,1,1,1,1,1,
LXM1361,1,1,1,1,1,1,1,1,1,1,1,1,1,1,1,1,1,1,
ICW0083,1,1,1,1,1,1,1,1,1,1,1,1,1,1,1,1,1,1,
GCC1659,1,1,1,1,1,1,1,1,1,1,1,1,1,1,1,1,1,1,
RCD0299,1,1,1,1,1,1,1,1,1,1,1,1,1,1,1,1,1,1,
RKG0607,1,1,1,1,1,1,1,1,1,1,1,1,1,1,1,1,1,1,
OHC1798,1,1,1,1,1,1,1,1,1,1,1,1,1,1,1,1,1,1,
CLJ1447,1,1,1,1,1,1,1,1,1,1,1,1,1,1,1,1,1,1,
LJM0215,1,1,1,1,1,1,1,1,1,1,1,1,1,1,1,1,1,1,
CZK1473,1,1,1,1,1,1,1,1,1,1,1,1,1,1,1,1,1,1,
LVF1626,1,1,1,1,1,1,1,1,1,1,1,1,1,0,0,0,0,0,
KCB1799,1,1,1,1,1,1,1,1,1,1,1,1,1,1,1,1,1,1,
HMH1596,1,1,1,1,1,1,1,1,1,1,1,1,1,1,1,1,1,1,
BCG0853,1,1,1,1,1,1,1,1,1,1,1,1,1,1,1,1,1,1,
CQR1172,1,1,1,1,1,1,1,1,1,1,1,1,1,1,0,0,0,0,
RVJ0046,1,1,1,1,1,1,1,1,1,1,1,1,1,1,1,1,1,1,
QWP1513,1,1,1,1,1,1,1,1,1,1,1,1,1,1,1,1,1,1,
OAB0181,1,1,1,1,1,1,1,1,1,1,1,1,1,1,1,1,1,1,
CRG0063,1,1,1,1,1,1,1,1,1,1,1,1,1,1,1,1,1,1,
DIR0835,1,1,1,1,1,1,1,1,1,1,1,1,1,1,1,1,1,1,
SIG0640,1,1,1,1,1,1,1,1,1,1,1,1,1,1,1,1,1,1,
COB0021,1,1,1,1,1,1,1,1,1,1,1,1,1,1,1,1,1,1,
FAJ1122,1,1,1,1,1,1,1,1,1,1,1,1,1,1,1,1,1,1,
DLB0401,1,1,1,1,1,1,1,1,1,1,1,1,1,1,1,1,1,1,
EBA0758,1,1,1,1,1,1,1,1,1,1,1,1,1,1,1,1,1,1,
SRP1576,1,1,1,1,1,1,1,1,1,1,1,1,1,1,1,1,1,1,
AHN0998,1,1,1,1,1,1,1,1,1,1,1,1,1,1,1,1,1,1,
DZA0195,1,1,1,1,1,1,1,1,1,1,1,1,1,1,1,1,1,1,
ABC1881,1,1,1,1,1,1,1,1,1,1,1,1,1,1,1,1,1,1,
TCF0559,1,1,1,1,1,1,1,1,1,1,1,1,1,1,1,1,1,1,
NBL1490,1,1,1,1,1,1,1,1,1,1,1,1,1,1,1,1,1,1,
KCR1118,1,1,1,1,1,1,1,1,1,1,1,1,1,1,1,1,1,1,
JOE1672,1,1,1,1,1,1,1,1,1,1,1,1,0,0,0,0,0,0,
RCG0584,1,1,1,1,1,1,1,1,1,1,1,1,1,1,1,1,1,1,
NNB1355,1,1,1,1,1,1,1,1,1,1,1,1,1,1,1,1,1,1,
GMR1399,1,1,1,1,1,1,1,1,1,1,1,1,1,1,1,1,1,1,
PWB1739,1,1,1,1,1,1,1,1,1,1,1,1,1,1,1,1,1,1,
PSV1737,1,1,1,1,1,1,1,1,1,1,1,1,1,1,1,1,1,1,
TFW1388,1,1,1,1,1,1,1,1,1,1,1,1,1,1,1,1,1,1,
SSM1663,1,1,1,1,1,1,1,1,1,1,1,1,1,1,1,1,1,1,
TTG0460,1,1,1,1,1,1,1,1,1,1,1,1,1,1,1,1,1,1,
UJC0329,1,1,1,1,1,1,1,1,1,1,1,1,1,1,1,1,1,1,
UKM0845,1,1,1,1,1,1,1,1,1,1,1,1,0,0,0,0,0,0,
FEV1955,1,1,1,1,1,1,1,1,1,1,1,1,1,1,1,1,1,1,
YDM1822,1,1,1,1,1,1,1,1,1,1,1,1,1,1,1,1,1,1,
BPK1731,1,1,1,1,1,1,1,1,1,1,1,1,1,1,1,1,1,1,
DLM1699,1,1,1,1,1,1,1,1,1,1,1,1,1,1,1,1,1,1,
RRC0891,1,1,1,1,1,1,1,1,1,1,1,1,1,1,1,1,1,1,
AMC1883,1,1,1,1,1,1,1,1,1,1,1,1,1,1,1,1,1,1,
MDC0520,1,1,1,1,1,1,1,1,1,1,1,1,1,1,1,1,1,1,
LJF1138,1,1,1,1,1,1,1,1,1,1,1,1,1,1,1,1,1,1,
LSD1231,1,1,1,1,1,1,1,1,1,1,1,1,1,1,1,1,1,1,
AHC1044,1,1,1,1,1,1,1,1,1,1,1,1,1,1,1,1,1,1,
THB1069,1,1,1,1,1,1,1,1,1,1,1,1,1,1,1,1,1,1,
AKK0032,1,1,1,1,1,1,1,1,1,1,1,1,1,1,1,1,1,1,
CCC1691,1,1,1,1,1,1,1,1,1,1,1,1,1,1,1,1,1,1,
HKF1921,1,1,1,1,1,1,1,1,1,1,1,1,1,1,1,1,1,1,
IBR0131,1,1,1,1,1,1,1,1,1,1,1,1,1,1,1,1,1,1,
CEH1567,1,1,1,1,1,1,1,1,1,1,1,1,1,1,1,1,1,1,
TWB1223,1,1,1,1,1,1,1,1,1,1,1,1,1,1,1,1,1,1,
SAA0374,1,1,1,1,1,1,1,1,1,1,1,1,1,1,1,1,1,1,
CJH0504,1,1,1,1,1,1,1,1,1,1,1,1,1,1,1,1,1,1,
KVV0871,1,1,1,1,1,1,1,1,1,1,1,1,1,1,1,1,1,1,
RAR0875,1,1,1,1,1,1,1,1,1,1,1,1,1,1,1,1,1,1,
DCB1000,1,1,1,1,1,1,1,1,1,1,1,1,1,1,1,1,1,1,
OAP0978,1,1,1,1,1,1,1,1,1,1,1,1,1,1,1,1,1,1,
SIV1287,1,1,1,1,1,1,1,1,1,1,1,1,1,1,1,1,1,1,
KRC0842,1,1,1,1,1,1,1,1,1,1,1,1,1,1,1,1,1,1,
JYS0621,1,1,1,1,1,1,1,1,1,1,1,1,1,1,1,1,1,1,
MGB1235,1,1,1,1,1,1,1,1,1,1,1,1,1,0,0,0,0,0,
SKF0786,1,1,1,1,1,1,1,1,1,1,1,1,1,1,1,1,1,1,
CJM0410,1,1,1,1,1,1,1,1,1,1,1,1,1,1,1,1,1,1,
HWS0101,1,1,1,1,1,1,1,1,1,1,1,1,1,1,1,1,1,1,
ADG0619,1,1,1,1,1,1,1,1,1,1,1,1,1,1,1,1,1,1,
KHT0739,1,1,1,1,1,1,1,1,1,1,1,1,1,1,1,1,1,1,
DMD1197,1,1,1,1,1,1,1,1,1,1,1,1,1,1,1,1,1,1,
AAB1302,1,1,1,1,1,1,1,1,1,1,1,1,1,1,1,1,1,1,
LLP1436,1,1,1,1,1,1,1,1,1,1,1,1,1,1,1,1,1,1,
EJC1225,1,1,1,1,1,1,1,1,1,1,1,1,1,1,1,1,1,1,
CWM0618,1,1,1,1,1,1,1,1,1,1,1,1,1,1,1,1,1,1,
MWC0761,1,1,1,1,1,1,1,1,1,1,1,1,1,1,1,1,1,1,
KAH1868,1,1,1,1,1,1,1,1,1,1,1,1,1,1,1,1,1,1,
SCB0187,1,1,1,1,1,1,1,1,1,1,1,1,1,1,1,1,1,1,
GCT0366,1,1,1,1,1,1,1,1,1,1,1,1,1,1,1,1,1,1,
LHD1750,1,1,1,1,1,1,1,1,1,1,1,1,1,1,1,1,1,1,
AAW0914,1,1,1,1,1,1,1,1,1,1,1,1,1,1,1,1,1,1,
KEE0823,1,1,1,1,1,1,1,1,1,1,1,1,1,1,1,1,1,1,
JIL1675,1,1,1,1,1,1,1,1,1,1,1,1,1,1,1,1,1,1,
CRM0907,1,1,1,1,1,1,1,1,1,1,1,1,1,1,1,1,1,1,
KDG1330,1,1,1,1,1,1,1,1,1,1,1,1,1,1,1,1,1,1,
GTC0081,1,1,1,1,1,1,1,1,1,1,1,1,1,1,1,1,1,1,
DDK0995,1,1,1,1,1,1,1,1,1,1,1,1,1,1,1,1,1,1,
GCB0118,1,1,1,1,1,1,1,1,1,1,1,1,0,0,0,0,0,0,
AMC1724,1,1,1,1,1,1,1,1,1,1,1,1,1,1,1,1,1,1,
HAH1965,1,1,1,1,1,1,1,1,1,1,1,1,1,1,1,1,1,1,
RAA0263,1,1,1,1,1,1,1,1,1,1,1,1,1,1,1,1,1,1,
GTN1021,1,1,1,1,1,1,1,1,1,1,1,1,1,1,1,0,0,0,
BAB1874,1,1,1,1,1,1,1,1,1,1,1,1,1,1,1,1,1,1,
CAV0656,1,1,1,1,1,1,1,1,1,1,1,1,1,1,1,1,1,1,
LLF1234,1,1,1,1,1,1,1,1,1,1,1,1,1,1,1,1,1,1,
RJD1533,1,1,1,1,1,1,1,1,1,1,1,1,1,1,1,1,1,1,
MVM0092,1,1,1,1,1,1,1,1,1,1,1,1,1,1,1,1,1,1,
EAS1970,1,1,1,1,1,1,1,1,1,1,1,1,1,1,1,1,1,1,
KHW0289,1,1,1,1,1,1,1,1,1,1,1,1,1,0,0,0,0,0,
TMW1907,1,1,1,1,1,1,1,1,1,1,1,1,1,1,1,1,1,1,
KMM0014,1,1,1,1,1,1,1,1,1,1,1,1,1,1,1,1,1,1,
WBB0339,1,1,1,1,1,1,1,1,1,1,1,1,1,1,1,1,1,1,
NHR0768,1,1,1,1,1,1,1,1,1,1,1,1,1,1,1,1,1,1,
AKR0756,1,1,1,1,1,1,1,1,1,1,1,1,1,1,1,1,1,1,
YVJ0986,1,1,1,1,1,1,1,1,1,1,1,1,1,1,1,1,1,1,
EBD1636,1,1,1,1,1,1,1,1,1,1,1,1,1,1,1,1,1,1,
XAB0622,1,1,1,1,1,1,1,1,1,1,1,1,1,1,1,1,1,1,
GJC0870,1,1,1,1,1,1,1,1,1,1,1,1,1,1,1,1,1,1,
BWC0509,1,1,1,1,1,1,1,1,1,1,1,1,1,1,1,1,1,1,
CCP0774,1,1,1,1,1,1,1,1,1,1,1,1,1,1,1,1,1,1,
CLF1981,1,1,1,1,1,1,1,1,1,1,1,1,1,1,1,1,1,1,
DRM0443,1,1,1,1,1,1,1,1,1,1,1,1,1,1,1,1,1,1,
JJL1722,1,1,1,1,1,1,1,1,1,1,1,1,1,1,1,1,1,1,
LCR0521,1,1,1,1,1,1,1,1,1,1,1,1,1,1,1,1,1,1,
LKM0230,1,1,1,1,1,1,1,1,1,1,1,1,1,1,1,1,1,1,
DMB1459,1,1,1,1,1,1,1,1,1,1,1,1,1,1,1,1,1,1,
CYG0522,1,1,1,1,1,1,1,1,1,1,1,1,1,1,1,1,1,1,
XNC1338,1,1,1,1,1,1,1,1,1,1,1,1,1,1,1,1,1,1,
MKK0364,1,1,1,1,1,1,1,1,1,1,1,1,1,1,1,1,1,1,
AJR1103,1,1,1,1,1,1,1,1,1,1,1,1,1,1,1,1,1,1,
IFD1761,1,1,1,1,1,1,1,1,1,1,1,1,1,1,1,1,1,1,
RCL1864,1,1,1,1,1,1,1,1,1,1,1,1,1,1,1,1,1,1,
MEC0212,1,1,1,1,1,1,1,1,1,1,1,1,1,1,1,1,1,1,
KAG0547,1,1,1,1,1,1,1,1,1,1,1,1,1,1,1,1,1,1,
AVG1169,1,1,1,1,1,1,1,1,1,1,1,1,1,1,1,1,1,1,
CPW0219,1,1,1,1,1,1,1,1,1,1,1,1,1,1,1,1,1,1,
SZN1421,1,1,1,1,1,1,1,1,1,1,1,1,1,1,1,1,1,1,
HMC1677,1,1,1,1,1,1,1,1,1,1,1,1,1,1,1,1,1,1,
JVC1704,1,1,1,1,1,1,1,1,1,1,1,1,1,1,1,1,1,1,
TCC1298,1,1,1,1,1,1,1,1,1,1,1,1,1,1,1,1,1,1,
MCW1367,1,1,1,1,1,1,1,1,1,1,1,1,1,1,1,1,1,1,
ECY0838,1,1,1,1,1,1,1,1,1,1,1,1,1,1,1,1,1,1,
KVF1143,1,1,1,1,1,1,1,1,1,1,1,1,0,0,0,0,0,0,
FLM1541,1,1,1,1,1,1,1,1,1,1,1,1,1,1,1,1,1,1,
UCM1572,1,1,1,1,1,1,1,1,1,1,1,1,1,1,1,1,1,1,
JAG0861,1,1,1,1,1,1,1,1,1,1,1,1,1,1,1,1,1,1,
ASO0180,1,1,1,1,1,1,1,1,1,1,1,1,1,1,1,1,1,1,
MJW1758,1,1,1,1,1,1,1,1,1,1,1,1,1,1,1,1,1,1,
JQS1350,1,1,1,1,1,1,1,1,1,1,1,1,1,1,1,1,1,1,
WDP1689,1,1,1,1,1,1,1,1,1,1,1,1,1,1,1,1,1,1,
HTM1498,1,1,1,1,1,1,1,1,1,1,1,1,1,1,1,1,1,1,
KHH1556,1,1,1,1,1,1,1,1,1,1,1,1,1,1,1,1,1,1,
ZCB0983,1,1,1,1,1,1,1,1,1,1,1,1,1,1,1,1,1,1,
RMH0906,1,1,1,1,1,1,1,1,1,1,1,1,1,1,1,1,1,1,
OTB0008,1,1,1,1,1,1,1,1,1,1,1,1,1,1,1,1,1,1,
MCB1145,1,1,1,1,1,1,1,1,1,1,1,1,1,1,1,1,1,1,
YKW1943,1,1,1,1,1,1,1,1,1,1,1,1,1,1,1,1,1,1,
SDF0318,1,1,1,1,1,1,1,1,1,1,1,1,1,1,1,1,1,1,
AQL1757,1,1,1,1,1,1,1,1,1,1,1,1,1,1,1,1,1,1,
LKC0405,1,1,1,1,1,1,1,1,1,1,1,1,1,1,1,1,0,0,
NJV1818,1,1,1,1,1,1,1,1,1,1,1,1,1,1,1,1,1,1,
DDS1090,1,1,1,1,1,1,1,1,1,1,1,1,1,1,1,1,1,1,
SOP1142,1,1,1,1,1,1,1,1,1,1,1,1,1,1,1,1,1,1,
CAS0997,1,1,1,1,1,1,1,1,1,1,1,1,1,1,1,1,1,1,
CTK0406,1,1,1,1,1,1,1,1,1,1,1,1,1,1,1,1,1,1,
CGS0647,1,1,1,1,1,1,1,1,1,1,1,1,1,1,1,1,1,1,
ESH1028,1,1,1,1,1,1,1,1,1,1,1,1,1,1,1,1,1,1,
HXP0976,1,1,1,1,1,1,1,1,1,1,1,1,0,0,0,0,0,0,
RIS1254,1,1,1,1,1,1,1,1,1,1,1,1,1,1,1,1,1,1,
NKD0115,1,1,1,1,1,1,1,1,1,1,1,1,1,1,1,1,1,1,
ACE1431,1,1,1,1,1,1,1,1,1,1,1,1,1,1,1,1,1,0,
RWR0991,1,1,1,1,1,1,1,1,1,1,1,1,1,1,1,1,1,1,
LIG1756,1,1,1,1,1,1,1,1,1,1,1,1,1,1,1,1,1,1,
FGA0659,1,1,1,1,1,1,1,1,1,1,1,1,1,1,1,1,1,1,
CCB1836,1,1,1,1,1,1,1,1,1,1,1,1,1,1,1,1,1,1,
DAD0713,1,1,1,1,1,1,1,1,1,1,1,1,1,1,1,1,1,1,
SKH1910,1,1,1,1,1,1,1,1,1,1,1,1,1,1,1,1,1,1,
PTH0005,1,1,1,1,1,1,1,1,1,1,1,1,1,1,0,0,0,0,
MZO1066,1,1,1,1,1,1,1,1,1,1,1,1,0,0,0,0,0,0,
BKF0632,1,1,1,1,1,1,1,1,1,1,1,1,1,1,1,1,1,1,
WNB1558,1,1,1,1,1,1,1,1,1,1,1,1,1,1,1,1,1,1,
DMN1365,1,1,1,1,1,1,1,1,1,1,1,1,1,1,1,1,1,1,
NJB0011,1,1,1,1,1,1,1,1,1,1,1,1,1,1,1,1,1,1,
HRG0957,1,1,1,1,1,1,1,1,1,1,1,1,1,1,1,1,1,1,
RJM0634,1,1,1,1,1,1,1,1,1,1,1,1,1,1,1,1,1,1,
JQC0210,1,1,1,1,1,1,1,1,1,1,1,1,1,1,1,1,1,1,
BSD1735,1,1,1,1,1,1,1,1,1,1,1,1,1,1,1,1,1,1,
ENB1617,1,1,1,1,1,1,1,1,1,1,1,1,1,1,1,1,1,1,
NER1278,1,1,1,1,1,1,1,1,1,1,1,1,1,1,1,1,1,1,
CKH0316,1,1,1,1,1,1,1,1,1,1,1,1,1,1,1,1,1,1,
DIM0330,1,1,1,1,1,1,1,1,1,1,1,1,1,1,1,1,1,1,
DPL1307,1,1,1,1,1,1,1,1,1,1,1,1,1,1,1,1,1,1,
PMC0815,1,1,1,1,1,1,1,1,1,1,1,1,1,1,1,1,1,1,
OKM1092,1,1,1,1,1,1,1,1,1,1,1,1,1,1,1,1,0,0,
YEG1439,1,1,1,1,1,1,1,1,1,1,1,1,1,1,1,1,1,1,
DNG0831,1,1,1,1,1,1,1,1,1,1,1,1,1,1,1,1,1,1,
ELM1123,1,1,1,1,1,1,1,1,1,1,0,0,0,0,0,0,0,0,
RBD0122,1,1,1,1,1,1,1,1,1,1,1,1,1,1,1,1,1,1,
ZNP1565,1,1,1,1,1,1,1,1,1,1,1,1,1,1,1,1,1,1,
IGG1571,1,1,1,1,1,1,1,1,1,1,1,1,1,1,1,1,1,1,
LKP1714,1,1,1,1,1,1,1,1,1,1,1,1,1,1,1,1,1,1,
RMK1771,1,1,1,1,1,1,1,1,1,1,1,1,1,1,1,1,1,1,
AXP1568,1,1,1,1,1,1,1,1,1,1,1,1,1,1,1,1,1,1,
TDK0753,1,1,1,1,1,1,1,1,1,1,1,1,1,1,1,1,1,1,
LSF1709,1,1,1,1,1,1,1,1,1,1,1,1,1,1,1,1,1,1,
MJF1600,1,1,1,1,1,1,1,1,1,1,1,1,1,1,1,1,1,1,
JBI1134,1,1,1,1,1,1,1,1,1,1,1,1,1,1,1,1,1,1,
ADC1014,1,1,1,1,1,1,1,1,1,1,1,1,1,1,1,1,1,1,
WGF1260,1,1,1,1,1,1,1,1,1,1,1,1,1,1,1,1,1,1,
SIH0801,1,1,1,1,1,1,1,1,1,1,1,1,1,1,1,1,1,1,
XJH0483,1,1,1,1,1,1,1,1,1,1,1,1,1,1,1,1,1,1,
DIB1946,1,1,1,1,1,1,1,1,1,1,1,1,1,1,1,1,1,1,
GVM1337,1,1,1,1,1,1,1,1,1,1,1,1,1,1,1,1,1,1,
TTD0288,1,1,1,1,1,1,1,1,1,1,1,1,1,1,1,1,1,1,
IDC1775,1,1,1,1,1,1,1,1,1,1,1,1,1,1,1,1,1,1,
KTS0058,1,1,1,1,1,1,1,1,1,1,1,1,1,1,1,1,1,1,
SCC1470,1,1,1,1,1,1,1,1,1,1,1,1,1,1,1,1,1,1,
ACC1855,1,1,1,1,1,1,1,1,1,1,1,1,1,1,1,1,1,1,
CDB1594,1,1,1,1,1,1,1,1,1,1,1,1,1,1,0,0,0,0,
ROB0477,1,1,1,1,1,1,1,1,1,1,1,1,1,1,1,1,1,1,
AAW0969,1,1,1,1,1,1,1,1,1,1,1,1,1,1,1,1,1,1,
HDM1040,1,1,1,1,1,1,1,1,1,1,1,1,1,1,1,1,1,1,
QCR0394,1,1,1,1,1,1,1,1,1,1,1,1,1,1,1,1,1,1,
EPB0893,1,1,1,1,1,1,1,1,1,1,1,1,1,1,1,1,1,1,
FMH1552,1,1,1,1,1,1,1,1,1,1,1,1,1,1,1,1,1,1,
SJD1957,1,1,1,1,1,1,1,1,1,1,1,1,1,1,1,1,1,1,
TCW1808,1,1,1,1,1,1,1,1,1,1,1,1,1,1,1,1,1,1,
BLK0698,1,1,1,1,1,1,1,1,1,1,1,1,1,1,1,1,1,1,
LJV1620,1,1,1,1,1,1,1,1,1,1,1,1,1,1,1,1,1,1,
LAH0463,1,1,1,1,1,1,1,1,1,1,1,1,1,1,1,1,1,0,
FCW1100,1,1,1,1,1,1,1,1,1,1,1,1,1,1,1,1,1,1,
XAM0376,1,1,1,1,1,1,1,1,1,1,1,1,1,1,1,1,0,0,
MMM1655,1,1,1,1,1,1,1,1,1,1,1,1,1,1,1,1,1,1,
CSW1165,1,1,1,1,1,1,1,1,1,1,1,1,1,1,1,1,1,1,
ALN0182,1,1,1,1,1,1,1,1,1,1,1,1,1,1,1,1,1,1,
TDB1920,1,1,1,1,1,1,1,1,1,1,1,1,1,1,1,1,1,1,
REF1924,1,1,1,1,1,1,1,1,1,1,1,0,0,0,0,0,0,0,
ARB0626,1,1,1,1,1,1,1,1,1,1,1,1,1,1,1,1,1,1,
WCW1013,1,1,1,1,1,1,1,1,1,1,1,1,1,1,1,1,1,1,
RTB0140,1,1,1,1,1,1,1,1,1,1,1,1,1,1,1,1,1,1,
JLM0422,1,1,1,1,1,1,1,1,1,1,1,1,1,1,1,1,1,1,
IKS0136,1,1,1,1,1,1,1,1,1,1,1,1,1,1,1,1,1,1,
IKW0678,1,1,1,1,1,1,1,1,1,1,1,1,1,1,1,1,1,1,
WMS0486,1,1,1,1,1,1,1,1,1,1,1,1,1,1,1,1,1,1,
CMB0824,1,1,1,1,1,1,1,1,1,1,1,1,1,1,1,1,1,1,
AMG1628,1,1,1,1,1,1,1,1,1,1,1,1,1,1,1,1,1,1,
AHD0590,1,1,1,1,1,1,1,1,1,1,1,1,1,1,1,1,1,1,
