PTS2487,0.66
BJM2491,1.28
ETM2542,1.39
KMW0259,1.84
KCC2434,1.97
IEG2687,2.09
FCB0563,2.16
IMS2191,2.3
TBM3829,2.44
ZDH2905,3.12
AGB3303,3.12
BBC3733,3.23
WNR0091,3.37
DHG0533,3.55
ALB2395,3.58
NHY0685,3.6
AKC3739,3.71
YCL0650,3.84
KAG0689,3.9
DAT1981,3.91
JKC2754,3.93
PKR1145,4.01
KBP2753,4.02
HMC0592,4.05
VDH0766,4.13
MBL2383,4.15
KTL2843,4.22
RHR2835,4.23
AFH1757,4.27
BOH1751,4.29
HGD1664,4.29
CRP3682,4.3
EGP2104,4.33
PVV3999,4.39
BXW1804,4.4
SJL3355,4.4
BRM0843,4.44
JRA0522,4.48
CDW2000,4.5
KCL2310,4.51
MRS1520,4.52
SCP1116,4.58
LWB2851,4.64
KKC2119,4.65
JZM1335,4.68
TNH3028,4.68
KCD0181,4.71
SAP2173,4.72
HHG1038,4.73
ISS0949,4.76
TBM0932,4.77
CCG1025,4.78
RHM3909,4.8
HDC0789,4.86
WBS1592,4.87
TAM2031,4.87
XSR3526,4.89
WTG2109,4.92
SBH3683,4.94
ACH1405,4.96
GES2626,4.96
CMD0613,4.96
GIT2266,4.96
SAM2567,4.96
BJH3294,4.97
MNN1167,4.98
BJG0662,4.98
KAC2449,5.02
YDM2537,5.03
REF3266,5.04
JLW2924,5.06
AAS2987,5.06
CBC0952,5.09
RBH3142,5.1
QGS3009,5.1
RGB0901,5.11
INR0927,5.11
ASM3925,5.18
LER3942,5.2
GCL1782,5.22
PKH0730,5.24
WYC2416,5.24
PLJ1771,5.24
SVM0077,5.24
KCM1858,5.26
BWW1159,5.26
NSM1464,5.27
AJB1380,5.27
HIP0148,5.27
ASG0072,5.28
MJS0832,5.29
LGJ2710,5.3
DKF2721,5.3
KLD2255,5.3
SWA1824,5.31
WAH3836,5.31
UYW1162,5.32
MNC0433,5.38
RJG3325,5.38
CDM2075,5.4
KNS2828,5.41
SDM3560,5.41
APP2488,5.41
CWR0043,5.42
GRA0329,5.42
NSC0237,5.42
BHM0430,5.43
JAO3463,5.45
FFP3169,5.47
HDH3751,5.48
CSW3811,5.49
CIG1277,5.49
SWE3155,5.51
ISR0021,5.52
FGS3275,5.53
ANH3059,5.55
NSB1016,5.57
JGN1767,5.57
IMS0862,5.57
CLA1285,5.59
MMC0261,5.6
JBL2993,5.62
IKA2925,5.64
RSV3166,5.64
ABM3776,5.65
SRM3245,5.66
HZM3056,5.69
MCC0856,5.69
JTS2090,5.72
NLP0155,5.72
HMV2340,5.74
ETG2821,5.75
GLG1573,5.76
JSG3377,5.78
TTL3088,5.8
ACH1910,5.8
ZDC2523,5.8
ASS0280,5.82
JBB0847,5.82
CLM1874,5.84
WEV2867,5.85
TSL2699,5.88
BDJ3326,5.89
APH2985,5.9
JPF1296,5.91
TTR0045,5.93
LSL0337,5.93
SHB3512,5.96
KQD0274,5.96
NMW0896,5.99
TCB0061,5.99
GJS0160,6.0
ECB1683,6.0
LAH3026,6.03
CCD3168,6.04
DSM1286,6.05
NDB0517,6.05
MNB3094,6.06
AKC1929,6.06
KBO2485,6.07
JAC2001,6.08
CDA2295,6.08
YLL0795,6.13
SAV3457,6.13
BPN3051,6.15
TDM2658,6.17
CBJ0683,6.18
BHK2196,6.19
DMD0486,6.19
UAD2700,6.19
AIV3936,6.19
MTM1434,6.2
DSB2734,6.22
PIP3915,6.23
UKC1192,6.24
JBW0109,6.25
UCW2995,6.25
YDE3069,6.26
NRN2936,6.28
CSB2910,6.28
AYP3586,6.28
JTV2654,6.29
KAG2599,6.3
IRT2811,6.33
UAS2829,6.36
LUG2205,6.38
LMH1987,6.38
BHE1709,6.38
DMS1977,6.39
VRJ0636,6.39
HCR3675,6.4
MMA1255,6.4
RHF0046,6.43
RVV0317,6.44
BBH3587,6.46
JCC0059,6.46
MNS1394,6.47
AVH2360,6.48
NLC2601,6.5
CAS1702,6.5
CST2863,6.51
BDJ3001,6.53
JDB1620,6.55
DRF3306,6.56
JME0387,6.57
IRS1337,6.57
BBH3779,6.58
LJH0866,6.58
RAF1290,6.59
JLM3847,6.59
AHC0232,6.61
SKP3263,6.61
NKG2706,6.61
ZVB2656,6.61
TNS1233,6.66
ABJ0281,6.68
KST0924,6.68
PSD1409,6.69
ROA3171,6.7
MRH2722,6.7
XHR2377,6.71
ESH1283,6.71
NMP3872,6.72
FBM2755,6.72
KPO3619,6.73
CKH0799,6.73
EPC3889,6.73
IMR3660,6.73
SMS1114,6.74
JIW2086,6.75
AWB2282,6.76
MCJ3137,6.77
MST2486,6.77
NIR3139,6.77
BDW1459,6.79
MJK0037,6.82
CAO3117,6.83
ZNB3313,6.84
HUM0431,6.85
JDM0165,6.87
BBM3688,6.88
SLB3039,6.89
MWO0559,6.9
RAA3570,6.92
NBD2469,6.92
DKE0797,6.94
JSB2942,6.96
GDH3546,6.97
HJH2588,6.98
TJD0106,6.98
LBM0614,6.98
RLH0358,6.99
RMR2694,7.01
AEB3574,7.02
GCD1189,7.02
LJH2619,7.03
BCL2082,7.04
CIG3459,7.04
GCM0813,7.04
IGB1902,7.05
BUS2399,7.06
CMM1068,7.09
MCR3885,7.1
TDK1689,7.1
ECA0976,7.1
MQR1657,7.11
VNG0916,7.11
HMB0805,7.11
DBV2736,7.11
LNM1879,7.12
QAS1692,7.12
GJM2800,7.13
ZCE3578,7.14
ALL0289,7.14
WNR0661,7.15
EUC1051,7.15
MSW0973,7.17
KTC0474,7.17
IYM3865,7.18
SRL3525,7.19
NHN0711,7.2
TAB3539,7.21
HLO2756,7.23
NTE3084,7.23
JAW3813,7.23
XFF1302,7.24
LRS2996,7.26
SAB3286,7.26
PJF2579,7.27
LCP0572,7.27
CWL0561,7.28
MNM2369,7.28
HKD1826,7.29
ABM3687,7.29
VPS3185,7.3
CAC1777,7.3
NSC3036,7.31
MSP3845,7.31
MMB0185,7.31
BAW1019,7.32
WKS3265,7.32
CTP2225,7.33
TSO3216,7.35
ISH0051,7.35
NDM2251,7.35
WLR0707,7.36
ELC1833,7.36
THR3371,7.37
FTF1665,7.37
MVA3761,7.38
RLS1738,7.39
AUG2242,7.39
KOM1306,7.4
FTS0246,7.4
KIC2314,7.4
DWB3085,7.41
ABH2671,7.41
KJP1326,7.42
VSF0004,7.43
FDH0299,7.43
VNC1607,7.43
CJH3136,7.43
JAB2131,7.44
ACG3819,7.44
GSH1593,7.44
NWH2076,7.45
CGB3928,7.46
AIC1071,7.46
MJF0334,7.47
MPY0478,7.48
SMO0458,7.48
ANC1319,7.48
MCN0985,7.49
SWE1349,7.49
KEF0629,7.5
JOA0305,7.5
LMB1077,7.51
QIT3029,7.51
JMR3367,7.52
TDV1034,7.54
SKF2105,7.55
JLL1813,7.55
VZG2484,7.55
JWW2765,7.57
DGH3295,7.57
KSN3347,7.57
MCS0512,7.58
TAD1414,7.58
JJE1552,7.58
HSS3959,7.58
AKL1305,7.58
HNV3655,7.58
CAP2283,7.59
JQS2908,7.59
QGS1841,7.59
SKM1369,7.6
MME3399,7.6
TAP1086,7.62
HCS2231,7.62
DLM1680,7.63
DRF1498,7.64
LUK1182,7.66
ASK2349,7.66
SRP2080,7.68
MFD2890,7.69
UNB3986,7.69
KEH0665,7.7
BXT2678,7.7
SQC2334,7.73
ELB3697,7.74
HMR0098,7.74
GCB0201,7.74
IBM1700,7.75
TCH2233,7.75
NMC3998,7.75
MWB4000,7.76
MDH2713,7.76
ATH0720,7.76
JWB1519,7.76
ACW0426,7.79
BBH1056,7.79
RLH1548,7.79
LBG3911,7.79
THB0987,7.8
ASD0993,7.81
WCB0801,7.81
STR3896,7.83
AZB1225,7.84
OAS0991,7.85
BNS3594,7.85
VQS3246,7.85
UDW0487,7.86
JSH1070,7.86
JMH2517,7.86
DGQ3744,7.86
MCW3493,7.86
RTS2009,7.87
TLK0003,7.87
MMR1435,7.88
MKJ1574,7.89
XTB3322,7.89
CDS3824,7.89
GDH2500,7.89
VIB2070,7.89
RRT1417,7.89
TDM2859,7.9
BRH1107,7.91
NLS1866,7.91
SRB2276,7.92
JZM1351,7.92
YJP2791,7.93
JBW2054,7.94
ARC2809,7.94
PCS1747,7.95
VTB2147,7.95
NSC1939,7.95
LGF1503,7.95
KBG2061,7.95
LIW0379,7.96
LOC0416,8.01
CIR1367,8.01
JRL2365,8.02
KLL3118,8.02
ATB1273,8.02
SAL2493,8.03
LKS1416,8.03
FPV3755,8.04
GND1618,8.04
RMP3510,8.05
SAH2292,8.05
DBT0141,8.05
BON0968,8.06
JAD3672,8.07
ARC1223,8.07
GDB2960,8.07
PTR2613,8.07
LAR0625,8.08
TZM0239,8.08
SBK3515,8.09
XML3920,8.09
BXR3536,8.09
SCH3716,8.09
PGM0342,8.09
RAS0223,8.09
QAH1315,8.1
KJH0588,8.11
RMB2275,8.12
MBL1247,8.14
DWC2994,8.15
SJW0184,8.15
AIB3416,8.15
LRL1316,8.15
SAP3390,8.15
CLS3806,8.16
AHD2457,8.16
CIS3471,8.16
MGG0080,8.17
ICB3167,8.17
SAR2066,8.17
DBF3582,8.17
SHH0970,8.17
SDF3082,8.18
AME0732,8.18
RAB2739,8.2
FKJ1521,8.21
FRG1576,8.21
WAA1816,8.21
NNM2862,8.21
FHA3387,8.21
LSL0001,8.21
RHL0268,8.21
GCK2071,8.22
JIP3170,8.22
MSB0830,8.24
CNT0946,8.24
AFB1626,8.26
CCT2165,8.26
DJA0740,8.26
BEH2967,8.27
AAV3669,8.27
LRP2591,8.28
MVS1908,8.28
OXS0363,8.28
KJB3654,8.28
CHY0083,8.28
BGS0751,8.3
HCB1643,8.3
ATF3708,8.3
SEN0534,8.3
BAG2641,8.33
LMJ1783,8.33
EMM3195,8.33
ANC1950,8.33
GUC0473,8.33
BKM2643,8.33
RSJ0891,8.35
GMM0224,8.35
IFS0793,8.38
GNA0183,8.38
DCF2185,8.39
TJE1945,8.39
KOW3756,8.39
ADS2428,8.39
LGL0649,8.41
DOT1898,8.41
CMH0776,8.41
BPR1678,8.42
HJG3868,8.42
DIW1749,8.43
GST1100,8.44
JAM2248,8.45
KLH0276,8.46
COK3383,8.46
ABO1173,8.46
HZD0429,8.47
GDM3960,8.47
JJB3398,8.47
KNL0918,8.47
ADP3667,8.48
WDL0140,8.48
HBS0255,8.48
SKS0339,8.48
VMN0743,8.48
GCM1580,8.5
MKR2258,8.51
EMO0159,8.52
KKB2094,8.52
MAL0434,8.53
YFP2558,8.54
YBJ0071,8.54
WLC0115,8.55
NSE3944,8.55
APD0381,8.55
HIS1706,8.56
VSJ2569,8.57
BMN0178,8.58
AIF1202,8.59
IKK3333,8.6
TDJ3138,8.6
HAL1200,8.6
MKM0647,8.6
AEH2020,8.6
MCT1067,8.61
EDP1880,8.62
NDW3217,8.62
AIA2005,8.62
DWF2268,8.62
XPW2833,8.63
NDR1456,8.64
GHM3953,8.65
DGE3194,8.65
BDA1906,8.65
PAM0505,8.66
WSB1368,8.67
CSR0612,8.67
VJM1336,8.68
ICH2378,8.68
OKH3777,8.69
CSS1313,8.69
DAH2506,8.69
RHG1647,8.69
DRN0782,8.69
EMR3880,8.69
JVZ3437,8.7
MSS3335,8.7
NGS2820,8.7
ARG0441,8.71
LTW1378,8.71
RBB0585,8.71
VBP1871,8.71
FXD3105,8.71
MJP2421,8.72
EAH2882,8.72
MCS3301,8.72
OGW0251,8.73
LDB3087,8.73
KBC0578,8.73
TCP2520,8.73
MDM3580,8.73
OJM1324,8.74
NGB0066,8.74
NAR1527,8.75
NGR2884,8.75
WGD3156,8.75
ANO2653,8.76
JHF1356,8.77
JTM0878,8.77
DBR1798,8.77
FAR2869,8.77
DAF3096,8.78
BKC2698,8.78
RCB2424,8.78
SCJ2279,8.79
HLM1007,8.79
CNC1177,8.8
LAC0994,8.8
JDM1042,8.8
DER0400,8.81
LGS3477,8.81
KDB0266,8.84
LGS1812,8.84
MCW0674,8.85
RGP0451,8.85
KAH2460,8.85
TKK0628,8.85
NMM1844,8.86
HAF1891,8.86
KLZ0507,8.86
FCY1157,8.87
RDF1248,8.87
NUK1513,8.87
NHW0864,8.88
DOM0586,8.89
MDH3639,8.89
ABH1181,8.89
ZDC3269,8.89
BSS3551,8.9
MBR3261,8.91
GSC0530,8.91
ADH0975,8.92
MIA3825,8.93
JXP3801,8.93
CKL3556,8.93
CJH2921,8.93
MGB0326,8.94
BSS2956,8.95
QMV2796,8.95
BAW0780,8.98
JKD1115,8.98
UCM3537,8.98
GKB1150,8.99
SRN2617,8.99
JSO3292,8.99
NNF3968,8.99
FGH1958,9.0
OHD2274,9.0
SMH2222,9.01
KLP3864,9.01
JCC1381,9.02
GCT3750,9.03
AYS0110,9.03
MNW1733,9.03
XAB0936,9.03
LQC3780,9.04
EJS1338,9.05
SMM3221,9.07
BRR2899,9.07
RBG3850,9.07
SHP1713,9.08
GRL3110,9.1
BJE0351,9.11
FMC1002,9.12
BFD1111,9.12
AKS0298,9.13
BRN3289,9.13
HMT1024,9.14
MHG3749,9.14
NQM0084,9.15
SGW0443,9.15
MJS1251,9.16
QCD0386,9.17
JCB3054,9.17
GSA3815,9.18
TAE1559,9.18
JLG2952,9.18
BAT3066,9.19
CBW2427,9.19
PDG2607,9.2
LCG0784,9.2
ZJB0552,9.21
RVH0535,9.21
DKB0260,9.21
RKG2587,9.21
LGL2772,9.22
SJS1014,9.22
IOM0542,9.22
IRW2130,9.23
IMP0960,9.23
AGE1244,9.23
JJA1399,9.23
NHM1805,9.24
EKK0503,9.25
ABM3203,9.26
ISB0256,9.27
RDB1693,9.27
CBD3251,9.28
CBR0121,9.29
XCB1390,9.3
JNW2037,9.3
LAE1350,9.32
DBC3871,9.32
DKW1659,9.34
JLL1204,9.34
BAB0541,9.34
CJT1106,9.35
KND0529,9.35
GCR2597,9.36
KZM2602,9.37
PGF3491,9.37
HDG2848,9.37
WHW2777,9.38
HGR0198,9.38
CHB1062,9.39
WUH2238,9.39
BRS0333,9.4
OCC0107,9.4
KHP1043,9.41
RSG0687,9.41
KGN0619,9.42
ACM0100,9.42
JNG1998,9.43
CAB3121,9.43
ADG1737,9.43
ARF0575,9.44
GOM0090,9.44
OLH3452,9.44
MFL0355,9.45
MVO2746,9.45
TAB0684,9.45
APM0190,9.45
UAH3940,9.45
JMF3362,9.46
RKH3803,9.47
CBJ3719,9.47
TKM1539,9.47
GSA2720,9.48
MRL2636,9.48
BEW1426,9.48
INS3200,9.48
HRL2565,9.49
JRM1303,9.5
EZP3568,9.5
RXN2265,9.5
MHS1125,9.51
ALD3508,9.52
CQS2883,9.52
APP1054,9.52
BZH1158,9.53
BCH1656,9.53
BEH2307,9.53
SNW0798,9.53
MEV2182,9.56
FDD3893,9.57
AJS3899,9.57
WLL1133,9.57
RCT1697,9.58
LKB2322,9.58
CFS1611,9.59
SED0972,9.59
SJG1194,9.61
RCL0068,9.61
AIJ3995,9.61
RAB0455,9.62
TMB1474,9.62
SSA1793,9.62
RDM1174,9.63
ZLG3090,9.63
AZK0622,9.63
SLS2992,9.65
CRP2489,9.65
CBL3631,9.65
LRT0447,9.65
LPH3918,9.65
DJS1271,9.66
CNH3475,9.66
OTD1228,9.66
WKC0573,9.66
JET2299,9.67
EEC3193,9.68
SER0621,9.68
LAF2213,9.68
RPW2445,9.69
HVR0633,9.69
LCF1216,9.69
FZW2101,9.69
JLA0030,9.7
NHH1704,9.7
RJB1424,9.71
RIE2876,9.73
KAM0005,9.73
IOR0152,9.74
MAW0532,9.75
MAK1309,9.76
RPC0205,9.76
CAR2244,9.76
JHK1849,9.77
CWB1463,9.78
AIT1264,9.78
JSN0214,9.79
RGB1581,9.79
CHM1561,9.79
MLP3859,9.79
SKB2635,9.79
BJR0940,9.79
KEC2465,9.8
CCB3943,9.8
NHD2497,9.8
ZBW1015,9.82
RAS0356,9.82
DAR0709,9.83
JSJ2743,9.84
NEB0371,9.84
GCS2218,9.84
RAH1514,9.84
KEW2795,9.84
JEH2847,9.84
LEC3857,9.85
CKD3861,9.88
VFM3223,9.89
MNW2267,9.89
AHG1408,9.9
IRO0822,9.9
GKL1516,9.91
AEH0187,9.92
TGC1489,9.92
SKB3752,9.92
ALB3649,9.92
EHD0024,9.93
JIG1936,9.93
JFL2674,9.93
DPF3215,9.93
BGM1226,9.94
KKH2324,9.94
HHS3357,9.94
IMM2118,9.94
YJR1149,9.94
ACF1806,9.94
RNB0519,9.95
SIP2293,9.95
KNM1318,9.96
CRP1186,9.97
CTH0737,9.97
GWC0137,9.97
FKR3316,9.98
JGR3488,9.98
CBS0951,9.98
KZG3565,9.98
CGG3388,9.98
SKG1731,9.99
HJV1586,10.0
CBM1814,10.01
HHL2311,10.01
JDH0295,10.01
KCH2475,10.02
GOR0861,10.03
SHW3011,10.03
ARW1507,10.04
BYS3626,10.04
WBC1203,10.04
ERG3905,10.05
MKC2767,10.05
RNM0466,10.05
MRC2160,10.06
KPS3882,10.07
LIG2813,10.07
FZS0969,10.07
TAC3330,10.08
AMS0712,10.08
MCY0601,10.08
TWW0811,10.09
ABB0300,10.1
BJW2134,10.1
CTP3877,10.1
GJG1087,10.1
CSM2819,10.1
IAM3078,10.1
CGW0692,10.11
NJM0440,10.12
HYV1658,10.12
VSC0775,10.12
NIW3071,10.13
MPG1307,10.14
FGK1026,10.14
KCR0468,10.14
SBW3023,10.14
GEG2093,10.15
RTW2758,10.15
KSP1288,10.16
CAS1017,10.16
STN2458,10.16
CBR2229,10.16
FRM3431,10.16
VWV1249,10.18
UVN0903,10.18
GKN0168,10.18
TGP1343,10.18
JMS0149,10.19
VND1667,10.2
OWD0981,10.2
BHG0258,10.2
PWG3063,10.2
KKS3790,10.2
VON3443,10.2
TKS3035,10.2
YNW2855,10.2
ELB0033,10.2
RCW3692,10.2
TRC1831,10.2
NSM2805,10.2
NIM1630,10.21
BLY1039,10.21
LNV0271,10.21
LAH0524,10.21
JRB2741,10.22
BAL2366,10.22
KDT1190,10.23
WJM3209,10.23
TJM3340,10.23
LDW1472,10.24
XIW2655,10.24
DMB1429,10.24
VBN0984,10.24
NCB2660,10.25
EHV1237,10.25
KNM1674,10.26
THW1425,10.26
ARK3198,10.26
LOC1446,10.26
BTG3468,10.28
DLM2440,10.28
MHS0125,10.28
MKW0157,10.29
RDC0378,10.29
GKK2422,10.29
WMR2625,10.29
MNM1161,10.29
MLW2240,10.3
KOB2624,10.3
EKB0825,10.3
ARH2097,10.31
SGC1001,10.31
HSH0292,10.32
WPJ1400,10.32
JNS3342,10.33
KCM0806,10.33
SJW3131,10.33
SJB0086,10.33
DBH1596,10.33
KMC2028,10.35
RAH2750,10.36
NCT0983,10.36
KLM2448,10.36
XJB0548,10.36
PMT2264,10.36
ESS3318,10.37
MCB2802,10.38
VLF1113,10.38
KRH0589,10.38
GKG2763,10.39
RAS3446,10.4
GDR1066,10.4
GMH2027,10.4
DWK2099,10.41
ISR1477,10.41
BHW2476,10.41
CHC0252,10.41
DLP1445,10.42
JPC2507,10.42
IBV1578,10.42
MBA1797,10.42
KBO2708,10.42
NRG1562,10.43
RRH0638,10.43
HCB1383,10.44
CWP1829,10.45
MRW2504,10.46
AMM0734,10.46
QSB1577,10.46
RPB0029,10.47
KAD0884,10.47
JMV0602,10.47
CCM2207,10.47
BMB0007,10.47
ARM0076,10.47
KCS3465,10.47
CUM2335,10.47
GRP1402,10.48
BCO0877,10.48
GJM0838,10.49
HOJ2172,10.49
RDA3381,10.49
CKB0596,10.49
BYF3784,10.5
DKR0027,10.5
WES2531,10.5
TPM0039,10.5
AMJ3174,10.5
DTW1276,10.51
CRC2747,10.51
CNE2161,10.51
KNW1321,10.51
DWB3415,10.51
XIW0171,10.52
CSL0428,10.52
KVA2944,10.53
GNT0221,10.53
OHC1892,10.53
ALS2596,10.53
MNP0955,10.54
OLA2686,10.54
JFO2840,10.54
GPB2691,10.54
SAM3782,10.55
JCF0800,10.55
ERO2454,10.55
EIH0064,10.55
AYD2775,10.56
YSH0145,10.56
KMR0373,10.58
GDH0108,10.59
SGR0658,10.59
NSR2539,10.59
SEM1862,10.59
CSC3074,10.6
CCS3575,10.6
CKB3645,10.62
DSC2208,10.62
GYS2461,10.62
FKM1622,10.63
WSA1765,10.63
FGC0114,10.64
EDJ1970,10.64
PLM3935,10.65
JAA0897,10.65
CAC0147,10.65
BXN0660,10.65
HCO3108,10.66
FQG2974,10.67
DHM1476,10.67
DAH3324,10.67
AAS0144,10.68
RFJ2193,10.68
CJS1986,10.68
IAG2742,10.7
JKW0200,10.71
ARZ3464,10.71
RLK3490,10.72
HBD1371,10.72
SVA1742,10.74
THC2752,10.75
FCS1128,10.75
MRH2516,10.75
GSB0666,10.76
KNC3843,10.76
CKC3767,10.76
AKW1679,10.76
LND2704,10.76
MLF2319,10.77
HCR1322,10.78
CGG2688,10.78
ACH0008,10.79
MAY0978,10.79
PJC1252,10.8
GTH3729,10.81
IIG0772,10.81
TRS3323,10.81
KUS2137,10.82
HJR1160,10.82
ATD0146,10.82
MTW3317,10.82
SGR1164,10.82
SHM2429,10.83
HLD1109,10.83
LKH2512,10.83
BKF1545,10.84
BRM0143,10.85
DDG1822,10.86
JDV1245,10.86
RPH2326,10.87
MND1058,10.87
REB0123,10.87
SCE1877,10.88
SLC1588,10.88
JRK2707,10.88
KJS0119,10.89
LLS0222,10.89
MRE0567,10.9
BZB3532,10.9
ALP2955,10.9
SAS1098,10.91
TRV2966,10.91
BCB2072,10.91
ARC3034,10.92
KRN2211,10.92
NCT3492,10.92
BIT2790,10.92
HJB0220,10.93
CCL1770,10.94
UKC0543,10.94
UEP2013,10.94
MNW1827,10.94
PJP2632,10.94
AVS2317,10.94
CQC0997,10.94
APP1996,10.95
QKV2583,10.95
IJC2459,10.96
SPM1684,10.96
ADG1430,10.96
JGH0493,10.96
BMM0462,10.97
EVF1722,10.97
CNT1188,10.97
BBT0062,10.97
BJS0053,10.97
HLC0943,10.97
DRM2927,10.98
FAD3114,10.98
WAJ2412,11.0
RJH0219,11.01
JVS2308,11.02
VCH3696,11.02
YHB2355,11.02
DGN3358,11.02
WDD0499,11.03
KCH3224,11.04
SSD3197,11.05
GFJ2582,11.05
LLJ1243,11.05
ENR1304,11.06
JCH2963,11.06
DJF3394,11.07
CBM0410,11.08
RTP0754,11.08
GAA3681,11.09
UWB0395,11.1
NKV1451,11.1
CAG1644,11.1
ARM0771,11.11
MRB0796,11.11
RNB2679,11.12
MDH1924,11.12
DBC1073,11.12
CJW2087,11.14
JON0788,11.14
DER2162,11.14
MWH1018,11.14
RPW0026,11.14
NOE2965,11.14
KQW0164,11.15
ZCT1009,11.15
AAB0398,11.16
RAP0653,11.16
IPB1935,11.16
DRW1207,11.16
MLV0088,11.17
TAN2642,11.17
RFB2959,11.17
HMG0642,11.17
ADV2467,11.18
LRF1572,11.19
AJP1199,11.19
DPF3360,11.19
MBN3610,11.19
CAS3022,11.2
ABM3641,11.2
VAC3966,11.21
AMB3100,11.21
NCS1854,11.21
DMH0011,11.22
AAB0162,11.22
JIM2988,11.22
WBA1786,11.23
ZCM1781,11.23
RMC2177,11.23
TFB1229,11.23
REC0283,11.24
SWR3808,11.24
AOC0982,11.25
CWK2870,11.26
RTN3680,11.26
ARH1610,11.27
CUP2764,11.27
LPE0270,11.27
ROS2030,11.28
WXH2289,11.28
MDP0161,11.28
ZTB2410,11.29
GGB3663,11.3
QJF3038,11.3
LRG3408,11.3
INJ3876,11.31
VDI1217,11.31
RGR0706,11.31
IJC3881,11.31
UIM2818,11.32
LKS1010,11.32
XJM3874,11.33
AHM0959,11.35
BAB0518,11.35
ZAP1762,11.35
UMB0055,11.36
KDM3923,11.37
JOC3621,11.37
NKC3652,11.37
LRF0101,11.37
TNV3213,11.37
KNH1985,11.38
CEB3714,11.38
UME2842,11.39
JMG3365,11.39
AMH1481,11.39
SRA3210,11.39
SGW0112,11.39
SRH3590,11.39
IAB3386,11.39
DMC1766,11.4
MAH0438,11.4
OMB3507,11.4
NCA3027,11.41
SKM1287,11.41
AGL3519,11.41
CIS3505,11.41
KSW3237,11.43
CJY2951,11.44
MEM1745,11.45
BRB2143,11.46
YHH2785,11.47
HMS2212,11.47
KMR2232,11.47
FKA0393,11.48
CAP1971,11.48
DAM2705,11.48
DTT1716,11.49
BAC2914,11.49
VAS3984,11.49
NNB3989,11.49
RFS2923,11.49
WXM3698,11.49
OEN0432,11.5
KCR2291,11.5
VLM3572,11.51
ARJ0912,11.52
ZSL2618,11.52
ADS0763,11.53
GWM3260,11.53
CJH0382,11.53
HSH3606,11.53
LHH2148,11.54
BYL2133,11.54
NJM3961,11.54
WSC2981,11.55
LCP0344,11.55
ENH3969,11.56
ACR0331,11.56
LLJ3179,11.56
PDM0304,11.56
CDS2792,11.56
ADW2832,11.56
IMH2964,11.57
DJS1127,11.57
TJM0328,11.58
BXG3763,11.58
HJR3540,11.58
TQR3104,11.58
FCM3926,11.59
DIP3310,11.59
WJH0717,11.59
ASW1918,11.6
CHH3583,11.6
SHB2106,11.62
KBK3593,11.62
RMR0341,11.63
SDC2793,11.63
TJB3511,11.63
WKT0099,11.63
EMC3609,11.64
PNH1444,11.64
NHR2050,11.64
SRR2711,11.64
JRM0871,11.64
SGF2611,11.65
KMS0954,11.65
XAB0627,11.65
OUJ2510,11.66
IMH0562,11.66
SMH1953,11.66
WBH1861,11.67
KRB3120,11.67
KWB1967,11.67
RFS1633,11.67
XKW1135,11.67
IKT0917,11.67
SOM2865,11.68
HLZ2414,11.68
QKO2718,11.69
LSM2234,11.69
JLF3219,11.69
JIB1218,11.69
ETB0950,11.7
PSH3834,11.7
PAB0879,11.7
CWH0038,11.71
FNM1482,11.71
MET1881,11.72
TPM0234,11.72
JCC0571,11.72
GCN1743,11.73
PSS2051,11.73
MDG0657,11.74
MRB2390,11.74
PMG2513,11.74
BKS1860,11.75
DCM3596,11.75
HAR3632,11.76
KNH0316,11.76
JIN3522,11.76
NEW2490,11.76
ZAN1931,11.76
UDB1170,11.77
KSV2881,11.77
BWC2534,11.77
RAF3369,11.77
OJB1538,11.77
ODC0002,11.78
RCB2645,11.78
RCH3533,11.78
KBM3460,11.78
APA1788,11.79
NEC2446,11.79
JIB2606,11.79
PSP3592,11.8
JRR0769,11.81
ADM0765,11.81
JTJ0597,11.82
IIW1595,11.82
MAM2630,11.82
KNA1279,11.82
HDL2297,11.83
ITK2781,11.83
ULP1169,11.83
HMM2628,11.83
COW3840,11.84
TGA2006,11.84
MHS1146,11.84
ATF3951,11.85
KWD2589,11.85
YKW1763,11.85
MTN1330,11.86
BKR3146,11.86
MWK3854,11.86
JEW2035,11.86
GER1997,11.87
HIA2415,11.87
SVM0770,11.88
MBH0476,11.88
TJL3603,11.9
TNR0319,11.9
WAW0422,11.91
AVV2056,11.91
JCS0380,11.91
KGR2815,11.91
HAC1300,11.92
FNW3564,11.92
FGN0375,11.92
THH2751,11.92
THG3271,11.92
OQL3890,11.93
RDB0702,11.94
DRB0756,11.94
ROR3483,11.94
RWS3699,11.94
TKE3293,11.94
JDH3762,11.95
ACP2122,11.95
JCS2391,11.96
HGJ2592,11.96
DBS0880,11.96
WMM0873,11.96
VBA1395,11.96
SBT2281,11.97
ACS1921,11.97
LFR0075,11.97
MMD2022,11.97
MJM3657,11.97
SSA0346,11.98
CZT2970,11.98
OJR2085,11.98
FQL3629,11.98
DEY2638,11.98
OVM1496,11.98
WNC0874,11.99
BUS1727,11.99
ZAW3833,12.0
DCC3689,12.0
AGF2302,12.0
CAM3050,12.0
DHS2419,12.01
JJS2973,12.01
IUT3421,12.01
GKW2306,12.01
ARG3554,12.01
EAP1555,12.03
SJD3032,12.03
NBF3844,12.03
CTH2220,12.03
NGP0549,12.03
TAB1870,12.03
CSV3305,12.03
BAA2451,12.04
PHH1524,12.04
CDD0127,12.04
FJC2198,12.05
WJW3627,12.05
ISM2612,12.05
TZG2263,12.06
SWG2200,12.06
LKF0335,12.06
JVC2443,12.07
JSH1843,12.07
SAP1888,12.08
KSO2224,12.08
ATR2560,12.08
PHB0124,12.08
CTM1961,12.08
AAG1447,12.09
NRE1755,12.09
BWG3220,12.09
ILK3668,12.09
STJ2043,12.09
MAH0590,12.1
MZG2261,12.1
SLS0834,12.11
TRW3172,12.11
JRR3014,12.11
EIR1046,12.12
RGB1346,12.13
KNB0560,12.13
IJC1553,12.14
CIV0935,12.15
NWH2896,12.15
WJC0470,12.15
GYH3476,12.15
DBB3846,12.16
LJE2413,12.16
LCH1789,12.16
KCO0287,12.16
EGB3624,12.17
ADR1517,12.18
SHT3548,12.18
CRC0348,12.18
CBD0802,12.19
MNP0290,12.19
JMC2806,12.19
MHH2192,12.19
WIB3670,12.19
JCC0736,12.19
CGT3148,12.2
JAB3656,12.2
LRU3765,12.2
CRT2273,12.21
HBM0676,12.21
AHC1994,12.21
RSM3742,12.21
MLG2305,12.21
BPD2437,12.22
ACC2773,12.23
IIW0399,12.23
CCB3055,12.23
CHW2893,12.23
BJH3402,12.23
TEC2300,12.23
EVO1522,12.24
ANH2482,12.24
BIG3946,12.24
WYC3397,12.24
TDR0111,12.24
KAA2259,12.24
CDS1579,12.25
ESB2888,12.25
FNB1512,12.25
CDP0340,12.25
AJM0345,12.26
DWY3973,12.26
CAM1323,12.27
GFK3498,12.27
UCS3454,12.27
XSF3982,12.28
JCB2350,12.28
NBL2243,12.28
JJY3112,12.28
DJH1506,12.29
EJH2799,12.29
RND1473,12.3
GAH0525,12.3
CZB3718,12.3
TKC0514,12.31
APS1968,12.31
DRS0032,12.32
WKF3444,12.33
URC2874,12.33
SCD2333,12.33
AJM0243,12.34
DAM3691,12.34
JPJ0227,12.34
BRW3552,12.34
KBV1602,12.34
DOW1266,12.35
XCG2316,12.35
CFR1523,12.36
LCH2740,12.36
IAR3996,12.36
ZAR2140,12.36
FHM2067,12.37
BKC3473,12.37
DNS1758,12.37
KHC2129,12.38
RIS2436,12.38
ABH0349,12.38
LBG0407,12.39
BUW2717,12.39
LGS1976,12.39
ACA3252,12.39
SJS0323,12.4
KWD3977,12.4
PHA0726,12.4
MCF3187,12.4
JKG0944,12.41
BCB2676,12.41
ILH2989,12.41
SSA0389,12.41
OLR2564,12.42
EHW2450,12.42
KFG2735,12.43
BDB2163,12.44
CSP3434,12.44
JOR2627,12.44
FJO1828,12.44
TVS0520,12.44
EFC1153,12.45
AMH3562,12.45
MBF3126,12.47
NEE1632,12.47
BKF0427,12.47
BLL3585,12.47
KJR3538,12.48
HSK0639,12.48
XKL1317,12.49
NGH1256,12.49
AIL2511,12.49
EFJ1685,12.5
NIB1197,12.5
STK2397,12.51
JKS2444,12.52
MVB3343,12.52
JYM3047,12.52
QKP3927,12.52
SZC2235,12.52
JHH3462,12.53
OHM1030,12.53
MJB2167,12.53
NJG3144,12.54
HGH0727,12.55
TDW1746,12.55
KAP0844,12.56
DKM2980,12.56
VKM2949,12.56
CAH1839,12.56
BCG1029,12.57
NDC0948,12.57
RCM1372,12.57
KDC2976,12.58
WZG3563,12.59
IGP2254,12.6
AJH0279,12.6
CMW0437,12.6
GRM3793,12.6
AFF1492,12.61
JCP1462,12.61
KWC3812,12.61
HHF1995,12.61
DDL3007,12.61
HWS2915,12.62
TZM0716,12.63
VRB3401,12.63
DKS1509,12.64
CCF3529,12.64
DSR3787,12.64
JTR3205,12.64
PDK3856,12.65
EUV1842,12.65
MUO3601,12.65
KNR3837,12.65
ZMB3686,12.66
SHC1585,12.66
GIB0207,12.67
ZVS1637,12.67
MDD1920,12.68
AGS0063,12.69
HCH3338,12.69
AKL1605,12.69
HBC0999,12.69
AEK3566,12.69
EBC3242,12.69
OHG3736,12.7
BNF1110,12.7
CPP0623,12.7
IIW0036,12.71
QSG2525,12.71
RSR2681,12.71
BGM2545,12.71
OAG1468,12.71
HUC1396,12.71
IEG3509,12.72
MNC3485,12.72
CXB2183,12.73
NBC0607,12.73
WPR1884,12.73
MQS3541,12.74
JTV1040,12.74
GWM1366,12.74
CBA1023,12.75
WGM1823,12.75
YQB2309,12.75
DNM3903,12.75
RGB0263,12.75
RCM3458,12.76
INB3109,12.78
LCW0047,12.78
DJC0073,12.79
HNB2571,12.79
CDL0867,12.8
BEB1022,12.8
MAM2363,12.81
BHS1917,12.81
DAM2837,12.82
TIE1175,12.83
RSW3232,12.83
RQN2039,12.85
LCM1480,12.85
OAW3013,12.85
KCC3658,12.86
AUA0826,12.86
RJS3256,12.87
MLJ1461,12.87
SML1923,12.88
JZE2902,12.88
HWC3907,12.89
EGG3374,12.9
BDR0510,12.9
MJW2032,12.9
SJB2984,12.9
SGP1124,12.9
BBF2388,12.9
JJM3791,12.9
AXL0479,12.91
FCM2190,12.91
WVD0570,12.91
LNP3092,12.91
IKP1047,12.93
CMB3499,12.93
EAM3642,12.93
APS3553,12.94
JJC0116,12.94
JLW3598,12.95
SFL0092,12.96
RJF3299,12.96
AZA1012,12.97
GMC0953,12.97
LIM1718,12.97
RSE2181,12.97
TSH3841,12.98
RJB1151,12.98
HWP0364,12.98
EKH0934,12.99
BBA1230,12.99
TDV3188,12.99
DAR0388,12.99
IAC3581,12.99
XBW2502,12.99
SCH3858,12.99
HMP3391,12.99
GKL0006,13.0
LAW1407,13.0
LAN1329,13.0
COD2351,13.01
EPM3878,13.02
AVH0566,13.02
CER0228,13.02
GAH1760,13.02
FZB3046,13.02
ANC1834,13.02
MDH0211,13.02
KBB0460,13.02
LBJ1723,13.02
AJG0240,13.03
WRM0515,13.03
BHB2598,13.03
ILH0248,13.04
BWJ0136,13.04
AIP1614,13.04
JHE3080,13.05
GLB0419,13.05
BHD2088,13.05
LMH3831,13.05
XUC1092,13.05
ELW1413,13.06
BYC3970,13.07
BJR0774,13.07
KKL1310,13.07
AMO0582,13.07
SCG2695,13.08
TJP2817,13.08
XEJ0773,13.08
JLR0313,13.08
EHD1744,13.08
WHH2938,13.09
HNC0074,13.09
DFW1467,13.1
FNM2124,13.1
ESB2629,13.11
KGD2603,13.12
PRH1717,13.12
NTF1342,13.13
HLS2733,13.13
REL3735,13.13
BWA2593,13.14
MFK0902,13.14
MDB0680,13.14
SAB3860,13.15
RMO2439,13.15
PEV3955,13.15
RIK1631,13.15
WWS0645,13.16
MLV3376,13.16
CCL3272,13.16
JJB2367,13.16
LVH1790,13.17
LXS0332,13.17
JPH1129,13.17
CDL2145,13.19
CTG3770,13.19
RRH3057,13.19
YRW0842,13.21
BBP1093,13.22
HKR2901,13.22
XAL2816,13.24
GNG2812,13.24
MMS0241,13.26
FAH1851,13.26
ABB0167,13.26
BCO2338,13.27
ADC1469,13.27
BMC3061,13.27
RVR0095,13.27
DMJ1815,13.28
PTO1063,13.28
PRH2431,13.29
AEF2019,13.29
BHC2344,13.29
LGR1036,13.29
KDM2836,13.29
AAW0894,13.3
GJG0852,13.3
RHB1721,13.3
WZR3948,13.3
SKA0757,13.3
ERC1840,13.3
HSP1675,13.3
DRC2296,13.3
DDH1041,13.31
GTC0747,13.31
NDH3827,13.31
GAB1206,13.32
NPK0369,13.32
KEM0113,13.33
MJR0244,13.33
GMF1213,13.33
ZXM3086,13.34
RCG0105,13.34
YHD0593,13.34
USD0600,13.34
KAV2926,13.35
DSM3954,13.35
HHK0652,13.35
QNW0977,13.35
JFB2168,13.35
AGF1810,13.35
EIY2749,13.36
QSM3147,13.36
PMM0696,13.36
EKM0863,13.36
APP3678,13.36
DCC1431,13.36
BNL1652,13.36
HUM2481,13.37
DBC1152,13.37
AAF3937,13.37
MBS1375,13.38
ELR1140,13.38
KTS3908,13.38
YKM2435,13.38
ZLB1878,13.39
TWF1072,13.39
VKT2228,13.39
HTC1750,13.39
FMS3285,13.39
PLT3283,13.4
MXR3432,13.4
XWM0415,13.4
KPP2253,13.4
BXK2091,13.4
DCG2203,13.42
MMR1695,13.42
SRM1112,13.42
PMH3484,13.43
ABP2003,13.43
NJS2498,13.43
MTP2675,13.44
BAC3730,13.45
SNV2423,13.45
SCM0778,13.45
JCH1410,13.45
EJL1075,13.46
DSD1293,13.46
HBC0081,13.46
LRV1120,13.47
DLR1423,13.47
CAF3929,13.47
BBM1701,13.48
ATC1587,13.48
LAN2608,13.48
DMG1298,13.49
BKM3410,13.49
RHA3613,13.49
CHS2323,13.5
NCO1443,13.5
SMG1794,13.51
AAF0819,13.51
FAL1867,13.51
BRC1811,13.51
BCC0456,13.51
QXH0396,13.52
HBC1540,13.53
CMT0267,13.53
SSF3031,13.53
NCS0425,13.54
VWB0990,13.55
DDF2937,13.55
CKH2797,13.55
DDC0980,13.55
GRG3005,13.56
NJM0173,13.56
BAH1259,13.56
RCF0054,13.57
AAD2188,13.57
DHK0367,13.57
DSB0245,13.57
BRH2866,13.57
JRM2358,13.57
FMN0013,13.58
TDM3135,13.58
LQJ3060,13.58
DPC3722,13.59
AAD3030,13.59
YJP2689,13.6
LMH2801,13.61
SGB1636,13.61
DTH1333,13.61
IMM3253,13.62
JKC3349,13.62
GFB1385,13.63
SSR1962,13.63
BFR3250,13.63
GEB3975,13.63
RJW1440,13.64
RTM0849,13.64
MHS2634,13.64
CKR2586,13.64
DCW2405,13.65
LHB3089,13.65
FSP0703,13.66
BTR2026,13.66
HBC3497,13.66
CHB3647,13.67
SNC1837,13.67
OMP1671,13.67
KEF1057,13.67
LNB2991,13.68
KAS2029,13.68
QHF3151,13.68
LBW3159,13.68
PCA3212,13.68
VDM2701,13.68
HDC2132,13.68
JIR2827,13.69
EJM2690,13.69
AMA2808,13.69
TJT3412,13.69
JJM2845,13.7
IRC3952,13.7
HIF0482,13.7
NWO3501,13.7
ZWS3625,13.71
JYB0262,13.71
KSB1599,13.71
ROR3967,13.72
TFH0544,13.73
CWA2549,13.74
FAJ3608,13.74
GNG2362,13.74
GEK3441,13.74
NCS3577,13.74
FDF2135,13.75
DTC2566,13.75
LRM1362,13.75
EDV1427,13.75
NLN0513,13.75
AEB1458,13.76
MOB1914,13.77
MEB2241,13.77
ANB2766,13.77
PIM3569,13.78
CAS0391,13.78
KCR0577,13.78
KCO0269,13.79
HBH2368,13.8
IWR3469,13.8
HOE0301,13.8
JJB0042,13.8
RJA0402,13.8
AIH2535,13.81
JMH1847,13.81
VAB1102,13.81
LIC0203,13.81
RCW2838,13.81
FDD1052,13.82
JAW0551,13.82
HMY0235,13.82
CNW2408,13.83
LHG3145,13.83
ANF3332,13.83
NYC2048,13.84
CDB3222,13.84
BVC0009,13.84
JBH2559,13.84
GMA1698,13.84
CIH0995,13.85
HKK2716,13.86
AUI2464,13.86
FLS0231,13.87
EBH1882,13.87
DNB1999,13.87
DEN0236,13.87
NJS2657,13.88
PLJ3274,13.88
JLR3930,13.89
KJD3392,13.89
CTH3020,13.9
JDH1550,13.9
BAV0390,13.9
SKE3262,13.9
GJD1141,13.91
CLD1641,13.91
LDW0620,13.92
WTG3411,13.93
SEM1983,13.93
OCS1541,13.93
CXK3433,13.93
BGA0892,13.94
AJV0176,13.94
NPR1612,13.94
JMB2246,13.94
CSR3225,13.94
WMR2723,13.95
BTV0644,13.95
URC3818,13.95
ZND2154,13.96
GPL1911,13.96
NJO1460,13.97
ALN2046,13.97
LQW0555,13.97
JGH0728,13.98
KJB0354,13.99
SXR0964,13.99
BGH2610,13.99
YZC3244,13.99
DAB2580,13.99
DBL2605,14.0
BCH1138,14.0
MCT0424,14.0
CHL3430,14.0
CRM0139,14.01
DKR0860,14.01
KDC0444,14.01
RCF0044,14.01
CDP2892,14.01
BDL1065,14.01
INH1250,14.02
AGM3504,14.02
THM1021,14.02
SAC0374,14.02
PCA3344,14.03
HYK3300,14.03
SWM0188,14.03
RKH1801,14.03
CCH3489,14.03
HZA3839,14.04
MNB2570,14.04
TAW2664,14.04
BSB3083,14.04
IAA3012,14.04
BBT1948,14.05
DND3309,14.05
PHO1937,14.05
AAP1942,14.06
VPG2530,14.06
HLC1172,14.06
ILS0713,14.07
GNB3337,14.07
LKC1944,14.07
GAP0715,14.07
BEH0103,14.07
RSS3182,14.07
AKB2312,14.08
LCW3879,14.08
XRP3102,14.08
CWT3747,14.08
HJG2157,14.09
NHS3981,14.09
ASS2760,14.09
SAM3855,14.09
EMH1957,14.09
DMR0336,14.1
GCH0735,14.1
TAH0933,14.11
BHD0598,14.11
RUC1198,14.12
BSV1499,14.12
EAM1432,14.12
HLM1564,14.12
OJG3395,14.12
ACW0464,14.12
BJM3236,14.12
MRT1855,14.13
KHW2052,14.14
PCM0609,14.14
TJL2113,14.14
ESS3341,14.14
BAB2968,14.14
POD0750,14.14
MBB2649,14.14
DRB0202,14.14
SDM2550,14.14
SNM1257,14.15
EPI3052,14.15
HTR1551,14.15
DBG0477,14.16
AYA3962,14.16
QLW2245,14.16
AHK1988,14.16
GOB3528,14.16
PCC0604,14.16
ZRM0694,14.17
GZM3990,14.17
ALH1494,14.19
DNH0308,14.19
WEC3721,14.19
IDL2014,14.19
VHG3993,14.19
LAV1050,14.2
AJW1246,14.2
CMM3753,14.2
GNH1735,14.21
KAH3247,14.21
IMC3296,14.22
CPT1533,14.22
JKF1825,14.22
BCS1604,14.22
LBM2142,14.22
LTO2217,14.23
DCB0401,14.23
AAR0641,14.23
QWL3474,14.23
RVL1688,14.23
RNC3417,14.24
GDM3835,14.24
JEH2787,14.24
CAR2900,14.25
SJN1601,14.25
FVR0881,14.25
LAL1956,14.26
RAB1712,14.26
RAA0675,14.26
MPB2578,14.26
SLL0504,14.27
GMY3938,14.27
RAW3461,14.27
PSC1608,14.27
BLN0230,14.27
MAC2962,14.28
GDY2724,14.28
LEB1764,14.28
SXW0537,14.28
PHB2209,14.28
SCM3407,14.28
PTS0531,14.28
AAP1919,14.29
NDS1897,14.29
LJC0191,14.29
KZK2058,14.29
ZNE3451,14.29
HNG1909,14.3
WDD2677,14.3
AJC0722,14.3
GFV3163,14.3
ORJ1401,14.31
ERA0725,14.31
CDW0886,14.31
BPM3694,14.31
CAG2236,14.32
MMR0700,14.32
KNK1428,14.32
MKH1959,14.32
LNA2543,14.32
CMB2034,14.32
DAB3255,14.33
XAH2479,14.33
LLG2714,14.33
LKG0937,14.33
MRW3143,14.33
JTJ3700,14.34
DMC1438,14.34
YDM3898,14.34
RSV2438,14.34
CJM0584,14.36
AGB0057,14.36
KBF2661,14.36
RLP3268,14.36
AME1490,14.36
LCR1537,14.37
VKM1515,14.38
TEC3006,14.39
SFE0723,14.39
YJD3130,14.39
BHC2049,14.39
HCM2945,14.4
CAM2468,14.4
TSS3643,14.4
ARV0704,14.4
JNC2650,14.41
DSJ1384,14.41
WMM3904,14.41
VCV2521,14.42
CEC1352,14.42
TVC2918,14.42
GKH1634,14.42
CCN2726,14.43
NOD1261,14.43
WOV3040,14.43
JPS2432,14.44
MHV1529,14.45
JEL2887,14.45
LQW1314,14.46
CBG1074,14.47
JUH3378,14.48
VKM2376,14.48
SDC3561,14.48
RAC0362,14.48
CMO2396,14.48
REG2171,14.49
SIM3373,14.49
EKN3760,14.49
FMR0920,14.49
WLG0406,14.5
DOS1990,14.5
GEH3406,14.5
BAO2928,14.51
CSB0827,14.51
ARS3506,14.51
SKB3336,14.52
CDM1097,14.52
MBP1960,14.52
JMM0848,14.52
JCG1982,14.53
DTW3549,14.53
FDV1224,14.53
RKH1569,14.53
EMC2757,14.54
MVA2547,14.55
PDJ3711,14.55
ENS1748,14.55
HMM2768,14.55
FES3442,14.55
WCP2123,14.55
RCH2447,14.56
MJA2380,14.56
AXW3243,14.57
EJG1655,14.58
WFH2830,14.59
JDS0516,14.59
IIW0361,14.59
ATM1003,14.6
WNO1466,14.6
KOE1033,14.61
MCH3354,14.61
CGB2215,14.61
CXM1821,14.61
TCH2216,14.61
TTD2873,14.61
FNR0635,14.61
BJP0186,14.62
CND3037,14.62
CNB1131,14.62
MYW0914,14.62
JCH2505,14.63
DJB2983,14.63
MLW0296,14.63
IRB2456,14.64
LCB2041,14.64
AOM1457,14.64
RTA1201,14.65
SCC1896,14.65
KCT3965,14.66
TSD2948,14.66
JBO2839,14.67
BNH3516,14.67
MDF1222,14.67
AGL1301,14.67
OSC1925,14.68
AKH1534,14.69
RKW1754,14.69
CDM0538,14.69
RUB1156,14.71
SUG0718,14.71
TPF1663,14.71
ARL2672,14.71
BBB3612,14.72
DTA2223,14.72
SJC3900,14.72
JRJ0919,14.72
DPM2971,14.73
WAH2778,14.73
IIB2553,14.73
LSC3979,14.73
WDS2197,14.74
CAR0992,14.74
KEW1179,14.74
CID3774,14.74
PCT1234,14.74
MDG3281,14.75
MBA2092,14.75
WOL3226,14.76
NJW2402,14.76
GHT3177,14.76
DGG3429,14.76
KMB1379,14.77
HZH0297,14.77
AVH3584,14.78
RIB1582,14.78
BGA2301,14.78
SSH1845,14.79
RDB1645,14.81
KCB1975,14.81
LYB3419,14.81
BDH0472,14.82
GRM1511,14.82
CJF1934,14.82
AME1361,14.82
AJH3517,14.82
JCH3456,14.82
ZBW0132,14.82
CKB0169,14.83
JUM0102,14.83
PMA2693,14.83
OCH2853,14.84
GJS0494,14.84
MEC0781,14.84
XAB3746,14.84
CJM0273,14.84
TLP1231,14.85
GJT1292,14.85
MCW2546,14.86
DFH1681,14.86
CJH2330,14.86
JHF0480,14.87
PSG1938,14.87
AJQ0809,14.87
ATP2680,14.87
ADB0350,14.87
VCF3273,14.88
DSM2400,14.89
IWG0058,14.89
BNK0087,14.89
LXC0839,14.89
JLG3764,14.9
GUC3945,14.9
AOD2178,14.9
MSR2850,14.9
NRN1312,14.91
IPK2575,14.92
CUL3015,14.92
FBD2277,14.92
LGR3119,14.92
ACS0128,14.93
PDC1453,14.93
JBW3852,14.94
EZB3892,14.94
CJM2961,14.94
LJC3980,14.95
RLB1334,14.95
JBB3280,14.95
ACN2347,14.95
TAC3425,14.96
MVW3821,14.96
MAB1775,14.96
ASC0177,14.96
CSR1682,14.96
NDG3403,14.96
EDF2361,14.97
LYS3814,14.98
HCF2857,14.98
AFP2709,14.99
GSC0192,14.99
SCC0067,14.99
WCR2136,15.0
LBB0453,15.01
EYD2871,15.01
XKW2303,15.01
NHV2004,15.01
GVC1358,15.01
NEH3435,15.01
DJF0760,15.01
DGS1079,15.02
OEJ1648,15.03
SZG0325,15.04
MEW1406,15.04
SXO3514,15.04
BMM3328,15.04
NWV0966,15.04
BRD3314,15.05
TMC3659,15.05
DHC1989,15.05
TDH0989,15.06
SCB1280,15.06
REM0580,15.06
CBB2904,15.06
YCL0824,15.06
GEB3079,15.06
SMR0338,15.06
RCH3740,15.07
TBW1393,15.07
IBP1616,15.08
BRC3949,15.08
NMS1493,15.08
KMS1530,15.08
DNM2823,15.08
NBR1873,15.09
CCW2381,15.09
SMG1268,15.09
EJP2975,15.09
BVB1673,15.09
QNC3717,15.09
MCM2189,15.1
CJC1433,15.11
VGM2096,15.11
BHN2290,15.11
CWH3487,15.12
AEW1442,15.12
RPF2614,15.12
LOP1708,15.13
IHH2590,15.13
BAB1619,15.13
MDS0759,15.13
UMH3826,15.15
JDB0738,15.15
AHC3277,15.15
HQB0118,15.15
IOF3298,15.16
CMA2616,15.16
SER2158,15.16
ADS2950,15.18
BPL3202,15.18
PJS2078,15.18
AVC2328,15.19
CTW2038,15.19
IKM1808,15.19
DYH0315,15.19
ANB0938,15.19
MEB3004,15.2
JHC3520,15.2
MBW1099,15.2
ODB1853,15.2
IWW0699,15.21
YCL2166,15.21
RKH2877,15.21
DLW2729,15.21
ZZO2997,15.22
FGG3666,15.22
NHH3276,15.22
GAB1885,15.22
MKR2138,15.22
TAM1488,15.22
PEC0475,15.23
RGB1869,15.23
LLH3157,15.23
CBH0413,15.24
NVH3726,15.24
JUG0498,15.24
BCM3794,15.24
DMR2518,15.24
ISR1364,15.25
EKB3828,15.25
CJG3002,15.25
HCS2401,15.25
OWL2872,15.25
ZHH3206,15.26
OMB2053,15.26
AIJ0383,15.27
HJH2977,15.27
PEB3768,15.27
ATR1677,15.28
CSE1265,15.28
RSA2941,15.28
QBL1386,15.29
RRA0643,15.29
CGC1132,15.3
NQO2712,15.3
KVB3830,15.3
CTJ0669,15.3
GJG0170,15.32
FCM3792,15.32
KPS0895,15.33
BCH3651,15.33
OUH0741,15.33
ODB0151,15.34
SLB2519,15.35
ROH3778,15.35
JRB1080,15.35
AKP3573,15.36
JWM0484,15.36
YAV0093,15.36
MMB2285,15.37
BGH2861,15.37
NCS3715,15.37
QMP2998,15.37
HBM2126,15.38
AHG3997,15.38
OKF2007,15.39
DFM2933,15.39
JKK1422,15.39
SME1984,15.39
MHM2370,15.39
TEW0693,15.4
DBW3679,15.41
TKN0812,15.41
CCM3075,15.41
JNR1694,15.41
RCS2064,15.42
EJP2315,15.42
CWR0117,15.42
PPP1295,15.42
PMG0284,15.43
ADM1894,15.44
XBH0357,15.44
LOP1055,15.44
JVB3184,15.44
BSM2844,15.44
IHH2831,15.44
BKA0175,15.45
ASF1136,15.45
TBL2581,15.46
HJA0779,15.46
AJM2385,15.46
CHM2081,15.46
IRP3916,15.46
CHU3211,15.46
ORB2880,15.47
MUH3099,15.47
SJM3805,15.47
LMM3366,15.48
RRD2697,15.48
SAD3259,15.48
SKL0739,15.49
CMH2342,15.49
AKB3530,15.49
HNB3661,15.49
ABE2352,15.51
AID2774,15.51
HQB3494,15.51
LED0656,15.52
DNV1964,15.52
ANL3024,15.52
IDF0189,15.52
RCB0302,15.53
JMG3704,15.53
SOH3595,15.53
FFP2270,15.53
ZMB3863,15.53
KOR1163,15.54
CSB1660,15.54
SCH3567,15.55
QYG1180,15.55
CSM3502,15.55
UMS0883,15.55
KEM1208,15.55
DEP0163,15.56
ZIR1732,15.56
AVT0526,15.57
ODS0893,15.58
MBS3902,15.58
VEW0278,15.58
MMC1084,15.59
BGW1739,15.59
DAD2620,15.59
CCH1508,15.61
WRF3534,15.61
MCO3164,15.62
CAR0928,15.62
LRK2426,15.62
DJR2389,15.62
RPG0403,15.62
WGF0506,15.63
WBS3870,15.63
RCG1241,15.63
WRJ2184,15.63
BKM1155,15.63
KMB1761,15.64
NIR3987,15.65
DBG3727,15.66
YNR2544,15.66
JCR3919,15.66
WBM1045,15.66
BMH1069,15.66
QBH3579,15.66
RMD0792,15.66
KAB1420,15.67
ACA0360,15.67
SCM3950,15.67
ROB2744,15.68
AIY3991,15.68
AJS0616,15.69
MMJ0070,15.7
KDR3234,15.7
ZNA0921,15.7
MRE3723,15.71
NPS1563,15.71
WET2108,15.71
YAS2508,15.72
CJM3543,15.72
SSM3894,15.72
LMZ1501,15.73
AAM0729,15.73
KVW0814,15.73
NRT1320,15.76
GJB2659,15.76
KCG0979,15.76
CHB3396,15.76
NSW3199,15.76
RHD0787,15.77
CID3640,15.77
KJC1419,15.77
SAB2761,15.78
AAM0138,15.78
CLE3098,15.78
FBY1064,15.79
CBC3175,15.79
ATT0293,15.8
CMS0010,15.8
AVP3044,15.81
JKG3329,15.83
CKG1972,15.83
JDB3127,15.83
KMB3781,15.83
JCM1803,15.83
DEL0913,15.83
ZER0085,15.83
QRJ0691,15.84
STR1769,15.84
VYP0637,15.85
MAC1404,15.85
SGV2780,15.85
BNS3233,15.86
DNB3545,15.86
KJS1940,15.86
GTG1348,15.87
PEV3531,15.89
FSM0056,15.89
AKK2125,15.89
DJP3230,15.89
UMM3017,15.9
HAG3665,15.91
MXG0821,15.92
LTH1795,15.92
JTH0719,15.93
FCK3307,15.93
DDS3149,15.94
KRC2935,15.95
DDG1703,15.96
MFB0040,15.97
JBC1916,15.97
ABL0870,15.97
IBC0377,15.97
SST1661,15.97
CRE2652,15.98
VJC1974,15.98
CLR2407,15.98
LWH0180,15.99
SAM3862,15.99
MKN3375,15.99
KOE0908,16.01
BCZ1345,16.01
DBF3635,16.01
AYL1635,16.01
GWW3788,16.03
NBR3731,16.04
KPN3783,16.05
EBS2201,16.05
SCR0898,16.06
RIJ2470,16.06
HDP1890,16.06
LRW1502,16.07
SDH1556,16.08
DRB1780,16.08
AGW1590,16.08
ABM3772,16.09
BZS1344,16.1
ALT1354,16.11
ACR0748,16.11
MIC2325,16.11
GPD3917,16.12
BWK0172,16.12
AWH2466,16.12
GAW0808,16.12
AKG2702,16.13
KCO1253,16.13
IKH3472,16.14
OZH2737,16.14
PAF1373,16.16
GSS0841,16.16
TWK1773,16.16
CPC0724,16.17
THM2665,16.17
TKO0417,16.17
JBB1875,16.17
QRR1242,16.17
ACJ0014,16.18
ATH0225,16.18
WJH3158,16.19
HJD3439,16.19
SDR1227,16.2
KMW1008,16.21
BEG3521,16.22
LMJ3535,16.22
MOS0496,16.22
RPS3617,16.23
KAH1820,16.23
STC2042,16.23
TPS2595,16.24
TWM2199,16.24
CNF0212,16.24
AMD2728,16.24
SBS1606,16.25
GLR3888,16.25
CKP0659,16.26
DMM2063,16.26
ENM2269,16.27
HAR1101,16.28
PCB1603,16.28
BBW0594,16.28
BZC3956,16.28
NJP1439,16.28
LCC2503,16.28
SAB1954,16.28
JJL1448,16.29
DAE1437,16.29
GDP1856,16.29
SYM2379,16.3
JSH0887,16.31
JSB1535,16.31
ASD3348,16.31
JMC2911,16.31
AMS0630,16.32
DKP0671,16.33
NKN3153,16.33
GCJ0831,16.33
CBG1142,16.33
AJO2788,16.34
JYW1965,16.34
MJG2304,16.34
TGH3351,16.34
ZOO1613,16.34
JFB0961,16.35
MWH0347,16.35
XBL3922,16.35
MDG2418,16.36
MDS0285,16.36
CDY3409,16.36
MJB3866,16.36
JRR0459,16.37
ITM0906,16.38
BCS2912,16.39
SIW2528,16.39
NTH2822,16.39
TBK2860,16.39
IJS1090,16.41
HAG3196,16.41
KNS3380,16.41
CSB3932,16.42
ETA0791,16.42
TJB2532,16.42
JSH3019,16.42
LAF1796,16.43
PPT3162,16.43
JJF1325,16.44
IKG3154,16.44
ACL2943,16.44
AJH2110,16.45
JJH2332,16.45
RME0448,16.45
HWV1621,16.45
WGC1081,16.45
SSH1649,16.45
CMH3077,16.46
OIP0988,16.46
KIG1594,16.47
BOJ2179,16.47
LGM1260,16.48
WSE1949,16.48
WAS2214,16.48
MAC3214,16.48
CBJ2083,16.49
TAP0664,16.49
JHC1809,16.49
CAG3622,16.5
KAW3589,16.51
SLV2969,16.51
BRW0963,16.51
GBC0907,16.51
JRP0250,16.51
NAH3759,16.51
DDW3361,16.51
AMM3906,16.52
SCL2577,16.52
CCG3254,16.53
NEC2033,16.53
MCM2375,16.54
CMM3702,16.54
BLS1973,16.55
GMB3703,16.55
CSM1212,16.55
FDT0213,16.56
WMR2685,16.56
QJA3887,16.56
HMA1258,16.58
DSB0307,16.58
RJD2647,16.58
KLM1357,16.58
SDH2394,16.59
BQK2024,16.59
ZCR0558,16.6
LXE2139,16.6
KNM0423,16.61
CSP0483,16.61
MBR3648,16.62
KTW3547,16.62
EWA1486,16.63
QRJ1597,16.63
HAF0394,16.63
BBH2509,16.64
RDP2116,16.65
JHK3122,16.65
KSJ0840,16.65
REC2555,16.65
FCS2824,16.66
SJY3732,16.66
DAB0166,16.66
TTF2920,16.66
HLS2098,16.67
VJB1928,16.67
SHG1281,16.67
SCM2538,16.67
FAW1969,16.68
DCW0174,16.68
LJM3339,16.69
MSH2210,16.69
SMS2452,16.7
MMJ3368,16.7
ORM1484,16.7
BNT0663,16.7
ABC3523,16.71
JSB0320,16.71
WVC3623,16.72
AKI3229,16.72
MMH2878,16.72
QFD1857,16.72
CKP3600,16.73
OMM0835,16.74
CJW0376,16.74
CCF2298,16.74
CFR1166,16.74
TMV0868,16.75
DSA3620,16.75
KCW3064,16.76
AGM3372,16.76
LCC1108,16.76
CKG3838,16.76
NKD3073,16.76
MJH3822,16.77
FAJ3101,16.78
CLH0733,16.78
OWC2563,16.78
AGM0133,16.79
GJM0065,16.79
DRD0097,16.8
QNG2121,16.8
JHH2770,16.8
VCR3103,16.8
JRR2745,16.8
YOH1176,16.81
JEW2141,16.81
GNW3891,16.81
CNK1711,16.81
HEW2164,16.81
GIM0786,16.81
THF2879,16.82
BJA1137,16.82
ARC1725,16.82
BHG3238,16.83
FZM0318,16.83
JEP1571,16.83
EMO2120,16.83
LMF0670,16.84
BMR1662,16.84
WBM0690,16.85
HEB3754,16.85
YSG1195,16.85
BJF0511,16.86
ACM2278,16.86
VEC1686,16.86
EAL3873,16.87
MIA0939,16.88
JSR3988,16.88
KSH0672,16.89
SCB2814,16.89
WBB2321,16.89
GLN2107,16.89
MTG0463,16.89
ZJA2373,16.9
NDK3436,16.9
RDE3239,16.91
MAR2386,16.91
JLR0632,16.92
CGM3124,16.92
SRC2524,16.92
LFB1624,16.93
TTP2417,16.93
LBG1670,16.93
BKB0853,16.93
NBT3447,16.94
IMN1730,16.94
CAR2748,16.94
ASK0599,16.95
JHD2499,16.95
KTL3785,16.95
DWB0238,16.95
IAR1895,16.96
DCC2999,16.96
ALS3440,16.97
BNC1497,16.97
ALH2916,16.98
RMN1355,16.98
BLL3910,16.99
KDF0876,16.99
JBT1035,16.99
BGB3045,17.0
DJH0971,17.0
LMS2868,17.01
FKS0094,17.01
RKE1589,17.01
AGS2462,17.02
CWC0490,17.02
CMC1642,17.02
JAF0209,17.03
AEM0554,17.03
CMR1470,17.03
LMA3676,17.04
TPG2392,17.04
NDW1863,17.05
LRS1168,17.05
WCM3134,17.05
LCT2783,17.05
DNB2574,17.06
AWM2286,17.07
ECA1221,17.08
GRP0277,17.09
JCM1388,17.09
INL3041,17.09
DQS0752,17.1
MKD1004,17.1
BOV1609,17.1
RKL2682,17.1
JNM0905,17.11
EBD2562,17.11
CQH1505,17.12
CJS1932,17.12
CAG0888,17.13
CUQ3097,17.13
VNH1282,17.13
HLD1270,17.13
JFR3527,17.14
AMN0911,17.14
JSM3633,17.14
ESH2077,17.15
HMM2841,17.15
BMS0925,17.15
LLG2958,17.15
ISH0079,17.16
SMN1103,17.16
MSR2202,17.16
CJM3315,17.17
TTK2633,17.17
AFB0904,17.18
KBM3734,17.18
ARP1144,17.18
UOM3363,17.19
ERD1235,17.19
ZSW2155,17.19
TJB3240,17.19
DAS1955,17.19
RWN1705,17.19
SWK1436,17.19
LRM1922,17.2
BXG1340,17.21
CAF1331,17.22
XCL1792,17.23
MKO0749,17.23
TPS1568,17.23
KLM0714,17.23
SMC2898,17.23
NMV2556,17.24
EEH0965,17.25
LJR0253,17.26
ADP1625,17.26
CMS2897,17.26
LAO2771,17.26
TSF3478,17.26
KAC0579,17.27
KMR0682,17.27
HDN2609,17.28
MQM1638,17.28
RAI1483,17.31
QIS2940,17.31
CTC0421,17.31
KRD2100,17.31
OGD0015,17.33
LMW2320,17.33
JBS1291,17.33
KJC3748,17.33
DJP2420,17.33
RJO1791,17.33
RQR3924,17.33
VKA1118,17.33
KSS2068,17.34
UKS1465,17.34
SES2670,17.34
HYP1591,17.35
TAM3048,17.36
ICP3710,17.38
BAH3684,17.38
NCV0758,17.38
XKR2059,17.39
OJV2346,17.39
HNM3405,17.39
RHO0678,17.39
QCB1360,17.4
MDG0019,17.4
CIT0310,17.4
STC3053,17.4
SCL0022,17.41
CIJ3941,17.42
KHC3350,17.42
NJH0196,17.42
WHL3282,17.43
JJJ1267,17.43
JBM3933,17.43
AKS3496,17.43
ACB0701,17.43
GOG3939,17.43
EAB2522,17.43
DCR1531,17.44
CAG3049,17.44
PLH1807,17.45
AIB0553,17.45
KBW1629,17.45
GJS3352,17.45
NMM1560,17.46
HES2103,17.46
SBT2585,17.47
ONR3291,17.48
SDW0370,17.49
ZBH3422,17.49
JIR2594,17.49
GYM1926,17.49
JRF3424,17.5
TKD2115,17.5
KSM1772,17.5
MAS3218,17.51
GGM3737,17.52
CSC0233,17.52
AUR1359,17.52
BGN3820,17.52
ADM0158,17.53
NCR2854,17.53
JCH1952,17.54
CAG2442,17.54
IDC2568,17.55
NHR1220,17.55
SLM2404,17.55
FKD2779,17.56
CPR1800,17.56
SKM3058,17.57
JJS2079,17.57
SPW0753,17.57
IHW2112,17.57
AEB3249,17.57
RVB0303,17.58
MLC3482,17.58
BKM3611,17.58
CNR1031,17.59
ZAC1838,17.6
BRG3113,17.6
PXR3453,17.61
FKH0804,17.62
RBO0327,17.62
KEC0785,17.62
JJS3884,17.62
DHR2541,17.62
GLM3106,17.63
ASP2895,17.63
SDB3500,17.63
DOB2696,17.63
KSF0134,17.63
MML2045,17.64
LRS1165,17.64
KLP0249,17.65
JDH1027,17.65
WAL0050,17.66
LPW0767,17.66
SCF0330,17.66
FCE0695,17.66
LVK3180,17.66
RJM0343,17.66
CMA1475,17.66
IGP1784,17.67
ICH1478,17.67
NEH1185,17.67
JRR0829,17.68
ABK3081,17.68
DBG3320,17.68
TBS3382,17.68
MTC0855,17.69
NIM0052,17.69
SVM3947,17.69
RBP1171,17.69
AGG3958,17.7
APB1122,17.7
IPS0385,17.7
NBN2651,17.71
KRH1028,17.71
CTH0626,17.72
CAM0679,17.72
SIP2907,17.73
VHH0485,17.73
GNC2237,17.73
QFP3467,17.73
ACH2102,17.75
CHL2644,17.75
ISM0130,17.76
SAB0817,17.77
ANK0777,17.77
JCP3883,17.77
CCB3173,17.77
IKC1205,17.77
CEM1852,17.78
GTL3389,17.78
MJD0469,17.78
MNR1903,17.79
VTD1184,17.79
JAS1907,17.79
ZAF3065,17.79
KAP2430,17.79
SBJ3628,17.8
JCB2089,17.8
SOB0089,17.8
CMM3674,17.81
KAL1210,17.81
AAT2913,17.81
GRY1398,17.81
SPP2313,17.82
BLS3327,17.83
IQO1690,17.83
KEO0131,17.83
VAR3559,17.84
CHH2272,17.86
BMF2337,17.86
CKC3072,17.86
AJK0611,17.87
AFB3228,17.87
JCL0446,17.87
SSO2406,17.88
NHG3810,17.88
JLM3150,17.88
MBH1370,17.88
KAC1774,17.89
MAP0215,17.89
ALB1254,17.89
KBG1117,17.9
WAR1374,17.9
JMB1651,17.91
EID1076,17.91
MCK0435,17.91
IRP2018,17.92
SYF1650,17.93
SRB2600,17.93
DAM3359,17.95
CDB2017,17.95
UCG0322,17.96
MCB0591,17.96
EHB0942,17.97
LFF1887,17.97
MMW1927,17.97
RME2477,17.97
DMW2128,17.98
DCM3288,17.98
SBD1557,17.98
TAF0640,17.98
NBW2810,17.98
VJK1327,17.99
QIC1832,17.99
ATC0218,17.99
EPH2834,18.0
ILY3152,18.01
WNW2002,18.01
DMA3455,18.01
SJS1415,18.01
PJM3025,18.03
WFN0926,18.04
WBL2852,18.05
RSG2931,18.05
HKA0686,18.05
BEA0311,18.05
MPH0153,18.05
MGS2159,18.06
PGS3797,18.06
DRH3557,18.08
WSH1130,18.08
SJT0698,18.08
CKM0405,18.09
NJL0974,18.1
TKM2494,18.1
CJB3470,18.11
ZHF1006,18.11
COB0461,18.11
GDS3165,18.11
AHB0648,18.11
BCB0521,18.11
JSC3976,18.12
KMB3003,18.12
BNR3128,18.13
LDB3304,18.13
CRL2357,18.13
JHP1799,18.15
RJH3796,18.15
BNB3370,18.16
SOD0442,18.17
LXG2919,18.17
DJB1236,18.19
MGG1756,18.19
SGK1941,18.19
ECS3353,18.2
AIS1082,18.2
WJC2637,18.2
LDN2514,18.21
HET0359,18.21
IHS0816,18.22
BNS2384,18.22
GAN1584,18.22
GAB3758,18.23
ABG2353,18.24
KWR1544,18.25
RSM1089,18.26
JSN1905,18.27
CTK0947,18.27
MMM2156,18.27
JEV3132,18.28
CGM0035,18.28
VTL0314,18.28
LMD2804,18.29
XBK2623,18.29
EMK3809,18.29
KED1219,18.3
AOP1542,18.3
CIG2684,18.31
HPR2023,18.31
BMC3636,18.31
VMW1500,18.31
ZGP2957,18.33
KRL0467,18.33
KCH3095,18.33
AHH1966,18.33
KRM3125,18.33
KMD3062,18.33
KDH1284,18.34
KAH2398,18.34
ISG2025,18.34
TKP0210,18.35
HAP3000,18.35
NHP0412,18.36
GBB3816,18.36
AFP2247,18.36
MSB2786,18.36
JCR1536,18.37
TDG2727,18.37
XAR1011,18.38
KSM1518,18.38
GLC3495,18.38
CPP2909,18.39
KKB1088,18.4
SGM2153,18.4
LPC2011,18.41
DAD1785,18.41
LGM2170,18.41
DTG1294,18.42
LYF3449,18.42
JSM3334,18.42
BLH3602,18.43
KGD3278,18.43
CAC3741,18.43
ZMH1543,18.44
PPG2889,18.44
DEF0998,18.45
YKW3832,18.45
IIF2584,18.45
TZY3133,18.45
RTD0762,18.45
OED3393,18.46
CBM2858,18.47
OKG1889,18.48
YIP1802,18.48
LCK1403,18.5
OAP2825,18.5
MHA0667,18.5
AMJ2374,18.51
YBP3978,18.51
JCP0028,18.51
MJC1471,18.51
DIR3921,18.53
ABW0501,18.54
MDE2114,18.54
MAH2095,18.55
HRK2972,18.56
KBH3913,18.56
ESN2683,18.56
ANM0564,18.57
AMR0197,18.57
NNP0229,18.57
DAM2954,18.59
WSM2798,18.59
HJW2646,18.59
TGW2782,18.59
MBH3427,18.6
LSM0408,18.6
JSM3931,18.61
ACV1946,18.61
GHD1450,18.61
SCH1013,18.61
EKS3724,18.62
RSE2382,18.62
MLB1214,18.63
QSG3297,18.63
LLT0291,18.64
BCW3480,18.65
DOC1734,18.67
WMA2016,18.68
TRH1083,18.69
DIA0731,18.69
CCB0547,18.69
SHS3176,18.69
KMS0568,18.69
CHV0509,18.7
LFS0392,18.7
KCM2495,18.71
OLB2930,18.71
JSR1085,18.71
CRL3842,18.72
HBB1759,18.72
AAG3799,18.73
IFC0958,18.74
SWO3258,18.74
KOP3802,18.74
GAF2480,18.74
SGC2111,18.74
KSW0206,18.75
GAC2529,18.75
BVK1096,18.76
GMK1449,18.76
HHM0869,18.77
TZM0851,18.77
NJR1714,18.77
CMP2946,18.77
RBB3867,18.79
YFT1382,18.79
GMC1209,18.79
BNW3985,18.8
KCM1893,18.81
PWM0708,18.81
JAS0353,18.81
CFP3418,18.81
CJH2411,18.81
SKK0282,18.81
ECM3591,18.82
CTH0915,18.83
SHN0104,18.83
DBR1558,18.83
GNE1365,18.83
BJC3423,18.83
TAJ0193,18.84
NNJ2986,18.85
VTD2731,18.85
LIC3646,18.85
XTB2372,18.86
VDP0790,18.87
JAY3851,18.88
HKM3016,18.88
SOK1299,18.88
ABP2917,18.89
TKS1549,18.89
CKM0508,18.89
NJC1951,18.9
OJB1095,18.9
TDC3116,18.9
KDT3773,18.9
BVD3974,18.91
DHB2364,18.91
CRP1915,18.92
HKT1778,18.93
AHS2348,18.93
CSP2186,18.94
DTU3804,18.94
RML2789,18.94
NAK2784,18.94
BJW3558,18.95
BMV1886,18.96
KPB1123,18.97
WAF3438,18.97
JBI0654,18.97
VMJ3068,18.98
RCF2057,18.98
ARB3934,18.99
FBM3728,18.99
JOB1328,18.99
KAA2150,18.99
SAT3766,19.0
HAR3571,19.0
EAH3107,19.0
MBG3183,19.0
LBR1387,19.01
LSN1672,19.01
JJH0681,19.02
SWG1391,19.04
CWH3033,19.05
BKS2069,19.06
EIF1865,19.08
NRK3448,19.08
WTF0449,19.08
RKA2561,19.08
AYS1628,19.09
JJH1818,19.09
TWM0837,19.1
KIC1000,19.1
ICL0565,19.1
YRA3503,19.1
AHP0154,19.1
RRM2175,19.1
BDK0854,19.11
CTB3481,19.11
BHC0492,19.11
ROH1347,19.12
OGW3384,19.12
GEH0420,19.14
ZOM0746,19.15
SJR0452,19.16
TOS3712,19.16
LLB3769,19.16
CDC3413,19.16
HFF2540,19.17
DLG2673,19.17
EJG0833,19.17
WNC0858,19.18
DRJ0794,19.18
DRF3992,19.18
KBA1020,19.18
CCH1724,19.18
CBG2875,19.18
SNM1696,19.18
MNG3693,19.19
XAL0414,19.2
SYF3607,19.21
RCJ0557,19.21
LLG1238,19.21
SCC2526,19.21
WEB3897,19.22
MYB3817,19.22
TLW2668,19.23
DMS3400,19.23
IBM1752,19.23
MCS1078,19.23
BTB0489,19.23
AHH0495,19.23
CSM1554,19.24
EPW3971,19.24
VDB0247,19.24
KFB2257,19.25
CRH3848,19.25
GDG2354,19.25
CSR3140,19.26
ZHT3869,19.27
NCM3725,19.27
JGM3588,19.28
CGM2036,19.29
CMM0764,19.29
IWW3319,19.3
CKH2230,19.3
UMF2894,19.3
IWB3257,19.3
SEM2492,19.31
MMR1864,19.33
RDW0957,19.33
JGW1274,19.33
SAC3963,19.34
MDO0606,19.35
MDM2496,19.35
JCC2287,19.37
CBM0060,19.39
BDM3662,19.4
BRG3267,19.41
BJV2631,19.42
LCS3042,19.42
SDE2662,19.42
JUL1835,19.42
HRF2044,19.42
WKG0150,19.43
BNH2692,19.43
NJS2473,19.43
MSR3709,19.44
PEB3161,19.44
DLM0608,19.44
AFK3800,19.45
CBB3018,19.45
BJS0744,19.46
RLR0365,19.46
LAS3757,19.46
ABG3605,19.46
IIM1947,19.48
RGM3111,19.49
RJP1091,19.5
IOP1859,19.5
ZKR1397,19.51
TTB0471,19.51
KCF0450,19.51
IQR2187,19.52
HJB0286,19.52
SME0418,19.53
JGR2327,19.53
SHP1418,19.54
RJM3957,19.54
JDC3713,19.55
FAP0199,19.56
FMT2152,19.57
QGH0041,19.57
CSL2055,19.57
TWH1178,19.58
MCQ1546,19.58
OJT3599,19.58
BQV1308,19.58
KVD2453,19.59
FAH1566,19.6
SWS0823,19.61
LTF3385,19.61
KCM3235,19.62
VJM2715,19.62
CDW0986,19.63
ISJ1479,19.64
ODW2194,19.64
GIH0882,19.64
MHR0581,19.65
VCV1353,19.65
BDP0031,19.66
RJW2318,19.67
DRK3644,19.67
JNP1240,19.68
CIY1654,19.68
KDT3290,19.68
NBH3076,19.68
ZHM1979,19.69
RRM3789,19.69
NSW0122,19.7
FPM2074,19.7
AWW0254,19.7
SIS3576,19.71
CIG3191,19.72
KCS0605,19.73
SCR2455,19.73
SBG3983,19.73
NGA0929,19.74
KKP2284,19.77
KDW2929,19.78
YYD3518,19.78
SJF3798,19.79
ABK0481,19.79
BAL3618,19.8
CLG3616,19.8
BWM2339,19.81
GKA3690,19.81
VAB1526,19.82
DSB2463,19.83
MSH1269,19.83
MHH0034,19.83
CSG1600,19.83
AAC0668,19.83
ASS0120,19.84
CTJ2794,19.84
SCD3192,19.84
JLC0216,19.84
HDK0634,19.84
RKJ3379,19.85
YKM3542,19.85
ORH2010,19.87
GJO3614,19.87
LZM0306,19.87
AWV0836,19.88
ZAR0404,19.88
KDN1740,19.88
CQA3849,19.88
DNM0275,19.88
SCP3664,19.89
BQW1904,19.89
SAR1883,19.9
WRW2331,19.91
NMR2725,19.92
JRB0025,19.92
RCD2501,19.94
PCB0545,19.94
CFL0156,19.95
NJL2478,19.96
BRJ2151,19.96
DTL2891,19.97
LMG1061,19.98
HMS3795,19.98
ZJS1776,19.98
IBP2990,19.99
HYF1048,19.99
RAH3181,20.0
DXM2433,20.0
APS3701,20.0
DLM2826,20.01
MBP1728,20.01
NSC1741,20.01
LBF1992,20.02
AEP1930,20.02
TBC2256,20.04
CYO1575,20.05
LDH0574,20.05
PKB2483,20.05
NBL0182,20.06
JNR2260,20.06
TCN1687,20.06
QLC0082,20.06
SLC0017,20.08
BBV3875,20.08
SBM2719,20.09
BGR1991,20.09
GBH1126,20.1
IHB0288,20.11
GBJ3604,20.12
ARH2262,20.14
EAH3550,20.16
OBH3008,20.16
BMA1411,20.16
TCM2403,20.16
IDB1059,20.18
CGW3093,20.2
PMG1376,20.2
TAP0631,20.21
CLC1272,20.21
GDF3524,20.22
JHB0807,20.22
LOR1044,20.22
SRS0129,20.23
ADM0923,20.23
JHF1278,20.24
FJA1848,20.24
ABD3426,20.24
JHM0583,20.24
GLM3450,20.25
BDP3912,20.25
DZW0126,20.26
KGS3466,20.27
FDS0810,20.28
LRB0372,20.28
PMF0768,20.28
SIR3201,20.3
GFP2144,20.3
NDA0536,20.3
WJR3544,20.3
TCB0550,20.31
JTC0941,20.33
LOF3279,20.33
TBB1547,20.33
CPM1627,20.33
JDB0956,20.33
DHG0962,20.34
BOR2387,20.34
LEM1913,20.34
NVL2180,20.34
GLS1193,20.35
MBH0527,20.36
GGH1726,20.36
RJM3227,20.37
RJS0846,20.38
CET3786,20.38
RXG1504,20.38
NKM2195,20.38
WAC3677,20.39
JBD3707,20.39
MRM2906,20.39
IDW1211,20.4
RML2759,20.4
SBO3115,20.4
EKC3706,20.4
CJC2371,20.41
VAD2639,20.41
WDH0910,20.42
KBP0384,20.42
GLF0226,20.42
DAH3331,20.42
REJ2666,20.43
CDE1846,20.44
CAP2149,20.44
ERH0815,20.45
MSF3311,20.45
EMS1736,20.45
MKM1993,20.46
MRS0368,20.46
CLM2776,20.47
HDB1666,20.47
SFC2336,20.48
CMS1900,20.48
SJH0945,20.48
DJF2576,20.5
CDB2947,20.51
EQT0195,20.52
NNJ1215,20.52
TJB0540,20.52
JSW0872,20.53
ORB0755,20.53
MDP1412,20.53
MAL2345,20.54
VCS1196,20.55
JCW1332,20.55
SCJ0179,20.55
MKC1094,20.56
EKH2084,20.57
GCP2425,20.58
KTD2249,20.58
WVM1669,20.58
NLN0673,20.58
TEF3555,20.59
DLC2903,20.6
EKV3321,20.6
RAA1455,20.61
KSD1646,20.61
SMW2062,20.61
HSF1454,20.61
AAH0721,20.62
CSM1565,20.62
HID1899,20.62
AAC3270,20.63
CHF1005,20.64
BAR3420,20.64
IDH2939,20.65
LRC3160,20.65
SLH0900,20.66
NHE3204,20.67
KLC3364,20.67
NFP2441,20.67
TCG0016,20.68
LEP2922,20.71
JBL3189,20.71
EGD3972,20.72
PLH0411,20.73
HQF1912,20.73
ZNG3404,20.73
BLD2227,20.75
BCB0909,20.76
PAA2738,20.76
RJS3479,20.77
HVS1143,20.77
LNK3345,20.78
RWH3312,20.78
CHA3190,20.78
MTB2982,20.79
JCR1148,20.8
KDN0264,20.8
CWF1289,20.81
ZCS0012,20.82
CCC0491,20.84
JJB1598,20.84
ING2221,20.84
CKL0697,20.85
CKB3745,20.85
RPL2640,20.87
KLG0439,20.88
ACW1707,20.88
BBM2604,20.89
IAS0857,20.89
NHK2846,20.91
UMH1532,20.91
AAS3428,20.91
KEM2934,20.92
DAL1943,20.93
IHD1978,20.94
TCG1262,20.95
YSC1691,20.95
MHB0845,20.96
CTC0859,20.96
GKG3414,20.97
MEA3886,20.97
EAH1653,20.98
AAP0352,20.98
MAG2667,20.99
NBP0217,21.0
BGK0603,21.0
AKD0272,21.0
KNM1154,21.0
TLU1836,21.01
AJN1275,21.01
LMB3241,21.03
MNT0922,21.04
FRB3653,21.04
DFC3287,21.04
LCC1963,21.05
JLF3346,21.06
APC3043,21.07
KDA1452,21.07
AKH0454,21.08
FAJ0523,21.11
KCW2117,21.11
FDM1933,21.13
MTL3695,21.13
MTS0465,21.14
ATM1615,21.14
MBC0803,21.15
QJO1715,21.15
MNV0618,21.17
BMN3207,21.18
FCY1819,21.19
AGF0742,21.19
KTR3308,21.2
QCN2206,21.2
FPL3129,21.21
BKF2204,21.21
GJB0850,21.21
XGB1528,21.21
EJB1263,21.22
HBS2551,21.22
NEB3445,21.22
HDN1139,21.23
PTG0587,21.23
HKW2615,21.23
JDC2176,21.24
HDT0242,21.24
MSM3264,21.25
SJG1510,21.25
HJR2127,21.27
ASH1710,21.27
AAC0610,21.27
DKD2409,21.28
TLC1147,21.28
NGC1617,21.28
UXC1495,21.29
NTP2146,21.29
WKH1787,21.3
JSB0783,21.3
CHB0996,21.31
AEG1121,21.32
ATR3231,21.32
BDU0497,21.35
ZHB1392,21.36
DCB3597,21.36
DSF2557,21.38
MWG1570,21.39
RMB0885,21.39
LNR0556,21.4
KBC1485,21.4
ALH1872,21.43
ACG0312,21.43
MPS2849,21.45
SWH1053,21.46
NYS2040,21.46
TIJ1817,21.47
ADB1105,21.48
PAS2864,21.5
ARB2515,21.51
BCB0294,21.51
SZB0321,21.52
CAV1868,21.53
DSN3186,21.53
ABR0397,21.55
CJJ1491,21.55
CNP1183,21.55
RJB2622,21.55
KNS0539,21.55
JFG1049,21.59
FVK1623,21.59
CKP0265,21.61
JOW0688,21.62
KGF2552,21.63
CAG0502,21.63
FYP1187,21.65
RCV1311,21.65
GSM0930,21.65
BMH0457,21.65
BCC2536,21.67
DZG0889,21.67
HCH3685,21.68
BKW1032,21.69
KTW1719,21.7
ALS2669,21.72
POS0615,21.72
CJH3630,21.74
NTC2663,21.74
GYO2169,21.74
ZJS2648,21.74
ALC1060,21.75
HHD2393,21.75
ADM2762,21.77
DFP3615,21.78
DFC2060,21.78
CED2356,21.79
LAB1297,21.79
XCJ0023,21.81
GKB2807,21.81
OCD3513,21.82
ADB3853,21.83
DAR3637,21.84
DBS1363,21.84
GRL2886,21.84
USF1753,21.85
LTR1729,21.87
HSA2065,21.89
CCW3901,21.9
AMB3208,21.91
LWV1525,21.92
JKH3673,21.93
MWB0710,21.94
TND0324,21.95
JTN2073,21.97
LFC2015,21.99
AIB1567,22.01
CNS2548,22.02
GVC0049,22.05
ATT1191,22.06
ECB1341,22.06
DJF2329,22.06
QAH0048,22.08
HAH3895,22.08
BSM2288,22.14
KKD1980,22.16
XFL1583,22.17
ASM3771,22.17
JDR0436,22.18
QBR2250,22.19
APB3823,22.19
MLM2021,22.2
SLM1119,22.21
NJG2979,22.21
ACM3964,22.22
NNB2730,22.23
SSL2271,22.25
RLS0761,22.26
DMH1232,22.28
DNS1768,22.28
JCJ2572,22.28
WBE0967,22.3
CVB2703,22.32
DCW1901,22.34
SLD1639,22.34
BDV2474,22.34
CWA2554,22.37
ERF2472,22.37
VJB1699,22.39
WSS0820,22.42
GMI1134,22.43
AZG2343,22.44
LTW1441,22.44
MRS0409,22.45
RSS0875,22.46
IBW1779,22.46
OHF0078,22.5
ASH0142,22.51
DNN0488,22.52
JBM2769,22.52
MOW1104,22.54
BNR2527,22.56
ADV1640,22.57
JJH1389,22.57
SDN2932,22.6
EGC0931,22.61
PKB2732,22.62
USC3486,22.62
REK1037,22.64
CRJ3070,22.66
LBC0194,22.7
KDC1487,22.72
KJR1377,22.76
KKM0624,22.78
AGC0445,22.83
MLS2856,22.85
TJS3067,22.85
KBB0890,22.86
HHW2471,22.86
JEM0546,22.86
RRS2359,22.88
GIS1668,22.89
WRM2803,22.9
RJF3634,22.9
NGW2341,22.91
KBP0899,22.95
DHL2219,22.98
WAA2573,23.01
TPM3141,23.02
NGV3638,23.12
CSG0135,23.12
VEB3671,23.13
JGR3914,23.15
CTD1850,23.17
MGM0569,23.18
ZAW2012,23.18
MFW0646,23.24
EUH0257,23.24
HAM2252,23.32
VHM2280,23.33
CCE0745,23.36
BLB1876,23.37
JMH0617,23.4
AJS3021,23.4
ARW0818,23.41
CRC0595,23.44
ETB0828,23.5
CCT0020,23.52
BKR3302,23.54
YMB2953,23.63
NEA3248,23.64
HKH0204,23.64
AKS3705,23.65
YDM1720,23.67
PIG2047,23.75
KGB0500,23.8
AED1421,23.81
TCR3994,23.81
WAM0069,23.84
PFC3807,23.88
BJC0366,24.07
RJG2239,24.1
LBM3284,24.14
DWD2621,24.15
VTB0576,24.19
VTK2978,24.22
SGP2174,24.24
YCA2885,24.25
SFM2226,24.27
DMB2533,24.28
MJS3720,24.29
DAS3775,24.35
JAM1676,24.45
ARB0208,24.47
MKR1339,24.52
VKE0655,24.54
DHG1830,24.55
TBD2008,24.59
ICF2294,24.62
CLR1239,24.75
DDG0528,24.9
BNC3178,24.9
DWB0865,24.98
ABS0677,25.03
FDF3743,25.09
IJM3356,25.09
RKM3650,25.15
CKH0705,25.25
JBP0651,25.29
PNL0018,25.32
SSS3091,25.36
AJC3010,25.4
HAP3738,25.51
DAM0096,25.54
ACB3123,26.43
KKM0309,27.22
