NFP2441,1,0,1,0,1,3,9
ADR1517,0,0,0,1,1,2,6
MWB4000,0,0,0,0,1,1,4
MLS2856,1,0,0,0,1,2,8
BTR2026,1,0,0,1,1,3,10
ZCT1009,1,0,1,1,1,4,11
SEM1983,0,0,0,1,0,1,2
BDW1459,0,0,0,0,1,1,4
FAJ3101,1,0,0,1,1,3,10
CLR1239,1,0,1,0,0,2,5
LOP1708,1,0,1,1,1,4,11
GKK2422,1,0,1,1,1,4,11
MYB3817,1,0,1,1,1,4,11
JBO2839,0,0,0,0,1,1,4
JTC0941,1,0,1,0,1,3,9
IKA2925,0,0,1,1,1,3,7
JSN1905,1,0,1,1,1,4,11
JRL2365,0,0,1,0,1,2,5
GJB0850,1,0,0,1,1,3,10
LMD2804,1,0,0,1,1,3,10
KMB3003,1,0,0,0,1,2,8
LWV1525,1,0,0,1,1,3,10
RBB3867,0,0,1,1,1,3,7
ARF0575,0,0,0,1,1,2,6
WSC2981,0,0,1,1,1,3,7
HKT1778,1,0,1,1,1,4,11
MAS3218,1,0,0,1,0,2,6
MJG2304,1,0,1,1,1,4,11
CCH1508,1,0,0,1,1,3,10
HDN2609,1,0,0,0,1,2,8
FCM3926,0,0,0,0,1,1,4
DMR0336,0,0,0,0,1,1,4
XAB0936,0,0,1,0,0,1,1
LCB2041,1,0,1,1,1,4,11
ZJB0552,0,0,0,0,1,1,4
AKP3573,1,0,0,0,0,1,4
JRA0522,0,0,0,0,1,1,4
RLS1738,0,0,1,1,1,3,7
CWK2870,0,0,0,0,1,1,4
BRH1107,0,0,1,1,1,3,7
TEF3555,1,0,1,0,1,3,9
GEH0420,1,0,1,1,1,4,11
VCV2521,1,0,0,1,1,3,10
LJR0253,1,0,0,0,1,2,8
RPH2326,0,0,1,0,1,2,5
FJO1828,0,0,0,1,1,2,6
JIG1936,0,0,1,1,1,3,7
OAS0991,0,0,1,1,1,3,7
CRT2273,1,0,1,0,1,3,9
KGR2815,1,0,0,1,1,3,10
ACH1910,0,0,1,1,1,3,7
WDS2197,0,0,0,1,1,2,6
TJM0328,1,1,1,1,1,5,13
JJS2973,0,0,1,1,1,3,7
UDW0487,0,0,1,1,1,3,7
SHB2106,0,0,0,1,1,2,6
PCT1234,1,0,1,0,0,2,5
KAV2926,1,0,1,1,1,4,11
ADS0763,0,0,1,1,1,3,7
SKG1731,0,0,0,1,1,2,6
ISJ1479,1,0,0,0,1,2,8
CAG2236,1,0,0,1,0,2,6
YKW3832,1,0,1,1,1,4,11
AVC2328,1,0,1,0,1,3,9
CSP2186,1,0,0,1,1,3,10
DBG0477,1,0,1,1,1,4,11
HPR2023,1,0,0,1,0,2,6
HAR3571,1,0,0,0,0,1,4
NJM0440,0,1,1,0,1,3,7
IBW1779,1,0,1,1,1,4,11
BVB1673,1,0,1,1,0,3,7
DDF2937,1,0,1,1,0,3,7
NDH3827,1,0,1,1,1,4,11
NLS1866,0,0,0,1,1,2,6
MKM0647,0,0,0,0,1,1,4
DCR1531,1,0,0,1,1,3,10
BSB3083,0,0,0,0,1,1,4
SLM1119,1,0,1,0,1,3,9
KCO0269,1,0,0,0,1,2,8
HVS1143,1,0,0,1,1,3,10
JRR0829,1,0,0,0,0,1,4
BMF2337,1,0,1,0,1,3,9
JRK2707,0,0,0,1,1,2,6
CEC1352,0,0,1,1,1,3,7
KDB0266,0,0,0,0,1,1,4
MKR2138,1,0,0,1,1,3,10
ALS3440,1,0,1,1,1,4,11
AZG2343,1,0,1,0,0,2,5
RJS0846,1,0,0,1,1,3,10
BRG3267,1,0,0,0,1,2,8
QNW0977,0,0,1,1,1,3,7
CNT0946,0,0,1,0,1,2,5
DMR2518,1,0,0,1,1,3,10
DSB0245,0,1,0,1,1,3,8
LBR1387,1,0,1,0,1,3,9
CKB3645,0,0,0,0,1,1,4
DHG0962,1,0,1,0,1,3,9
HMR0098,0,0,0,0,1,1,4
TLW2668,1,0,1,0,1,3,9
LLH3157,1,0,0,1,1,3,10
WNC0874,0,0,0,0,0,0,0
MNC0433,0,1,1,0,1,3,7
IWG0058,0,1,1,1,1,4,9
LBM3284,1,0,0,1,1,3,10
HZH0297,1,0,0,1,1,3,10
UXC1495,1,0,0,0,1,2,8
EHD1744,0,0,1,1,0,2,3
KMC2028,0,0,1,1,1,3,7
HWV1621,1,0,1,1,0,3,7
EFC1153,1,0,0,1,1,3,10
CGT3148,0,0,0,0,1,1,4
JKC3349,0,0,0,1,1,2,6
RJW1440,0,0,0,0,1,1,4
ELB0033,0,1,1,1,1,4,9
RLP3268,1,0,0,0,1,2,8
WEC3721,1,0,1,0,1,3,9
CRJ3070,1,0,1,1,1,4,11
WRM0515,1,0,1,1,1,4,11
ZNG3404,1,0,1,1,1,4,11
NKV1451,0,0,0,0,1,1,4
GSB0666,0,0,0,0,1,1,4
FCK3307,1,0,0,1,1,3,10
RHD0787,0,0,0,1,1,2,6
MFL0355,0,1,1,1,1,4,9
SMO0458,0,0,1,1,1,3,7
GMF1213,1,0,1,1,1,4,11
JNR2260,1,0,1,0,1,3,9
AAH0721,1,0,1,1,1,4,11
ORB2880,1,0,1,0,1,3,9
BXG3763,0,0,1,1,1,3,7
BKF0427,0,0,1,1,1,3,7
CCW2381,1,0,0,0,1,2,8
CXB2183,1,0,0,1,1,3,10
MDP0161,0,0,1,1,1,3,7
JNP1240,1,0,1,0,0,2,5
ANM0564,1,0,0,1,1,3,10
MCS0512,0,0,1,1,1,3,7
DKD2409,1,0,1,1,0,3,7
SWR3808,1,0,1,1,1,4,11
CWA2549,0,0,0,1,0,1,2
BDK0854,1,0,0,1,1,3,10
BBC3733,0,0,1,0,1,2,5
KHP1043,0,0,1,0,1,2,5
ANC1950,0,0,0,0,1,1,4
ISS0949,0,0,1,0,1,2,5
AEH0187,0,0,0,0,0,0,0
MDD1920,0,0,1,1,1,3,7
DAM0096,1,0,0,0,1,2,8
RAI1483,1,0,0,0,1,2,8
UKC1192,0,0,0,1,1,2,6
SIS3576,1,0,1,0,1,3,9
QJF3038,1,0,1,0,1,3,9
DTW1276,1,0,0,1,1,3,10
KAH2398,1,0,0,1,1,3,10
LPC2011,1,0,0,1,1,3,10
EWA1486,0,0,0,0,1,1,4
HSH0292,0,1,1,1,1,4,9
PCM0609,1,0,1,0,1,3,9
CKB0169,0,0,0,0,1,1,4
SJW3131,0,0,1,0,1,2,5
EKC3706,1,0,0,1,1,3,10
VCV1353,1,0,1,1,1,4,11
HJW2646,1,0,0,0,1,2,8
BQV1308,1,0,0,1,1,3,10
LFR0075,0,0,1,1,1,3,7
CAO3117,0,0,0,1,1,2,6
IMP0960,0,0,1,0,1,2,5
DEN0236,1,0,1,1,1,4,11
HHK0652,1,0,0,0,1,2,8
DNH0308,0,0,0,1,1,2,6
FHA3387,0,0,1,1,1,3,7
MTC0855,1,0,0,1,1,3,10
FMN0013,1,1,1,0,1,4,11
DRB0202,1,0,0,1,1,3,10
DMW2128,1,0,0,1,1,3,10
OKF2007,0,0,0,0,1,1,4
TAW2664,1,0,1,0,1,3,9
CAM1323,0,0,0,1,1,2,6
JCR1536,1,0,0,0,1,2,8
HDL2297,1,0,1,1,1,4,11
SCG2695,0,0,0,1,1,2,6
SKB3336,0,0,0,1,1,2,6
CTP2225,0,0,0,1,0,1,2
MBC0803,1,0,0,0,1,2,8
CHB1062,0,0,1,1,1,3,7
NBT3447,1,0,1,1,1,4,11
TGW2782,1,0,0,1,1,3,10
TEC3006,1,0,0,1,1,3,10
TWH1178,1,0,0,1,1,3,10
SGV2780,0,0,0,1,1,2,6
TAN2642,1,0,0,1,0,2,6
CGB3928,0,0,0,1,1,2,6
MBH3427,1,0,1,1,1,4,11
WNR0661,0,0,0,0,1,1,4
LMA3676,1,0,0,1,1,3,10
ESS3318,0,0,0,1,1,2,6
LFC2015,1,0,0,1,1,3,10
JVS2308,0,0,1,1,1,3,7
DRM2927,0,0,1,1,1,3,7
GKG3414,1,0,1,1,1,4,11
JCF0800,0,0,0,0,0,0,0
NMM1844,0,0,0,1,0,1,2
AFB0904,1,0,0,0,1,2,8
FGN0375,0,0,1,1,1,3,7
ESH2077,1,0,0,1,1,3,10
THM1021,1,0,1,1,1,4,11
TGC1489,1,0,0,0,1,2,8
XKR2059,1,0,1,1,1,4,11
BAO2928,0,0,1,1,0,2,3
MJH3822,1,0,1,1,1,4,11
JAW0551,1,0,0,0,0,1,4
JLM3847,0,1,1,0,0,2,3
SCH1013,1,0,0,1,1,3,10
JBD3707,1,0,0,1,1,3,10
SDW0370,1,1,1,1,1,5,13
PCA3344,0,0,0,1,1,2,6
HTC1750,0,0,1,1,1,3,7
CLG3616,1,0,0,1,1,3,10
RCH3740,1,0,1,0,1,3,9
WNR0091,0,1,0,0,1,2,6
JMG3365,0,0,1,1,1,3,7
FQG2974,0,0,1,1,1,3,7
IMM3253,0,0,0,0,1,1,4
TAH0933,0,0,1,0,1,2,5
ITK2781,1,0,0,1,1,3,10
IOR0152,0,0,1,0,1,2,5
VTK2978,1,0,1,1,1,4,11
KAC2449,0,0,1,1,1,3,7
JUH3378,1,0,1,1,1,4,11
KKD1980,1,0,0,1,1,3,10
DRJ0794,1,0,0,0,1,2,8
JXP3801,0,0,1,1,1,3,7
KVD2453,1,0,1,1,1,4,11
KSV2881,0,0,1,0,1,2,5
VQS3246,0,0,0,1,1,2,6
XCG2316,0,0,1,0,0,1,1
JAS0353,1,1,1,1,1,5,13
USD0600,0,0,1,0,1,2,5
FCS2824,1,0,0,0,1,2,8
QCD0386,1,1,1,1,1,5,13
FMS3285,0,0,0,1,1,2,6
NRN1312,1,0,0,1,1,3,10
UIM2818,1,0,0,1,1,3,10
BBH1056,0,0,1,1,1,3,7
KTC0474,1,0,1,1,1,4,11
ERO2454,0,0,1,1,1,3,7
TKC0514,0,0,1,1,1,3,7
NAR1527,0,0,0,1,1,2,6
JHP1799,1,0,1,0,1,3,9
WLC0115,0,0,0,0,1,1,4
BNS3233,0,0,0,1,1,2,6
SCM0778,1,0,0,0,1,2,8
NEC2446,0,0,1,1,1,3,7
ZLB1878,0,0,0,1,1,2,6
HMA1258,1,0,1,0,1,3,9
SUG0718,0,0,1,1,1,3,7
WDL0140,0,0,1,0,1,2,5
SBT2585,1,0,0,1,1,3,10
GKB1150,0,0,0,1,0,1,2
APM0190,0,0,0,1,1,2,6
JLR3930,1,0,0,1,1,3,10
FAJ3608,1,0,0,1,0,2,6
GMB3703,1,0,0,1,1,3,10
MMR0700,1,0,0,1,1,3,10
IAR1895,1,0,0,0,1,2,8
ORJ1401,0,0,1,1,1,3,7
WAL0050,1,0,1,1,1,4,11
KMR0373,0,1,1,1,1,4,9
KDR3234,1,0,0,1,1,3,10
DSF2557,1,0,1,0,1,3,9
MKW0157,0,0,1,0,1,2,5
SAB3860,1,0,1,0,1,3,9
VLM3572,0,0,0,0,1,1,4
CJC2371,1,0,1,0,1,3,9
FKH0804,0,0,0,0,1,1,4
SEM1862,0,0,0,1,1,2,6
MGG0080,0,0,1,0,1,2,5
AJS3899,0,0,1,1,1,3,7
RMN1355,1,0,1,1,1,4,11
JCW1332,1,0,0,0,1,2,8
TPS1568,1,0,0,1,1,3,10
ERG3905,0,0,1,1,1,3,7
KED1219,1,0,1,1,0,3,7
PPP1295,1,0,0,1,1,3,10
ZKR1397,1,0,1,1,1,4,11
PMG0284,0,1,1,0,1,3,7
CET3786,1,0,1,1,1,4,11
HMC0592,0,0,1,0,1,2,5
GBC0907,1,0,1,0,1,3,9
VWV1249,0,0,1,0,1,2,5
FSP0703,0,0,0,1,1,2,6
LLB3769,1,0,1,1,1,4,11
DDG1703,1,0,1,0,1,3,9
KLH0276,0,0,0,1,1,2,6
WLR0707,0,0,0,1,0,1,2
AAS0144,0,0,1,0,1,2,5
AHD2457,0,0,1,1,1,3,7
NBF3844,1,1,1,0,1,4,11
SCC1896,1,0,0,0,1,2,8
DAD1785,1,0,1,1,0,3,7
BJS0744,1,0,1,1,0,3,7
WBH1861,1,0,0,1,1,3,10
KIG1594,1,0,1,1,1,4,11
RFJ2193,0,0,0,1,1,2,6
EMO0159,0,0,1,0,1,2,5
ASM3925,0,0,0,0,1,1,4
FKM1622,0,0,1,1,1,3,7
ALT1354,1,0,1,1,1,4,11
AVP3044,0,0,1,0,1,2,5
BDV2474,1,0,0,0,1,2,8
ARB3934,1,0,0,1,1,3,10
GCL1782,0,0,1,1,1,3,7
BNS3594,0,0,0,1,1,2,6
ZNB3313,0,0,0,1,1,2,6
AHB0648,1,0,0,0,1,2,8
AGF1810,0,0,1,0,0,1,1
KFB2257,1,0,1,0,0,2,5
EHB0942,1,0,1,0,1,3,9
LCS3042,1,0,1,0,1,3,9
ACR0748,1,0,1,1,1,4,11
CLE3098,1,0,0,0,1,2,8
KOM1306,0,0,0,1,1,2,6
AJG0240,0,0,1,1,0,2,3
GSC0192,1,0,0,1,1,3,10
JTS2090,0,0,0,0,1,1,4
EKB3828,1,0,1,1,1,4,11
CIY1654,1,0,1,1,1,4,11
AEB3574,0,0,0,0,1,1,4
ODS0893,0,0,0,0,1,1,4
BHD0598,1,0,1,0,1,3,9
SIM3373,0,0,1,1,1,3,7
KWD3977,0,0,0,1,1,2,6
ROR3967,1,0,0,1,1,3,10
CTH3020,1,0,1,1,1,4,11
CID3640,0,0,0,0,1,1,4
AYA3962,1,0,0,1,1,3,10
GNB3337,1,0,0,1,0,2,6
BHG3238,1,0,0,1,1,3,10
GPD3917,1,0,0,0,1,2,8
DMH0011,0,1,1,0,1,3,7
GCM1580,0,0,0,1,0,1,2
LJE2413,1,0,1,1,1,4,11
BLS3327,1,0,0,1,1,3,10
AOC0982,0,0,1,1,1,3,7
THW1425,0,0,0,1,1,2,6
WRF3534,1,0,0,0,1,2,8
RAB0455,0,0,1,1,1,3,7
ADS2950,0,0,1,1,0,2,3
UKS1465,1,0,0,0,1,2,8
OCH2853,1,0,0,0,1,2,8
DCG2203,0,0,0,0,1,1,4
ABJ0281,0,0,0,0,0,0,0
ATF3951,1,0,0,1,1,3,10
DBL2605,0,0,0,0,1,1,4
MAK1309,0,0,0,1,1,2,6
EIY2749,1,0,0,0,1,2,8
TBC2256,1,0,1,0,1,3,9
TMB1474,0,0,0,0,1,1,4
ROS2030,0,0,1,1,1,3,7
SWH1053,1,0,1,1,1,4,11
EMK3809,1,0,1,1,1,4,11
ICP3710,1,0,0,1,1,3,10
MBS1375,1,0,1,0,1,3,9
KRN2211,0,0,0,0,1,1,4
JVZ3437,0,0,1,1,1,3,7
CJH0382,0,0,1,0,1,2,5
NHK2846,1,0,0,0,1,2,8
RLK3490,1,0,1,0,1,3,9
NSB1016,0,0,0,1,1,2,6
JRR3014,0,0,1,1,1,3,7
ABW0501,1,0,1,0,1,3,9
SCB1280,1,0,0,1,1,3,10
MDH2713,0,0,0,1,1,2,6
TTD2873,1,0,0,0,1,2,8
WVC3623,1,0,0,1,1,3,10
SMG1268,1,0,0,1,0,2,6
VSJ2569,0,0,1,1,0,2,3
JNG1998,0,0,0,0,1,1,4
TZM0716,0,0,1,1,1,3,7
RKW1754,0,0,1,1,1,3,7
MGB0326,0,1,1,1,1,4,9
SSD3197,0,0,1,1,1,3,7
TVC2918,1,0,1,1,1,4,11
RML2789,1,0,0,1,1,3,10
EHV1237,0,0,1,0,1,2,5
LHH2148,0,0,0,1,1,2,6
PJF2579,0,0,1,1,1,3,7
TDM2658,0,0,0,0,1,1,4
MCQ1546,1,0,0,0,1,2,8
NHY0685,0,0,0,1,1,2,6
KJB3654,0,0,0,0,1,1,4
AME1490,1,0,0,0,0,1,4
BHB2598,1,0,0,1,0,2,6
AAB0398,1,1,1,0,1,4,11
XAL2816,0,0,0,1,1,2,6
KNK1428,1,0,0,1,1,3,10
IGP1784,1,0,1,1,1,4,11
FTF1665,0,0,1,1,1,3,7
WSB1368,0,0,1,1,1,3,7
REM0580,1,0,0,0,0,1,4
FTS0246,0,0,0,1,1,2,6
WHL3282,1,0,0,1,1,3,10
EAM1432,0,0,0,1,1,2,6
TAB3539,0,0,0,0,1,1,4
BAL3618,1,0,0,1,1,3,10
GMI1134,1,0,0,0,1,2,8
DFM2933,0,0,1,1,1,3,7
SZG0325,1,1,1,1,1,5,13
RFS1633,0,0,1,1,1,3,7
CWH3487,0,0,1,0,1,2,5
GRM1511,1,0,0,1,0,2,6
LRG3408,0,0,1,1,1,3,7
OQL3890,1,0,1,0,1,3,9
NHM1805,0,0,1,0,1,2,5
SGC1001,0,0,1,1,1,3,7
DDG1822,0,0,1,0,1,2,5
NSW0122,1,0,0,1,1,3,10
BKS2069,1,0,1,1,1,4,11
DLM2826,1,0,0,0,1,2,8
HAR1101,1,0,1,1,1,4,11
MCS1078,1,0,1,1,1,4,11
EUV1842,0,0,0,1,1,2,6
WKS3265,0,0,0,0,1,1,4
WKT0099,0,0,0,0,1,1,4
ASS0120,1,0,0,1,1,3,10
CHL2644,1,0,0,0,1,2,8
BLH3602,1,0,0,1,1,3,10
BYC3970,0,0,0,1,1,2,6
JHH3462,1,0,1,1,1,4,11
MJA2380,1,0,0,0,1,2,8
BNR3128,1,0,1,0,0,2,5
DZG0889,1,0,0,0,1,2,8
PSD1409,0,0,0,0,1,1,4
MSH2210,0,0,0,0,1,1,4
RTS2009,0,0,0,1,1,2,6
IDB1059,1,0,1,1,1,4,11
OJB1538,0,0,0,0,1,1,4
HBD1371,0,0,1,1,1,3,7
OJG3395,0,0,1,1,0,2,3
IWW0699,0,0,0,1,1,2,6
HJR2127,1,0,0,1,1,3,10
BXG1340,1,0,0,0,1,2,8
KLG0439,1,1,1,0,1,4,11
EKN3760,1,0,1,1,1,4,11
RDB1645,1,0,1,1,1,4,11
ERA0725,1,0,1,0,1,3,9
CNS2548,1,0,0,1,1,3,10
CWT3747,1,0,1,1,1,4,11
TJL3603,0,0,0,1,1,2,6
JHF1356,0,0,1,1,1,3,7
SAS1098,0,0,1,1,1,3,7
TPM0234,0,0,1,1,0,2,3
RRD2697,0,0,0,1,1,2,6
JCJ2572,1,0,1,1,0,3,7
JVC2443,1,0,1,0,0,2,5
JHE3080,1,0,0,0,1,2,8
SJC3900,0,0,1,1,1,3,7
SRP2080,0,0,0,1,1,2,6
RRS2359,1,0,1,0,1,3,9
EPW3971,1,0,0,1,1,3,10
TCH2233,0,0,0,1,1,2,6
PKB2483,1,0,0,0,1,2,8
RSW3232,0,0,0,1,1,2,6
CPC0724,1,0,1,0,1,3,9
BCB0521,1,0,0,0,1,2,8
ATM1615,1,0,1,1,1,4,11
NJO1460,1,0,0,0,1,2,8
BYF3784,0,0,1,1,1,3,7
IIW0036,0,0,1,1,1,3,7
WMM0873,1,0,0,0,0,1,4
DCW1901,1,0,0,0,1,2,8
BDB2163,0,0,0,0,1,1,4
BDP0031,1,0,1,1,1,4,11
JDH1550,0,0,0,0,1,1,4
RCB0302,1,0,0,1,1,3,10
ABM3772,0,0,1,1,1,3,7
ABM3687,0,0,0,1,0,1,2
WMR2723,0,0,0,1,1,2,6
BNW3985,1,0,0,0,1,2,8
MST2486,0,0,0,0,1,1,4
JCH1952,1,0,0,0,1,2,8
YIP1802,1,0,1,0,0,2,5
NSM1464,0,0,0,0,1,1,4
KMW0259,0,0,0,1,1,2,6
JTJ3700,1,0,0,1,1,3,10
PCB1603,1,0,1,1,1,4,11
TCB0550,1,0,0,0,1,2,8
ASS2760,1,0,0,1,1,3,10
ZHB1392,1,0,1,1,1,4,11
IFC0958,1,0,1,0,0,2,5
MLW2240,0,0,0,1,1,2,6
JCB3054,0,0,1,0,1,2,5
GWW3788,0,0,1,1,1,3,7
TRH1083,1,0,1,0,1,3,9
ACH0008,0,1,1,0,1,3,7
CCC0491,1,0,1,0,1,3,9
JOC3621,0,0,0,1,1,2,6
VCH3696,0,0,0,1,1,2,6
IMS0862,0,0,0,1,0,1,2
QRJ0691,1,0,0,1,1,3,10
RLR0365,1,1,1,0,1,4,11
EMC3609,0,0,0,1,1,2,6
HJB0220,0,0,1,1,1,3,7
MEW1406,1,0,0,0,1,2,8
YQB2309,1,0,1,1,0,3,7
KBH3913,1,0,0,0,1,2,8
DQS0752,1,0,1,1,1,4,11
CSP3434,0,0,1,1,1,3,7
LTR1729,1,0,0,1,1,3,10
ANO2653,0,0,0,0,1,1,4
DJB1236,1,0,1,0,0,2,5
HSH3606,0,0,0,1,1,2,6
OGD0015,1,1,1,0,1,4,11
LAF1796,1,0,1,0,1,3,9
KGN0619,0,0,1,0,1,2,5
AXL0479,1,0,1,1,0,3,7
DCF2185,0,0,0,1,1,2,6
SJM3805,1,0,1,1,1,4,11
CAG0888,1,0,0,0,1,2,8
RCF0054,0,1,1,0,1,3,7
JBW2054,0,0,1,1,0,2,3
LSN1672,1,0,1,1,1,4,11
IUT3421,0,0,1,1,1,3,7
JFR3527,1,0,0,0,1,2,8
WDD2677,1,0,1,0,1,3,9
INJ3876,0,0,1,1,0,2,3
THM2665,1,0,1,0,1,3,9
TTR0045,0,0,1,1,1,3,7
MTM1434,0,0,0,0,1,1,4
MMR1695,0,0,1,0,1,2,5
EMO2120,1,0,0,1,1,3,10
XFL1583,1,0,0,1,0,2,6
ISR0021,0,1,1,0,1,3,7
UCG0322,1,1,1,1,1,5,13
LKC1944,1,0,1,1,1,4,11
KQD0274,0,0,0,1,1,2,6
JAY3851,1,0,1,0,1,3,9
FNM1482,0,0,0,0,1,1,4
HAG3196,1,0,1,1,1,4,11
UOM3363,1,0,1,1,1,4,11
JKW0200,0,0,0,1,1,2,6
MKC1094,1,0,1,1,1,4,11
AOP1542,1,0,0,0,1,2,8
AEF2019,0,0,0,1,1,2,6
CRM0139,1,0,1,0,1,3,9
NLN0673,1,0,0,0,1,2,8
GMC0953,0,0,1,0,1,2,5
JOW0688,1,0,0,1,1,3,10
CBH0413,0,0,1,0,0,1,1
DJH1506,0,0,0,1,1,2,6
NCS1854,0,0,0,1,1,2,6
COW3840,0,1,1,1,1,4,9
CBJ2083,0,0,0,1,1,2,6
IKC1205,1,0,1,1,1,4,11
BVD3974,1,0,0,1,1,3,10
SCD3192,1,0,1,1,1,4,11
QAH0048,1,0,1,1,1,4,11
WGF0506,1,0,1,0,1,3,9
SFE0723,1,0,1,1,1,4,11
NBC0607,0,0,1,0,1,2,5
CPT1533,0,0,0,1,1,2,6
SNW0798,0,0,0,0,1,1,4
ASM3771,1,0,1,1,1,4,11
ICF2294,1,0,1,1,1,4,11
CBG1074,1,0,1,1,1,4,11
SBW3023,1,0,1,0,1,3,9
CJC1433,1,0,0,1,1,3,10
JBL2993,0,0,1,1,1,3,7
AIH2535,0,0,0,1,1,2,6
GBH1126,1,0,0,0,1,2,8
LOF3279,1,0,0,1,0,2,6
CNH3475,0,0,1,0,1,2,5
IDH2939,1,0,1,1,1,4,11
RJG2239,1,0,0,1,1,3,10
ATT1191,1,0,0,1,1,3,10
GTH3729,0,0,1,0,1,2,5
BCG1029,0,0,1,0,1,2,5
LCC1108,1,0,1,1,1,4,11
IRP2018,1,0,0,1,1,3,10
JMC2806,0,0,0,1,1,2,6
CKH0799,0,0,0,0,1,1,4
SPP2313,1,0,1,0,1,3,9
LVH1790,1,0,1,1,1,4,11
BTB0489,1,0,1,0,1,3,9
YRW0842,1,0,0,1,1,3,10
LRB0372,1,1,1,1,1,5,13
HMV2340,0,0,1,0,1,2,5
DFP3615,1,0,0,1,1,3,10
HMS3795,1,0,1,1,1,4,11
SKM3058,1,0,1,1,1,4,11
IMN1730,1,0,0,1,1,3,10
TKO0417,1,1,1,1,1,5,13
NGB0066,0,0,1,1,1,3,7
MNT0922,1,0,1,0,1,3,9
FMR0920,0,0,1,0,0,1,1
DGN3358,0,0,1,1,1,3,7
JCC0571,1,0,0,1,1,3,10
IKH3472,0,0,1,1,1,3,7
CCG3254,1,0,0,0,1,2,8
SDC3561,1,0,0,0,0,1,4
JAB2131,0,0,0,1,1,2,6
STR1769,1,0,1,0,1,3,9
YFP2558,0,0,1,0,1,2,5
SAL2493,0,0,0,1,1,2,6
LBC0194,1,0,0,1,1,3,10
NKG2706,0,0,0,1,1,2,6
SDN2932,1,0,1,1,1,4,11
HKD1826,0,0,0,1,1,2,6
KLL3118,0,0,0,1,1,2,6
GJM0838,0,0,0,1,1,2,6
MNV0618,1,0,1,0,1,3,9
YCA2885,1,0,1,0,1,3,9
KSW0206,1,1,1,1,1,5,13
ORB0755,1,0,1,1,0,3,7
CST2863,0,0,0,0,1,1,4
WXH2289,1,0,1,1,1,4,11
BVK1096,1,0,1,1,0,3,7
CTC0859,1,0,0,1,0,2,6
ENM2269,1,0,1,0,1,3,9
IQO1690,1,0,1,0,1,3,9
NGC1617,1,0,1,1,1,4,11
RGB0901,0,0,0,0,1,1,4
BLL3910,1,0,0,0,1,2,8
CGM2036,1,0,1,1,1,4,11
CTH0626,0,0,1,1,1,3,7
MDH0211,0,1,1,1,1,4,9
JEW2035,1,0,1,1,1,4,11
DAB2580,0,0,1,1,1,3,7
MIC2325,1,0,1,0,1,3,9
NBL0182,1,0,0,0,1,2,8
NKD3073,1,0,0,0,1,2,8
JGH0728,0,0,1,0,1,2,5
KNS3380,1,0,1,1,1,4,11
SJB0086,0,0,1,0,1,2,5
TGA2006,0,0,0,0,1,1,4
JCH2505,0,0,0,1,1,2,6
HLD1109,0,0,1,0,1,2,5
CWP1829,0,0,0,1,1,2,6
CTH0915,1,0,1,0,1,3,9
FJC2198,0,0,0,1,1,2,6
MML2045,0,0,1,1,1,3,7
WBM0690,1,0,0,1,1,3,10
KCM3235,1,0,0,1,1,3,10
RJW2318,1,0,1,0,1,3,9
AFF1492,0,0,0,0,1,1,4
ONR3291,1,0,0,1,1,3,10
ATC1587,1,0,1,1,1,4,11
RJG3325,0,0,0,1,1,2,6
GFJ2582,0,0,1,1,1,3,7
CRP1915,1,0,1,1,1,4,11
TPS2595,0,0,0,1,1,2,6
BNH3516,0,0,1,1,1,3,7
MWO0559,0,0,0,0,0,0,0
KOE1033,0,0,1,0,1,2,5
CDE1846,1,0,0,1,1,3,10
STR3896,1,0,1,1,1,4,11
TJE1945,0,0,1,1,1,3,7
DKW1659,0,0,1,1,1,3,7
RBH3142,0,0,0,0,1,1,4
LRV1120,0,0,1,0,1,2,5
ZAR0404,1,1,1,0,1,4,11
MBR3261,0,0,0,0,1,1,4
JBB1875,0,0,0,1,1,2,6
JJM2845,0,0,0,0,1,1,4
AYD2775,0,0,0,1,1,2,6
AIB0553,1,0,0,0,1,2,8
KJP1326,0,0,0,0,0,0,0
ZCM1781,0,0,1,1,0,2,3
IHH2590,0,0,0,1,1,2,6
FBD2277,0,0,1,0,1,2,5
CDB2947,1,0,1,1,1,4,11
NPS1563,1,0,0,1,1,3,10
JET2299,0,0,1,1,1,3,7
LGR3119,1,0,0,1,1,3,10
SXO3514,1,0,1,1,1,4,11
JRB2741,0,0,0,0,1,1,4
BGM1226,0,0,1,1,1,3,7
OHF0078,1,0,1,1,1,4,11
JCH1410,1,0,0,0,1,2,8
NTF1342,1,0,0,0,1,2,8
RCT1697,1,0,1,0,1,3,9
CZT2970,0,0,1,1,1,3,7
DMB2533,1,0,0,1,1,3,10
DAB3255,1,0,0,0,0,1,4
SCJ0179,1,0,0,0,1,2,8
LQW0555,1,0,0,0,1,2,8
KAH1820,1,0,1,0,1,3,9
NJC1951,1,0,0,0,1,2,8
LTF3385,1,0,1,1,1,4,11
HGR0198,0,0,0,1,1,2,6
CGM0035,1,0,1,1,1,4,11
WAM0069,1,0,1,1,1,4,11
APH2985,0,0,1,1,1,3,7
JSJ2743,0,0,0,0,1,1,4
APB1122,1,0,1,0,1,3,9
CAS0391,1,0,1,0,1,3,9
MRB2390,0,0,1,1,1,3,7
TJD0106,0,0,0,1,1,2,6
DNS1758,1,0,1,0,1,3,9
CJM3315,1,0,0,1,1,3,10
EHD0024,0,1,1,1,1,4,9
OKH3777,1,0,1,1,1,4,11
ODB0151,1,0,1,0,1,3,9
MAM2363,1,0,1,0,0,2,5
EGG3374,0,0,1,1,1,3,7
EBS2201,1,0,0,1,1,3,10
INH1250,1,0,1,0,1,3,9
CJW2087,0,0,0,1,1,2,6
LQW1314,1,0,0,1,1,3,10
LRK2426,1,0,1,0,1,3,9
KDC1487,1,0,0,0,1,2,8
PMF0768,1,0,0,0,1,2,8
OWD0981,1,0,1,1,1,4,11
RRH0638,0,0,1,1,0,2,3
MPG1307,0,0,0,1,1,2,6
DAT1981,0,0,0,1,0,1,2
KRB3120,0,0,0,1,1,2,6
AAG3799,1,0,1,1,1,4,11
QSM3147,1,0,0,0,1,2,8
KZG3565,0,0,0,0,1,1,4
IHS0816,1,0,0,1,1,3,10
KVA2944,0,0,1,1,1,3,7
JAF0209,1,1,0,1,1,4,12
NJL0974,1,0,1,1,0,3,7
ABB0300,0,0,0,1,1,2,6
TBW1393,0,0,1,1,1,3,7
CHV0509,1,0,1,0,1,3,9
NTE3084,0,0,0,0,1,1,4
JTJ0597,0,0,1,0,1,2,5
JLC0216,1,0,1,1,1,4,11
LGJ2710,0,0,0,1,1,2,6
MDP1412,1,0,0,0,1,2,8
ABR0397,1,0,1,0,1,3,9
GJS3352,1,0,1,1,1,4,11
BUW2717,1,0,0,1,1,3,10
CJM3543,0,0,1,0,1,2,5
CIR1367,0,0,1,1,1,3,7
CBD3251,1,0,0,0,1,2,8
JCP0028,1,1,1,1,1,5,13
QCN2206,1,0,0,0,0,1,4
JJS2079,1,0,0,1,1,3,10
DPC3722,0,0,1,0,1,2,5
BDH0472,0,0,1,1,1,3,7
TTK2633,1,0,0,1,1,3,10
MHR0581,1,0,0,0,1,2,8
MBL2383,0,0,1,0,1,2,5
IAG2742,0,0,0,0,1,1,4
EAH3550,1,0,1,0,1,3,9
SMG1794,1,0,1,0,1,3,9
EVF1722,0,0,0,0,1,1,4
SIR3201,1,0,0,1,1,3,10
CFP3418,1,0,1,1,1,4,11
ZMB3686,0,0,0,1,1,2,6
ATP2680,0,0,1,1,0,2,3
BRM0143,0,0,1,0,1,2,5
KAM0005,0,1,1,0,1,3,7
JHC3520,0,0,1,1,1,3,7
TLC1147,1,0,0,1,1,3,10
SCD2333,1,0,1,0,1,3,9
BBW0594,1,0,1,0,1,3,9
QLW2245,0,0,0,1,1,2,6
MBW1099,1,0,1,1,1,4,11
AMH1481,0,0,0,0,1,1,4
JRF3424,1,0,1,1,1,4,11
IIW1595,0,0,1,1,1,3,7
WWS0645,0,0,0,0,1,1,4
CDB3222,0,0,0,1,1,2,6
CCD3168,0,0,0,1,0,1,2
BTV0644,0,0,0,0,1,1,4
GLB0419,0,0,1,1,1,3,7
JLW2924,0,0,1,1,1,3,7
FAH1566,1,0,0,1,1,3,10
CNT1188,0,0,0,1,1,2,6
AMJ3174,1,0,0,1,0,2,6
PSH3834,0,0,1,0,1,2,5
CCM3075,1,0,0,0,1,2,8
IPB1935,0,0,1,1,1,3,7
RCG0105,1,0,0,1,1,3,10
LAL1956,0,0,0,0,1,1,4
OHC1892,0,0,0,0,1,1,4
ZNE3451,1,0,1,1,1,4,11
HZA3839,0,0,0,1,1,2,6
AMM3906,0,0,1,1,1,3,7
JRM0871,0,0,0,1,0,1,2
JSC3976,1,0,0,1,0,2,6
OTD1228,0,0,1,1,1,3,7
DMC1766,0,0,1,0,1,2,5
BMM3328,0,0,0,1,1,2,6
GEG2093,0,0,0,0,1,1,4
AYP3586,0,0,1,0,1,2,5
TAC3330,0,0,0,1,1,2,6
CDA2295,0,0,1,1,0,2,3
JRM1303,0,0,0,1,1,2,6
JLF3346,1,0,0,1,1,3,10
FRG1576,0,0,0,1,1,2,6
IBC0377,0,0,1,0,1,2,5
KTW1719,1,0,0,0,1,2,8
ADC1469,1,0,0,0,1,2,8
HLS2098,1,0,0,0,1,2,8
OEN0432,0,1,1,1,1,4,9
REK1037,1,0,1,0,1,3,9
KMW1008,1,0,1,1,1,4,11
PNL0018,1,1,1,0,1,4,11
ZSL2618,0,0,0,1,0,1,2
BCB0909,1,0,1,0,1,3,9
GJS0494,1,0,1,0,1,3,9
KDN1740,1,0,1,1,1,4,11
NLC2601,0,0,0,0,1,1,4
HSK0639,0,0,1,1,1,3,7
TLU1836,1,0,0,1,1,3,10
SLS0834,0,0,0,0,1,1,4
XSF3982,1,0,0,0,1,2,8
EPM3878,1,0,1,0,1,3,9
CNF0212,1,1,1,1,1,5,13
FAD3114,0,0,0,1,1,2,6
CDS3824,0,0,1,1,1,3,7
BMA1411,1,0,0,0,1,2,8
REJ2666,1,0,1,0,1,3,9
CHS2323,1,0,1,0,1,3,9
DSB2463,1,0,1,0,1,3,9
CEM1852,1,0,0,1,1,3,10
JJJ1267,1,0,0,1,1,3,10
GUC0473,0,0,1,1,1,3,7
VTL0314,1,1,1,1,1,5,13
SJN1601,0,0,1,1,1,3,7
GGB3663,0,0,0,1,1,2,6
ZCE3578,0,0,1,0,1,2,5
RQN2039,1,0,1,1,1,4,11
PKH0730,0,0,1,0,0,1,1
KJR3538,0,0,0,0,1,1,4
BPD2437,1,0,1,0,1,3,9
SRN2617,0,0,0,1,1,2,6
CCE0745,1,0,1,1,1,4,11
IOF3298,1,0,0,1,0,2,6
ARH1610,1,0,1,1,1,4,11
USF1753,1,0,1,1,1,4,11
ABM3203,0,0,0,1,1,2,6
NMW0896,0,0,0,0,1,1,4
HNG1909,1,0,1,1,1,4,11
CWR0043,0,0,1,1,1,3,7
CKR2586,1,0,0,1,0,2,6
CLS3806,0,0,1,1,1,3,7
WMA2016,0,0,0,1,1,2,6
CJH3630,1,0,0,1,1,3,10
WAA1816,0,0,1,0,1,2,5
AIT1264,0,0,0,1,1,2,6
JVB3184,0,0,0,1,0,1,2
JCS2391,0,0,1,1,1,3,7
MTB2982,1,0,1,1,1,4,11
JJB0042,1,0,1,1,1,4,11
KBC0578,0,0,0,0,1,1,4
LEP2922,1,0,1,1,1,4,11
YHD0593,0,0,1,0,0,1,1
JLA0030,0,0,1,1,1,3,7
WBS1592,0,0,1,1,1,3,7
IYM3865,0,0,1,1,1,3,7
MJB2167,1,0,0,0,1,2,8
CER0228,0,0,1,0,1,2,5
ARW1507,0,0,0,1,1,2,6
MVS1908,0,0,1,1,1,3,7
KGD3278,1,0,0,1,1,3,10
DKR0027,0,1,1,1,1,4,9
ELR1140,1,0,0,1,1,3,10
DHG1830,1,0,0,1,1,3,10
JRP0250,1,0,0,1,1,3,10
EGC0931,1,0,1,0,1,3,9
OJB1095,0,0,1,1,1,3,7
DRB0756,0,0,1,1,1,3,7
YAS2508,1,0,0,1,1,3,10
SDF3082,0,0,0,0,1,1,4
VRJ0636,0,0,1,1,1,3,7
MQS3541,0,0,1,0,0,1,1
KAD0884,0,0,0,0,1,1,4
RBG3850,0,0,1,0,1,2,5
AKL1305,0,0,0,1,1,2,6
CXM1821,0,0,1,0,1,2,5
FKD2779,1,0,0,1,1,3,10
RBB0585,0,0,0,0,1,1,4
MVO2746,0,0,0,0,1,1,4
JZM1351,0,0,1,1,1,3,7
RXG1504,1,0,0,1,1,3,10
JTM0878,0,0,0,0,1,1,4
HDN1139,1,0,0,1,1,3,10
ARB0208,1,1,1,1,1,5,13
CCF3529,0,0,0,0,1,1,4
BJC0366,1,1,1,0,1,4,11
RVB0303,1,0,0,1,1,3,10
VBA1395,0,0,1,1,1,3,7
HBC0999,1,0,1,0,1,3,9
UME2842,0,0,0,0,1,1,4
GJM0065,1,0,1,1,0,3,7
ARM0771,1,0,0,0,1,2,8
LEC3857,0,0,1,0,1,2,5
NEB0371,1,1,1,1,1,5,13
GDH0108,1,0,0,0,1,2,8
WBS3870,0,0,1,1,1,3,7
RSM1089,1,0,1,0,1,3,9
CCB3943,0,0,0,1,1,2,6
BYL2133,0,0,0,1,1,2,6
WTG2109,0,0,0,1,1,2,6
RSM3742,0,0,1,1,1,3,7
MSR3709,1,0,0,1,1,3,10
NBR3731,1,0,1,0,1,3,9
APP1996,0,0,0,0,1,1,4
CFR1523,0,0,0,1,1,2,6
MOW1104,1,0,1,1,1,4,11
HFF2540,1,0,0,1,1,3,10
YCL0824,1,0,0,0,1,2,8
PLT3283,1,0,0,1,1,3,10
RNC3417,0,0,1,1,0,2,3
MVA2547,0,0,0,1,1,2,6
GCS2218,0,0,0,0,1,1,4
ARG0441,0,1,1,0,1,3,7
JDH3762,1,0,1,1,1,4,11
LER3942,0,0,0,1,1,2,6
IDC2568,1,0,1,0,1,3,9
CGG3388,0,0,1,1,1,3,7
FDD1052,0,0,1,1,1,3,7
TRS3323,0,0,0,1,1,2,6
BBT1948,0,0,0,0,1,1,4
JGW1274,1,0,0,1,0,2,6
CSM1565,1,0,0,1,1,3,10
BGB3045,1,0,1,0,1,3,9
EKV3321,1,0,0,1,1,3,10
WJH3158,1,0,0,1,0,2,6
RVH0535,0,0,0,0,1,1,4
NGP0549,0,0,0,0,1,1,4
NYC2048,0,0,1,1,1,3,7
CMM3674,1,0,0,1,1,3,10
ZOO1613,1,0,1,1,1,4,11
CAV1868,1,0,0,1,1,3,10
YHH2785,1,0,0,1,1,3,10
LED0656,1,0,0,0,1,2,8
AKH1534,1,0,0,0,1,2,8
IHB0288,1,1,1,0,1,4,11
XML3920,0,0,0,0,1,1,4
HYP1591,1,0,1,1,1,4,11
JJL1448,1,0,0,0,1,2,8
NDC0948,1,0,1,0,1,3,9
UEP2013,0,0,0,1,1,2,6
DRF3306,0,0,0,1,1,2,6
MBH0527,1,0,0,0,1,2,8
DSC2208,0,0,0,0,1,1,4
BAC2914,0,0,1,1,0,2,3
VMJ3068,1,0,1,1,1,4,11
QCB1360,1,0,1,1,1,4,11
TBK2860,1,0,0,0,1,2,8
MBF3126,0,0,1,0,1,2,5
KSP1288,0,0,0,1,1,2,6
CRE2652,1,0,0,0,0,1,4
MPH0153,1,0,1,0,1,3,9
SVM0770,0,0,0,0,1,1,4
PTG0587,1,0,0,0,1,2,8
IKP1047,0,0,1,1,0,2,3
RIE2876,0,0,1,0,1,2,5
TDM3135,1,0,1,0,1,3,9
DRW1207,0,0,1,1,1,3,7
HAC1300,0,0,0,1,1,2,6
DTG1294,1,0,0,1,1,3,10
PCB0545,1,0,0,1,1,3,10
LMZ1501,1,0,0,0,1,2,8
CPP0623,1,0,1,1,1,4,11
HHG1038,0,0,1,0,1,2,5
ESB2629,0,0,0,1,1,2,6
AGM3504,0,0,1,0,1,2,5
CAS1017,0,0,0,1,1,2,6
PAF1373,0,0,1,1,1,3,7
SAV3457,0,0,1,1,1,3,7
MUO3601,0,0,0,1,1,2,6
NHP0412,1,0,1,0,1,3,9
WKG0150,1,0,1,1,1,4,11
THC2752,1,0,0,0,1,2,8
LXE2139,1,0,0,1,0,2,6
JLR0313,0,0,0,1,1,2,6
SLB3039,0,0,1,0,1,2,5
NJG3144,0,0,0,0,0,0,0
ETG2821,0,0,0,1,1,2,6
FPM2074,1,0,0,1,1,3,10
DBF3582,0,0,1,0,1,2,5
LCH2740,1,0,0,0,1,2,8
KKL1310,0,0,0,1,1,2,6
MAW0532,0,0,0,0,1,1,4
PCS1747,0,0,1,1,1,3,7
HTR1551,1,0,0,0,1,2,8
DSR3787,1,0,1,1,1,4,11
HDT0242,1,0,1,1,0,3,7
ECS3353,0,0,1,1,1,3,7
LKH2512,0,0,0,1,1,2,6
VDB0247,1,0,0,1,1,3,10
LGL0649,0,0,0,0,1,1,4
CKH2230,1,0,0,1,1,3,10
HJR1160,0,0,0,1,1,2,6
FGG3666,1,0,0,1,1,3,10
AGG3958,1,0,0,1,1,3,10
HAH3895,1,0,1,1,1,4,11
KDC0444,1,1,1,0,1,4,11
JBM2769,1,0,0,1,1,3,10
NCO1443,1,0,0,0,1,2,8
NGW2341,1,0,1,0,1,3,9
DAF3096,0,0,0,0,0,0,0
MAC1404,0,0,0,0,1,1,4
PMM0696,1,0,0,1,1,3,10
BUS1727,0,0,0,1,1,2,6
RDM1174,0,0,0,1,1,2,6
OVM1496,0,0,0,0,1,1,4
JON0788,1,0,0,1,0,2,6
DBB3846,0,1,1,0,1,3,7
KKH2324,0,0,1,0,1,2,5
NCS3715,1,0,1,0,1,3,9
VPS3185,0,0,0,1,1,2,6
LMB1077,0,0,1,1,1,3,7
JKK1422,1,0,0,1,1,3,10
LTW1378,0,0,1,0,1,2,5
LRM1362,1,0,1,1,1,4,11
DKB0260,0,0,0,1,1,2,6
KLP0249,1,0,0,1,1,3,10
RJO1791,1,0,1,1,1,4,11
DER2162,0,0,0,0,1,1,4
ZJS1776,1,0,1,0,1,3,9
RLH1548,0,0,0,0,1,1,4
VKM1515,1,0,0,1,1,3,10
ARK3198,1,0,1,1,1,4,11
ANH2482,0,0,0,0,1,1,4
EJL1075,0,0,1,1,1,3,7
PJM3025,1,0,1,0,0,2,5
MTS0465,1,0,1,1,1,4,11
CIG2684,1,0,1,1,1,4,11
NGA0929,1,0,1,0,1,3,9
ZHM1979,1,0,0,1,1,3,10
CQA3849,1,0,1,0,0,2,5
HDK0634,1,0,1,1,1,4,11
CCF2298,1,0,1,1,1,4,11
LGM1260,1,0,1,0,1,3,9
DHM1476,0,0,0,0,1,1,4
JBL3189,1,0,1,1,1,4,11
SJF3798,1,0,1,1,1,4,11
CDL2145,1,0,0,1,1,3,10
MEV2182,1,0,0,1,0,2,6
PMH3484,1,0,1,1,1,4,11
WKH1787,1,0,1,1,1,4,11
HHM0869,1,0,0,1,1,3,10
AHK1988,0,0,0,0,1,1,4
KDM2836,0,0,0,0,1,1,4
RCF0044,1,0,1,1,1,4,11
AEM0554,1,0,0,0,1,2,8
ALH1872,1,0,0,1,1,3,10
TZM0239,0,0,1,1,1,3,7
TBB1547,1,0,0,0,1,2,8
MWB0710,1,0,0,1,1,3,10
BGW1739,1,0,1,1,1,4,11
MRW2504,0,0,0,1,1,2,6
KDF0876,1,0,0,0,1,2,8
IDL2014,0,0,0,1,1,2,6
TRV2966,1,0,1,1,1,4,11
DAM2954,1,0,1,1,1,4,11
EMC2757,1,0,0,1,1,3,10
BPN3051,0,0,1,0,1,2,5
YDM1720,1,0,0,0,1,2,8
CCL1770,0,0,1,0,1,2,5
CMB3499,1,0,1,0,1,3,9
UKC0543,1,0,0,1,1,3,10
RGB1581,0,0,0,1,1,2,6
LLJ3179,1,0,0,1,0,2,6
NMR2725,1,0,0,1,1,3,10
RKJ3379,1,0,1,1,0,3,7
LTO2217,1,0,0,0,1,2,8
ZRM0694,0,0,0,1,1,2,6
EEC3193,0,0,1,1,1,3,7
SKL0739,0,0,1,1,1,3,7
NIM0052,0,1,1,0,1,3,7
SRM1112,0,0,1,0,1,2,5
RUC1198,0,0,0,1,1,2,6
NIM1630,0,0,1,1,1,3,7
AMS0712,0,0,0,1,1,2,6
SBD1557,1,0,0,1,1,3,10
JBC1916,0,0,1,1,1,3,7
DJB2983,1,0,1,1,0,3,7
JKS2444,0,0,1,1,0,2,3
RPB0029,1,1,1,1,1,5,13
FMC1002,0,0,1,1,1,3,7
KHW2052,1,0,1,1,1,4,11
IFS0793,0,0,0,0,1,1,4
RVR0095,0,0,0,0,1,1,4
FKR3316,0,0,0,1,1,2,6
KCM1893,1,0,0,0,1,2,8
HJG2157,1,0,0,0,1,2,8
KSD1646,1,0,1,1,1,4,11
IWW3319,1,0,0,1,0,2,6
BYS3626,0,0,0,1,1,2,6
GFP2144,1,0,0,1,1,3,10
GCB0201,0,0,0,1,1,2,6
EAH3107,1,0,0,1,1,3,10
HKM3016,1,0,1,1,1,4,11
LRF1572,0,0,0,1,0,1,2
SAD3259,1,0,0,0,1,2,8
VAS3984,0,0,0,0,0,0,0
XCB1390,0,0,1,1,1,3,7
CAR0992,0,0,1,1,1,3,7
DGS1079,0,0,1,0,1,2,5
HJB0286,1,1,1,0,1,4,11
DRN0782,0,0,0,1,1,2,6
BDR0510,0,0,1,1,1,3,7
MAH0438,0,1,1,0,1,3,7
MSM3264,1,0,0,0,1,2,8
MVB3343,0,0,0,1,1,2,6
DSM1286,0,0,0,1,1,2,6
CAC1777,0,0,1,0,1,2,5
WSM2798,1,0,0,1,1,3,10
BWJ0136,0,1,1,1,1,4,9
LTW1441,1,0,0,0,0,1,4
DAM3691,0,0,0,1,1,2,6
ALC1060,1,0,1,1,1,4,11
AJM0345,0,0,0,0,1,1,4
SJS1014,0,0,0,1,1,2,6
KJS0119,0,0,0,1,1,2,6
FDF2135,0,0,0,1,0,1,2
EZB3892,0,0,1,0,1,2,5
KCM2495,1,0,0,1,1,3,10
DJF2576,1,0,1,1,1,4,11
RMP3510,0,0,1,1,0,2,3
CED2356,1,0,1,0,0,2,5
MCM2189,1,0,0,1,1,3,10
DER0400,0,1,1,0,1,3,7
AJB1380,0,0,1,0,1,2,5
NJM3961,1,0,0,1,1,3,10
LGS1976,0,0,0,1,1,2,6
CIG3191,1,0,1,1,1,4,11
TAJ0193,1,0,0,1,1,3,10
YDE3069,0,0,1,1,1,3,7
ALS2596,0,0,0,1,1,2,6
XBW2502,1,0,0,1,1,3,10
DMS3400,1,0,1,1,1,4,11
DRD0097,1,0,0,0,1,2,8
MPS2849,1,0,0,0,1,2,8
IIW0399,0,1,1,0,1,3,7
KCW2117,1,0,0,1,1,3,10
RCH3533,0,0,0,0,1,1,4
MPB2578,1,0,1,1,1,4,11
ICH1478,1,0,0,0,1,2,8
JTN2073,1,0,0,1,1,3,10
ODC0002,1,1,1,0,1,4,11
DBW3679,0,0,0,1,1,2,6
KPN3783,1,0,1,1,1,4,11
KBB0890,1,0,0,0,1,2,8
IIF2584,1,0,0,1,1,3,10
DAR0709,0,0,0,1,1,2,6
MNR1903,1,0,1,1,1,4,11
LKG0937,1,0,1,0,1,3,9
JTV1040,1,0,1,0,1,3,9
DNM0275,1,0,0,1,1,3,10
DMH1232,1,0,1,1,1,4,11
DKE0797,0,0,0,0,1,1,4
SSM3894,1,0,1,1,1,4,11
AEG1121,1,0,1,0,0,2,5
SAM3855,1,0,1,0,1,3,9
CDW0986,1,0,1,1,1,4,11
RJF3299,1,0,0,1,1,3,10
IAM3078,0,0,0,0,1,1,4
GEH3406,0,0,1,1,1,3,7
TKN0812,1,0,0,1,0,2,6
OMB3507,0,0,1,1,1,3,7
JNM0905,1,0,0,0,1,2,8
DMS1977,0,0,0,1,0,1,2
TJP2817,0,0,0,1,1,2,6
EJB1263,1,0,1,0,1,3,9
VJB1928,1,0,1,1,1,4,11
TIE1175,0,0,0,1,1,2,6
SYF3607,1,0,0,1,1,3,10
EJH2799,1,0,0,1,1,3,10
HAR3632,0,0,0,0,1,1,4
EKB0825,0,0,0,0,1,1,4
JKG0944,1,0,1,0,1,3,9
SSO2406,1,0,1,1,1,4,11
SFC2336,1,0,1,0,0,2,5
DSB0307,1,0,0,1,1,3,10
GAH1760,0,0,1,0,1,2,5
XTB2372,1,0,1,0,1,3,9
CHM1561,0,0,0,1,1,2,6
MKH1959,0,0,0,0,1,1,4
KZK2058,1,0,1,1,1,4,11
HAP3738,1,0,1,0,1,3,9
CHW2893,0,0,1,0,1,2,5
JNS3342,0,0,0,1,1,2,6
LNV0271,0,0,0,0,0,0,0
KCC3658,1,0,0,0,1,2,8
HAF0394,1,0,1,0,1,3,9
PKB2732,1,0,0,1,1,3,10
MRW3143,1,0,0,0,1,2,8
CJB3470,1,0,1,1,1,4,11
SMN1103,1,0,1,1,1,4,11
AJH2110,1,0,0,1,1,3,10
PKR1145,0,0,0,1,1,2,6
ERD1235,1,0,1,0,1,3,9
HZD0429,0,1,1,1,1,4,9
JCL0446,1,0,1,1,1,4,11
HNC0074,0,0,1,1,1,3,7
KST0924,0,0,1,0,1,2,5
KAC1774,1,0,1,0,1,3,9
WCP2123,1,0,0,1,1,3,10
DRH3557,1,0,0,0,1,2,8
BGS0751,0,0,1,1,1,3,7
KEM1208,0,0,1,1,0,2,3
CAG1644,1,0,1,1,1,4,11
LNA2543,0,0,0,1,1,2,6
KOR1163,1,0,0,1,1,3,10
RJA0402,1,1,1,0,1,4,11
ACJ0014,1,1,1,0,1,4,11
NCV0758,1,0,1,1,0,3,7
MCR3885,0,0,1,0,1,2,5
RTD0762,1,0,1,1,1,4,11
BCH1656,0,0,1,1,1,3,7
ALD3508,0,0,1,1,1,3,7
BHG0258,0,0,0,1,0,1,2
BCH1138,1,0,0,0,1,2,8
MTP2675,1,0,1,0,1,3,9
CTJ2794,1,0,0,1,1,3,10
RCF2057,1,0,1,1,1,4,11
IPS0385,1,0,1,0,0,2,5
JRR0769,0,0,0,0,1,1,4
CJS1932,1,0,1,1,1,4,11
FYP1187,1,0,0,1,1,3,10
ETB0950,1,0,1,0,1,3,9
HJH2588,0,0,0,1,1,2,6
APC3043,1,0,1,0,1,3,9
ECA0976,0,0,1,1,1,3,7
DSD1293,0,0,0,1,1,2,6
WAH2778,1,0,0,1,1,3,10
RGB1346,0,0,1,1,1,3,7
IRP3916,1,0,0,0,1,2,8
DIP3310,0,0,0,1,1,2,6
HID1899,1,0,0,0,1,2,8
SCM2538,0,0,0,1,1,2,6
DAB0166,1,0,1,1,1,4,11
FGH1958,0,0,0,0,1,1,4
DSM2400,0,0,0,1,1,2,6
NHW0864,1,0,0,1,1,3,10
KPS0895,0,0,0,0,1,1,4
CJF1934,1,0,1,1,0,3,7
WSH1130,0,0,0,0,1,1,4
MAG2667,1,0,1,0,0,2,5
CND3037,1,0,1,0,1,3,9
HBM2126,1,0,0,1,1,3,10
ATD0146,0,0,1,1,1,3,7
VAB1526,1,0,0,1,1,3,10
ZCS0012,1,1,1,0,1,4,11
JMB1651,1,0,1,1,1,4,11
ECB1341,1,0,0,0,1,2,8
XHR2377,0,0,1,1,1,3,7
JQS2908,0,0,1,1,1,3,7
BBH3587,0,0,1,0,1,2,5
BXR3536,0,0,0,0,1,1,4
ABM3776,0,0,1,1,1,3,7
WDH0910,1,0,1,0,1,3,9
KMD3062,1,0,1,1,0,3,7
KCM1858,0,0,0,1,1,2,6
MMB2285,1,0,1,1,1,4,11
LGS3477,0,0,1,1,1,3,7
JGR3488,0,0,1,0,1,2,5
VAR3559,1,0,0,0,1,2,8
BCC2536,1,0,0,1,0,2,6
KOE0908,1,0,1,0,1,3,9
BBT0062,0,0,1,0,1,2,5
WEB3897,1,0,1,1,1,4,11
PGS3797,1,0,1,1,1,4,11
AAW0894,1,0,0,0,1,2,8
DIR3921,1,0,0,0,1,2,8
ECB1683,0,0,1,0,1,2,5
CRC0595,1,0,1,0,1,3,9
DWB0238,1,0,1,1,1,4,11
IQR2187,1,0,0,1,1,3,10
NTC2663,1,0,0,0,1,2,8
STK2397,1,0,0,1,1,3,10
GAA3681,0,0,0,1,1,2,6
FCB0563,0,0,0,1,1,2,6
MKM1993,1,0,0,0,1,2,8
JYB0262,1,0,0,0,1,2,8
MDG0019,1,1,1,0,1,4,11
NGS2820,0,0,0,1,0,1,2
SBT2281,0,0,1,0,1,2,5
JLR0632,0,0,1,1,1,3,7
KCW3064,1,0,1,1,1,4,11
PLJ1771,0,0,1,0,0,1,1
GOB3528,1,0,0,0,1,2,8
JIB2606,0,0,0,0,1,1,4
BZB3532,0,0,0,0,1,1,4
DKR0860,0,0,0,1,1,2,6
JMC2911,0,0,1,1,1,3,7
GBB3816,1,0,1,1,1,4,11
LSC3979,1,0,0,0,1,2,8
BVC0009,0,1,1,0,1,3,7
FRB3653,1,0,0,0,1,2,8
ILH0248,1,0,0,1,1,3,10
EKH2084,1,0,0,1,1,3,10
KEM0113,1,0,0,0,1,2,8
PPG2889,1,0,1,0,1,3,9
ACC2773,0,0,0,1,1,2,6
BEB1022,0,0,1,1,1,3,7
QNG2121,1,0,0,1,1,3,10
MDH1924,1,0,1,1,1,4,11
CNR1031,1,0,1,0,1,3,9
RSR2681,1,0,1,1,1,4,11
EAL3873,1,0,1,1,0,3,7
GCH0735,1,0,1,1,1,4,11
KEM2934,1,0,1,1,1,4,11
XKL1317,0,0,0,1,1,2,6
GAP0715,0,0,1,1,1,3,7
KBP0384,1,0,1,0,1,3,9
MLF2319,0,0,1,0,1,2,5
SPW0753,1,0,1,1,1,4,11
TVS0520,0,0,1,1,1,3,7
ACA3252,1,0,0,0,1,2,8
ENR1304,0,0,0,1,1,2,6
CKP0265,1,0,0,0,1,2,8
GLF0226,1,0,1,1,1,4,11
ABC3523,1,0,0,0,1,2,8
MWH1018,1,0,0,1,1,3,10
FDT0213,1,1,1,1,1,5,13
LPW0767,1,0,0,0,1,2,8
KEO0131,1,1,1,1,1,5,13
CDS1579,0,0,0,1,1,2,6
BGK0603,1,0,1,0,1,3,9
TWM2199,1,0,0,1,1,3,10
WAW0422,0,0,1,1,1,3,7
MNP0955,0,0,1,0,1,2,5
KRC2935,1,0,1,1,0,3,7
DMC1438,1,0,0,0,1,2,8
TNS1233,0,0,1,1,1,3,7
GRA0329,0,1,1,1,1,4,9
DAH3331,1,0,0,1,1,3,10
BRM0843,0,0,0,1,1,2,6
SYM2379,1,0,0,0,1,2,8
ASP2895,1,0,1,0,1,3,9
MDG2418,1,0,1,1,1,4,11
BJW3558,0,0,0,0,1,1,4
UMM3017,0,0,1,1,1,3,7
DOB2696,1,0,0,1,1,3,10
BCW3480,1,0,0,1,1,3,10
HAF1891,0,0,0,0,0,0,0
DLG2673,1,0,1,0,1,3,9
SSH1845,1,0,0,1,1,3,10
ZDH2905,0,0,1,1,1,3,7
BEH2967,0,0,1,1,1,3,7
RAF3369,0,0,1,1,0,2,3
JNC2650,1,0,0,0,1,2,8
FDS0810,1,0,0,1,1,3,10
KNR3837,0,0,0,1,1,2,6
AKB2312,0,0,1,1,1,3,7
LGS1812,0,0,1,0,1,2,5
WFH2830,1,0,0,0,1,2,8
PIP3915,0,0,0,0,1,1,4
JAA0897,0,0,0,0,1,1,4
AJM2385,1,0,0,0,1,2,8
YSH0145,0,1,1,1,1,4,9
DPM2971,1,0,1,1,0,3,7
KZM2602,0,0,0,0,1,1,4
SJW0184,0,0,0,0,1,1,4
FCM2190,0,0,0,1,1,2,6
MKD1004,1,0,0,0,1,2,8
RJP1091,1,0,1,0,1,3,9
AGB3303,0,0,0,1,1,2,6
SFL0092,1,0,0,0,1,2,8
HJV1586,0,0,1,1,1,3,7
JTH0719,0,0,1,1,1,3,7
MDS0285,1,1,0,0,1,3,10
NKC3652,0,0,0,0,0,0,0
BOR2387,1,0,0,0,1,2,8
ATH0720,0,0,1,1,1,3,7
MHH2192,0,0,0,1,1,2,6
VTD1184,1,0,0,1,1,3,10
LJC3980,1,0,0,0,1,2,8
KCD0181,0,0,0,0,1,1,4
ADP3667,0,0,0,1,1,2,6
YJR1149,1,0,0,1,0,2,6
AHC1994,0,0,0,0,1,1,4
AHG3997,1,0,0,0,1,2,8
BJW2134,0,0,0,1,1,2,6
GCN1743,0,0,1,1,1,3,7
SMS2452,1,0,1,1,1,4,11
AHM0959,0,0,1,0,1,2,5
SOD0442,1,1,1,0,1,4,11
EPC3889,0,0,1,0,1,2,5
SRM3245,0,0,0,1,1,2,6
ACH2102,1,0,0,0,1,2,8
JJF1325,1,0,0,0,1,2,8
PWG3063,0,0,1,1,1,3,7
MNM2369,0,0,1,0,1,2,5
MDF1222,1,0,1,1,1,4,11
SKB3752,0,0,1,1,1,3,7
OCD3513,1,0,1,1,0,3,7
LBJ1723,0,0,1,1,1,3,7
JSM3931,1,0,0,1,1,3,10
KPS3882,0,0,1,0,1,2,5
ECM3591,1,0,0,1,1,3,10
MXR3432,0,0,1,1,1,3,7
NEE1632,0,0,1,1,1,3,7
MWG1570,1,0,0,1,1,3,10
CBJ3719,0,0,1,0,1,2,5
HRL2565,0,0,1,0,1,2,5
CTK0947,1,0,1,0,1,3,9
MNW1827,0,0,0,1,1,2,6
PDJ3711,1,0,1,0,1,3,9
INL3041,1,0,1,0,1,3,9
DEP0163,1,0,1,1,1,4,11
ZAW3833,1,0,1,0,1,3,9
MBP1728,1,0,0,1,1,3,10
ISB0256,0,0,0,0,1,1,4
BGM2545,1,0,0,1,1,3,10
LGM2170,1,0,0,0,1,2,8
SXW0537,1,0,0,1,1,3,10
PHH1524,1,0,0,1,1,3,10
GZM3990,1,0,0,0,1,2,8
CMO2396,1,0,0,1,1,3,10
CUQ3097,1,0,0,0,1,2,8
VWB0990,1,0,1,0,1,3,9
JWM0484,0,0,1,1,1,3,7
MEM1745,1,0,1,1,1,4,11
MXG0821,1,0,0,1,1,3,10
MMR1864,1,0,0,1,1,3,10
JKF1825,1,0,0,1,1,3,10
BDM3662,1,0,0,1,1,3,10
LFB1624,1,0,1,1,1,4,11
JSO3292,0,0,0,1,1,2,6
JCC2287,1,0,1,1,1,4,11
AAF3937,1,0,0,1,1,3,10
SST1661,1,0,1,1,1,4,11
ALB2395,0,0,0,1,1,2,6
CNE2161,0,0,0,0,1,1,4
IEG3509,0,0,1,1,1,3,7
VNH1282,1,0,0,1,0,2,6
MJK0037,0,0,1,1,1,3,7
ARC2809,0,0,0,1,1,2,6
SGR0658,0,0,0,0,1,1,4
LCF1216,0,0,1,1,1,3,7
NSE3944,0,0,0,1,1,2,6
INS3200,0,0,1,1,1,3,7
CHC0252,0,0,0,0,1,1,4
LPE0270,0,0,0,0,1,1,4
ABE2352,1,0,1,0,1,3,9
SNM1257,0,0,1,0,1,2,5
RSJ0891,0,0,0,0,1,1,4
FZB3046,0,0,1,0,1,2,5
LMS2868,1,0,0,0,1,2,8
WJM3209,0,0,0,1,1,2,6
JPF1296,0,0,0,1,1,2,6
CNC1177,0,0,0,1,1,2,6
WKF3444,0,0,1,1,1,3,7
DGQ3744,0,0,1,1,1,3,7
SSA0389,1,0,1,0,1,3,9
CWL0561,0,0,0,1,1,2,6
JCP1462,0,0,0,0,1,1,4
KWD2589,0,0,0,1,1,2,6
SVA1742,0,0,1,1,1,3,7
ABP2917,1,0,1,1,1,4,11
GLS1193,1,0,0,1,1,3,10
FPV3755,0,0,1,1,1,3,7
GRP1402,1,0,1,1,1,4,11
FMT2152,1,0,0,1,1,3,10
CMB2034,0,0,1,1,1,3,7
CDY3409,1,0,1,1,1,4,11
VDM2701,1,0,0,1,0,2,6
AFK3800,1,0,1,1,1,4,11
NDB0517,0,0,1,1,1,3,7
JLG3764,0,0,1,1,1,3,7
AKH0454,1,0,1,1,1,4,11
KSF0134,1,1,1,1,1,5,13
GJD1141,1,0,0,1,1,3,10
THH2751,1,0,0,0,1,2,8
AKC1929,0,0,1,1,1,3,7
MGG1756,1,0,1,1,1,4,11
RRM3789,1,0,1,1,1,4,11
MNG3693,1,0,0,1,1,3,10
ASG0072,0,0,1,1,1,3,7
TTL3088,0,0,0,0,1,1,4
KDW2929,1,0,1,1,1,4,11
JJH2332,1,0,1,0,1,3,9
IBM1700,0,0,1,0,1,2,5
OJV2346,1,0,1,0,1,3,9
ZHF1006,1,0,0,0,1,2,8
HLD1270,0,0,0,1,1,2,6
DGH3295,0,0,0,1,1,2,6
KGF2552,1,0,0,1,1,3,10
VTB0576,1,0,0,0,1,2,8
CCS3575,0,0,0,0,1,1,4
SIP2907,1,0,1,1,1,4,11
VBP1871,0,0,0,1,1,2,6
CKG3838,1,0,0,1,1,3,10
MJS1251,0,0,1,0,1,2,5
BWM2339,1,0,1,0,1,3,9
KRH0589,0,0,0,0,1,1,4
WSS0820,1,0,0,1,1,3,10
GFB1385,0,0,1,0,1,2,5
KAC0579,1,0,0,0,1,2,8
MJC1471,1,0,0,0,1,2,8
MBG3183,1,0,0,1,1,3,10
UVN0903,0,0,0,0,1,1,4
UMH3826,0,0,1,1,1,3,7
CJH3136,0,0,0,0,1,1,4
BZC3956,1,0,0,1,0,2,6
AAD3030,0,0,1,0,1,2,5
OCS1541,0,0,0,0,1,1,4
SMW2062,1,0,1,1,1,4,11
LMH2801,0,0,0,1,1,2,6
GGH1726,1,0,0,1,1,3,10
GCK2071,0,0,1,1,1,3,7
RAH2750,1,0,0,0,1,2,8
XAH2479,0,0,0,0,1,1,4
NHG3810,1,0,1,1,1,4,11
HBS0255,0,0,0,0,1,1,4
HOJ2172,0,0,0,0,1,1,4
KNH1985,0,0,0,1,1,2,6
KBG2061,1,0,1,1,1,4,11
HSS3959,0,0,0,1,1,2,6
SCH3567,1,0,0,0,1,2,8
DLR1423,1,0,0,1,1,3,10
JRR0459,1,0,1,1,1,4,11
ZHH3206,0,0,0,1,1,2,6
LRP2591,0,0,0,1,1,2,6
LMF0670,1,0,0,0,1,2,8
JAD3672,0,0,0,1,1,2,6
NSR2539,0,0,0,1,1,2,6
MVA3761,0,0,1,1,1,3,7
JLL1204,1,0,1,1,1,4,11
SCC0067,1,0,1,1,1,4,11
ABK3081,1,0,0,0,1,2,8
SRS0129,1,1,1,1,1,5,13
IMC3296,1,0,0,1,1,3,10
KKB1088,1,0,1,0,1,3,9
YYD3518,1,0,1,1,0,3,7
TCM2403,1,0,1,0,1,3,9
PJP2632,0,0,0,1,1,2,6
BAA2451,0,0,1,1,1,3,7
ROR3483,1,0,1,1,1,4,11
KGD2603,0,0,0,0,1,1,4
RWS3699,0,0,0,1,1,2,6
JDR0436,1,1,1,0,1,4,11
RLS0761,1,0,1,1,1,4,11
GWM1366,0,0,1,1,1,3,7
IJS1090,1,0,1,0,0,2,5
JCG1982,1,0,0,1,1,3,10
DIA0731,1,0,1,0,1,3,9
NMS1493,0,0,0,0,1,1,4
GSA3815,0,0,1,1,1,3,7
GSC0530,0,0,0,0,1,1,4
BDJ3001,0,0,1,0,1,2,5
COB0461,1,0,1,1,0,3,7
HCR3675,0,0,0,1,1,2,6
AIY3991,1,0,0,0,1,2,8
TAC3425,1,0,1,1,1,4,11
RAP0653,0,0,0,0,0,0,0
RPL2640,1,0,0,1,1,3,10
CJH2330,1,0,1,0,1,3,9
JNR1694,1,0,1,0,1,3,9
AMO0582,0,0,0,0,1,1,4
LLT0291,1,1,1,1,1,5,13
CKH0705,1,0,0,1,1,3,10
OMM0835,1,0,0,0,0,1,4
BRD3314,0,0,0,1,1,2,6
CKC3767,0,0,1,1,1,3,7
ILY3152,1,0,0,1,1,3,10
MLP3859,0,0,1,0,1,2,5
DTL2891,1,0,1,0,1,3,9
PGF3491,0,0,1,0,1,2,5
MMR1435,0,0,0,0,1,1,4
ACM3964,1,0,0,1,1,3,10
LLS0222,0,1,1,1,1,4,9
LAH0524,0,0,0,0,1,1,4
EKS3724,1,0,1,0,1,3,9
OED3393,1,0,1,1,1,4,11
JBB0847,0,0,0,1,1,2,6
MRS0409,1,0,1,0,1,3,9
KBW1629,1,0,1,1,1,4,11
SLV2969,1,0,1,1,1,4,11
NWV0966,1,0,1,0,1,3,9
CSM1554,1,0,0,1,1,3,10
KKM0624,1,0,1,1,1,4,11
SJH0945,1,0,1,0,1,3,9
FDF3743,1,0,1,1,1,4,11
SYF1650,1,0,1,1,1,4,11
FLS0231,1,0,1,0,1,3,9
MFD2890,0,0,1,0,1,2,5
JDM0165,0,0,1,1,1,3,7
LOR1044,1,0,1,1,0,3,7
MIA0939,1,0,1,0,1,3,9
BBB3612,1,0,0,1,1,3,10
SHP1418,1,0,0,0,1,2,8
CCL3272,1,0,0,1,1,3,10
SWO3258,1,0,0,0,1,2,8
UNB3986,0,0,0,0,0,0,0
ARB2515,1,0,0,1,1,3,10
GKW2306,0,0,1,1,1,3,7
KWC3812,0,0,1,1,1,3,7
AAP1919,0,0,1,1,1,3,7
TPF1663,1,0,1,1,1,4,11
BEH0103,1,0,0,1,1,3,10
GTC0747,1,0,1,1,1,4,11
AYS1628,1,0,1,1,1,4,11
FBY1064,0,0,1,1,1,3,7
PMA2693,1,0,1,1,1,4,11
GER1997,0,0,0,0,1,1,4
RPC0205,0,1,1,1,1,4,9
LNM1879,0,0,0,1,1,2,6
JAB3656,0,0,0,0,1,1,4
WLL1133,0,0,0,0,1,1,4
AOD2178,0,0,0,1,1,2,6
CBM2858,1,0,0,0,1,2,8
JJH1818,1,0,1,0,1,3,9
HKK2716,1,0,0,1,1,3,10
RIB1582,1,0,0,1,1,3,10
JAS1907,1,0,1,1,1,4,11
WSA1765,1,0,1,0,1,3,9
NNP0229,1,0,1,0,1,3,9
XAR1011,1,0,1,1,1,4,11
RLB1334,1,0,0,0,1,2,8
HJD3439,1,0,1,1,1,4,11
WAH3836,0,0,0,1,1,2,6
VAD2639,1,0,0,1,1,3,10
GIB0207,0,1,1,1,1,4,9
DJR2389,1,0,0,0,1,2,8
PEB3161,1,0,0,1,1,3,10
BHS1917,1,0,1,1,1,4,11
DKS1509,0,0,0,1,1,2,6
KMS1530,0,0,0,1,1,2,6
SHS3176,1,0,0,1,1,3,10
SGM2153,1,0,0,0,0,1,4
GNG2812,1,0,0,1,1,3,10
BRS0333,0,0,0,1,1,2,6
DAS3775,1,0,1,1,1,4,11
TMC3659,0,0,0,0,1,1,4
YKM3542,1,0,1,0,1,3,9
PMG2513,0,0,0,1,1,2,6
ATR1677,1,0,1,0,1,3,9
MJB3866,0,0,1,1,1,3,7
VJM1336,0,0,0,0,1,1,4
AHC3277,1,0,0,1,1,3,10
RCV1311,1,0,0,1,1,3,10
VKM2376,1,0,1,0,1,3,9
JMG3704,1,0,0,1,1,3,10
SCF0330,1,1,1,1,1,5,13
NNB3989,0,0,0,0,1,1,4
BCS2912,1,0,1,1,1,4,11
RDF1248,0,0,1,0,1,2,5
ARH2262,1,0,1,0,1,3,9
KNM1318,0,0,0,1,1,2,6
HDP1890,1,0,0,0,1,2,8
KSS2068,1,0,1,1,1,4,11
RGM3111,1,0,0,1,1,3,10
FAW1969,1,0,0,1,1,3,10
DAR0388,0,0,1,0,1,2,5
MCT1067,0,0,1,1,1,3,7
ASS0280,0,0,0,0,1,1,4
NOD1261,1,0,1,0,0,2,5
ENS1748,1,0,1,1,1,4,11
EPI3052,1,0,1,0,1,3,9
AGS0063,0,0,1,1,1,3,7
RCS2064,1,0,1,1,1,4,11
SED0972,0,0,1,1,1,3,7
AID2774,1,0,0,1,1,3,10
APS1968,1,0,0,1,1,3,10
DBR1798,0,0,1,0,1,2,5
BWK0172,1,0,0,0,1,2,8
CSB0827,1,0,0,0,1,2,8
ASH1710,1,0,0,0,1,2,8
KOB2624,0,0,0,1,1,2,6
DEL0913,1,0,1,0,1,3,9
OKG1889,1,0,0,0,1,2,8
WZR3948,1,0,0,1,1,3,10
IHD1978,1,0,0,1,1,3,10
MMC1084,0,0,1,0,1,2,5
BLY1039,0,0,1,0,1,2,5
YCL2166,1,0,0,0,1,2,8
NHV2004,1,0,0,0,0,1,4
BNL1652,1,0,1,1,1,4,11
VHH0485,1,0,1,1,1,4,11
LXS0332,0,1,0,1,1,3,8
GLG1573,0,0,0,1,0,1,2
RCG1241,1,0,1,0,1,3,9
MJP2421,0,0,1,1,1,3,7
DNN0488,1,0,1,0,1,3,9
WVD0570,0,0,0,1,1,2,6
EJP2315,1,0,1,0,1,3,9
HKW2615,1,0,0,1,1,3,10
SGB1636,0,0,1,1,1,3,7
SZB0321,1,1,0,1,1,4,12
YLL0795,0,0,0,0,1,1,4
JKC2754,0,0,0,1,1,2,6
MNS1394,0,0,1,1,1,3,7
TWM0837,1,0,0,1,1,3,10
RSS0875,1,0,0,0,1,2,8
XAB0627,1,0,1,1,1,4,11
DNV1964,0,0,0,1,1,2,6
MAC2962,1,0,1,1,1,4,11
WIB3670,0,0,0,1,1,2,6
JBB3280,0,0,0,1,1,2,6
PHB2209,0,0,0,0,1,1,4
WOL3226,0,0,0,1,1,2,6
RUB1156,1,0,0,1,1,3,10
SRB2276,0,0,1,0,1,2,5
AIB3416,0,0,1,1,1,3,7
DAE1437,1,0,0,0,1,2,8
SCH3858,0,0,1,0,1,2,5
FKS0094,0,0,0,0,1,1,4
CIH0995,1,0,0,0,1,2,8
LAN1329,0,0,0,0,0,0,0
NCB2660,0,0,0,0,1,1,4
YDM3898,1,0,1,1,1,4,11
LMW2320,1,0,1,0,1,3,9
NPK0369,0,1,1,1,1,4,9
DMB1429,0,0,0,1,1,2,6
KMB1761,1,0,1,0,1,3,9
TWK1773,1,0,1,0,1,3,9
ATR2560,1,0,1,0,1,3,9
HNB3661,1,0,0,1,1,3,10
GJG0170,1,0,0,0,1,2,8
ABG2353,1,0,1,0,1,3,9
BAT3066,0,0,1,1,1,3,7
NKM2195,1,0,0,1,1,3,10
KTL3785,1,0,1,1,1,4,11
WJR3544,1,0,1,0,1,3,9
AJM0243,0,0,1,1,1,3,7
TND0324,1,1,1,1,1,5,13
LDB3087,0,0,0,0,1,1,4
WMR2625,0,0,0,1,1,2,6
BRH2866,0,0,0,0,0,0,0
AVS2317,0,0,1,0,1,2,5
NWH2076,0,0,0,1,1,2,6
ISG2025,1,0,0,1,1,3,10
SRB2600,1,0,0,0,1,2,8
CRH3848,1,0,1,0,1,3,9
VRB3401,1,0,1,1,1,4,11
CWH3033,1,0,1,0,1,3,9
JDM1042,0,0,1,0,1,2,5
GLM3106,1,0,0,1,1,3,10
MGS2159,1,0,0,0,1,2,8
KAW3589,1,0,1,0,1,3,9
TLP1231,1,0,1,1,1,4,11
GCP2425,1,0,1,0,1,3,9
TDM2859,0,0,0,0,1,1,4
ARS3506,0,0,1,1,1,3,7
TTP2417,1,0,1,1,1,4,11
CLH0733,1,0,1,0,1,3,9
JMS0149,0,0,1,1,1,3,7
NSC3036,0,0,1,0,1,2,5
ATH0225,1,0,1,1,1,4,11
RPW0026,0,1,1,1,0,3,5
SWG1391,1,0,1,1,1,4,11
KMR2232,0,0,0,1,1,2,6
XSR3526,0,0,0,0,1,1,4
BDJ3326,0,0,0,1,1,2,6
TWF1072,0,0,1,1,1,3,7
QKO2718,0,0,0,1,1,2,6
LDW1472,0,0,0,0,0,0,0
TCN1687,1,0,1,0,1,3,9
DTU3804,1,0,1,1,1,4,11
AFP2247,1,0,0,1,1,3,10
ALS2669,1,0,1,0,1,3,9
KJC1419,1,0,0,1,1,3,10
SDR1227,0,0,1,1,1,3,7
ZMH1543,1,0,0,0,1,2,8
JSH1070,0,0,1,1,0,2,3
AFH1757,0,0,1,1,1,3,7
DMD0486,0,0,1,1,1,3,7
OHG3736,0,0,1,0,1,2,5
GCT3750,0,0,1,1,1,3,7
DFW1467,0,0,0,0,1,1,4
NOE2965,1,0,1,1,1,4,11
SCE1877,0,0,0,1,1,2,6
IGP2254,1,0,1,0,1,3,9
IAR3996,0,0,0,0,1,1,4
MTN1330,0,0,0,0,1,1,4
GEK3441,0,0,1,1,1,3,7
SBK3515,0,0,1,1,1,3,7
XKW1135,0,0,0,0,1,1,4
SKA0757,0,0,1,1,1,3,7
JEV3132,1,0,1,0,1,3,9
SER0621,0,0,1,0,1,2,5
LSL0337,0,0,0,0,1,1,4
JYM3047,0,0,1,0,1,2,5
ASD0993,0,0,1,1,1,3,7
SAP1888,0,0,0,0,1,1,4
XCJ0023,1,1,1,0,1,4,11
OJR2085,1,0,0,1,1,3,10
LEM1913,1,0,1,1,1,4,11
LJC0191,1,0,0,1,0,2,6
JBS1291,1,0,0,1,1,3,10
JHK1849,1,0,0,1,0,2,6
DPF3215,0,0,0,1,1,2,6
CWA2554,1,0,1,0,1,3,9
NIR3139,0,0,0,0,1,1,4
JAM2248,0,0,0,1,1,2,6
MSR2202,1,0,0,1,1,3,10
GOR0861,0,0,0,1,1,2,6
PWM0708,1,0,0,1,1,3,10
AAD2188,0,0,0,1,1,2,6
SSR1962,1,0,0,0,1,2,8
PMT2264,0,0,1,0,1,2,5
DHK0367,0,1,1,1,1,4,9
MAL0434,0,1,1,0,1,3,7
LMB3241,1,0,0,1,1,3,10
DGE3194,0,0,1,1,0,2,3
BNS2384,1,0,1,1,1,4,11
CIS3505,1,0,1,0,1,3,9
UAS2829,0,0,0,0,1,1,4
CSC3074,0,0,0,0,1,1,4
KCM0806,0,0,0,0,1,1,4
TDH0989,0,0,1,1,1,3,7
CSL0428,0,0,1,1,1,3,7
LBG1670,1,0,1,1,1,4,11
DCW2405,1,0,1,1,1,4,11
LDN2514,1,0,0,1,1,3,10
ZIR1732,1,0,0,1,1,3,10
MEB3004,0,0,0,0,1,1,4
NEH1185,1,0,0,1,0,2,6
PHO1937,1,0,1,1,1,4,11
OAP2825,1,0,0,0,1,2,8
DKF2721,0,0,0,1,1,2,6
ZGP2957,1,0,1,1,1,4,11
CAP2283,0,0,1,1,1,3,7
DJC0073,0,0,1,1,1,3,7
ANB0938,1,0,1,0,1,3,9
SOB0089,1,0,1,1,1,4,11
JBW0109,0,0,0,0,1,1,4
DAM2837,0,0,0,0,1,1,4
SSL2271,1,0,1,0,1,3,9
DJF2329,1,0,1,0,1,3,9
BJF0511,1,0,1,1,0,3,7
LTH1795,1,0,1,0,1,3,9
ADH0975,0,0,1,1,1,3,7
CJJ1491,1,0,0,0,1,2,8
AEB1458,0,0,0,0,1,1,4
KPO3619,0,0,0,1,1,2,6
KJB0354,0,1,1,1,1,4,9
CMA2616,1,0,0,1,1,3,10
DNM2823,1,0,0,1,1,3,10
HWC3907,1,0,1,1,0,3,7
KTW3547,1,0,1,0,1,3,9
ARM0076,0,0,1,1,1,3,7
KTS3908,0,0,0,0,0,0,0
GAC2529,1,0,0,1,1,3,10
AWM2286,1,0,1,1,1,4,11
KCR0577,0,0,0,0,1,1,4
PFC3807,1,0,1,1,1,4,11
RAA3570,0,0,0,0,1,1,4
MRH2516,0,0,0,1,1,2,6
SRA3210,0,0,0,1,1,2,6
PEV3531,0,0,0,0,1,1,4
TDJ3138,0,0,0,0,1,1,4
FGS3275,0,0,0,1,1,2,6
AJH0279,1,0,0,0,1,2,8
EAP1555,0,0,0,1,1,2,6
EDV1427,0,0,0,1,1,2,6
SAM3782,0,0,1,1,1,3,7
MRS0368,1,1,1,1,1,5,13
DBG3727,1,0,1,0,1,3,9
EDP1880,0,0,0,1,1,2,6
LCT2783,1,0,0,1,0,2,6
CAR2748,1,0,0,0,1,2,8
DLC2903,1,0,1,0,1,3,9
KKC2119,0,0,0,1,1,2,6
IDW1211,1,0,1,1,1,4,11
SCM3407,1,0,1,1,1,4,11
DJS1271,0,0,0,1,1,2,6
DRF3992,1,0,0,0,1,2,8
ICB3167,0,0,0,1,0,1,2
QBL1386,1,0,1,0,1,3,9
CLM1874,0,0,0,1,1,2,6
ZBH3422,1,0,1,1,1,4,11
SMC2898,1,0,1,0,1,3,9
CSB3932,1,0,0,1,1,3,10
TAF0640,1,0,1,1,1,4,11
PRH1717,0,0,1,1,1,3,7
ABB0167,1,0,1,1,0,3,7
FCE0695,1,0,0,1,1,3,10
TPG2392,1,0,0,1,1,3,10
VDP0790,1,0,0,1,1,3,10
JPH1129,0,0,0,0,1,1,4
DAM3359,1,0,1,1,1,4,11
BJA1137,1,0,0,0,1,2,8
RKH2877,1,0,1,0,1,3,9
CAS3022,0,0,1,0,1,2,5
RDP2116,1,0,0,1,1,3,10
NCT0983,0,0,1,1,1,3,7
AKC3739,0,0,1,0,1,2,5
PDK3856,0,0,1,0,1,2,5
AME1361,0,0,1,1,1,3,7
BZS1344,0,0,1,1,1,3,7
MBS3902,1,0,1,1,1,4,11
ADV1640,1,0,1,1,0,3,7
GKL0006,1,1,1,0,1,4,11
BRG3113,1,0,0,1,1,3,10
CAG0502,1,0,1,0,1,3,9
DBC1073,0,0,1,1,1,3,7
XPW2833,0,0,0,0,1,1,4
JMB2246,0,0,0,1,1,2,6
RSG0687,0,0,0,1,1,2,6
IJC2459,0,0,1,0,1,2,5
BEW1426,0,0,0,1,1,2,6
FNB1512,1,0,0,1,0,2,6
IAC3581,0,0,1,0,1,2,5
ABL0870,1,0,0,1,1,3,10
MLB1214,1,0,1,1,0,3,7
LAE1350,0,0,1,1,1,3,7
FQL3629,0,0,0,1,1,2,6
CDW0886,0,0,0,0,0,0,0
GIS1668,1,0,1,1,1,4,11
MHA0667,1,0,0,0,1,2,8
RML2759,1,0,0,1,1,3,10
RBO0327,1,1,1,1,1,5,13
JCB2350,1,0,1,0,1,3,9
AUG2242,0,0,0,1,1,2,6
BMN3207,1,0,0,1,1,3,10
XGB1528,1,0,0,1,1,3,10
KRL0467,1,0,1,1,1,4,11
BJR0940,0,0,1,0,1,2,5
BAC3730,1,0,1,0,1,3,9
BHC2344,0,0,1,0,1,2,5
ODW2194,1,0,0,1,0,2,6
EID1076,1,0,1,1,0,3,7
CGM3124,1,0,1,0,0,2,5
EKM0863,0,0,0,1,1,2,6
LQC3780,0,0,1,1,1,3,7
KKM0309,1,0,0,1,1,3,10
BKB0853,0,0,0,1,1,2,6
BHC0492,1,0,1,0,1,3,9
LVK3180,1,0,0,1,0,2,6
BZH1158,0,0,0,1,1,2,6
HBC3497,1,0,1,0,1,3,9
CMM3753,0,0,1,1,1,3,7
GMC1209,1,0,1,1,0,3,7
MCN0985,0,0,1,1,1,3,7
JBH2559,0,0,1,0,1,2,5
PAB0879,0,0,0,0,1,1,4
ORH2010,1,0,0,1,1,3,10
IKG3154,1,0,0,1,1,3,10
MBH0476,0,0,1,1,1,3,7
JAC2001,0,0,0,0,1,1,4
BKF1545,0,0,0,0,1,1,4
JHC1809,0,0,1,0,1,2,5
JFB0961,1,0,1,0,1,3,9
MMJ3368,0,0,1,1,1,3,7
SWM0188,1,0,0,0,1,2,8
NRE1755,0,0,1,1,1,3,7
RCB2645,0,0,0,0,1,1,4
ANL3024,1,0,1,0,1,3,9
RCJ0557,1,0,0,0,1,2,8
JFB2168,1,0,0,0,1,2,8
RMC2177,0,0,0,1,1,2,6
CTW2038,0,0,1,1,0,2,3
SDH1556,1,0,0,1,1,3,10
RDE3239,1,0,0,1,1,3,10
GBJ3604,1,0,0,1,1,3,10
HHS3357,0,0,1,1,1,3,7
SDH2394,1,0,0,1,1,3,10
KMS0568,1,0,0,1,0,2,6
BOH1751,0,0,1,1,1,3,7
AAV3669,0,0,0,1,1,2,6
HSA2065,1,0,1,1,1,4,11
CSB2910,0,0,1,1,1,3,7
CDL0867,0,0,0,1,1,2,6
JTV2654,0,0,0,0,1,1,4
KJH0588,0,0,0,0,1,1,4
KOW3756,0,0,1,1,1,3,7
RCM3458,1,0,1,1,1,4,11
BJH3402,0,0,1,1,1,3,7
LCW3879,0,0,1,0,1,2,5
SJT0698,1,0,0,1,1,3,10
UAD2700,0,0,0,1,0,1,2
FGK1026,0,0,1,0,1,2,5
CTC0421,1,0,1,1,1,4,11
TSO3216,0,0,0,1,1,2,6
MVW3821,1,0,1,1,1,4,11
RND1473,1,0,0,0,1,2,8
JKH3673,1,0,0,1,1,3,10
CAF3929,0,0,0,1,1,2,6
SAB2761,1,0,0,1,1,3,10
DAS1955,1,0,0,0,0,1,4
JJY3112,0,0,0,1,1,2,6
RSS3182,0,0,0,1,0,1,2
SAP2173,0,0,0,1,1,2,6
MGM0569,1,0,0,1,1,3,10
BBM1701,0,0,1,0,1,2,5
HIA2415,0,0,1,1,1,3,7
AAF0819,0,0,0,1,1,2,6
KEW1179,1,0,0,1,1,3,10
CJM2961,1,0,1,1,1,4,11
JMH1847,1,0,0,1,1,3,10
STC2042,1,0,1,1,1,4,11
SPM1684,1,0,1,0,1,3,9
TBD2008,1,0,0,1,1,3,10
NHS3981,0,0,0,0,1,1,4
FAJ0523,1,0,0,0,1,2,8
JPS2432,1,0,1,0,1,3,9
NUK1513,0,0,0,1,1,2,6
KNH0316,0,1,1,1,1,4,9
AAS2987,0,0,1,1,1,3,7
LCP0572,0,0,0,1,1,2,6
CBW2427,0,0,1,0,1,2,5
ZSW2155,1,0,0,0,1,2,8
DTC2566,1,0,1,0,1,3,9
MAB1775,1,0,1,0,1,3,9
WPR1884,1,0,0,0,1,2,8
AKK2125,1,0,0,1,1,3,10
BHK2196,0,0,0,1,1,2,6
SLC1588,0,0,1,1,1,3,7
BBA1230,0,0,1,1,1,3,7
KBP2753,0,0,0,0,1,1,4
GLM3450,1,0,1,1,1,4,11
BNH2692,1,0,1,1,1,4,11
MHS1125,0,0,0,0,1,1,4
QSB1577,1,0,0,1,1,3,10
ARZ3464,1,0,1,1,1,4,11
OXS0363,0,1,1,1,1,4,9
IAA3012,0,0,0,1,1,2,6
CWC0490,1,0,1,0,1,3,9
DWK2099,0,0,0,0,1,1,4
NCS0425,0,0,1,1,1,3,7
KAP0844,0,0,0,1,1,2,6
WHH2938,1,0,1,1,1,4,11
BAB1619,0,0,1,1,1,3,7
LAV1050,0,0,1,1,0,2,3
RAS3446,1,0,1,1,1,4,11
VYP0637,1,0,1,1,0,3,7
AIJ0383,1,0,1,0,1,3,9
MDO0606,1,0,1,0,1,3,9
MSS3335,0,0,0,1,1,2,6
RVV0317,0,1,1,1,1,4,9
ICL0565,1,0,0,1,1,3,10
SGW0112,0,0,0,0,1,1,4
HCR1322,0,0,0,1,1,2,6
HGH0727,1,0,1,0,1,3,9
NRT1320,1,0,0,1,1,3,10
TKM2494,1,0,0,1,1,3,10
MLC3482,1,0,0,1,1,3,10
SNM1696,1,0,1,0,1,3,9
MTW3317,0,0,0,1,1,2,6
CAG3622,1,0,0,1,1,3,10
AIV3936,0,0,0,1,1,2,6
SCB2814,1,0,0,1,1,3,10
JIR2594,1,0,0,1,1,3,10
CSS1313,0,0,0,1,1,2,6
DBH1596,0,0,1,1,1,3,7
KBM3734,1,0,1,0,1,3,9
MET1881,0,0,0,1,1,2,6
QIS2940,1,0,1,1,1,4,11
CAB3121,0,0,1,0,1,2,5
HRK2972,1,0,1,1,1,4,11
MCW2546,1,0,0,1,1,3,10
MHB0845,1,0,0,1,1,3,10
EGD3972,1,0,0,1,0,2,6
CMW0437,0,1,1,0,1,3,7
PCC0604,0,0,1,0,1,2,5
FCM3792,1,0,1,1,1,4,11
TMV0868,0,0,0,1,1,2,6
BGH2861,1,0,0,0,1,2,8
AHH0495,1,0,1,0,1,3,9
CCN2726,1,0,0,1,1,3,10
ZAW2012,1,0,0,1,1,3,10
MZG2261,0,0,1,0,1,2,5
AVT0526,1,0,0,0,0,1,4
LNP3092,0,0,0,0,1,1,4
LMM3366,0,0,1,1,1,3,7
DJP3230,1,0,0,1,1,3,10
OAG1468,0,0,0,0,0,0,0
KNW1321,1,0,0,1,1,3,10
NBL2243,0,0,0,1,1,2,6
STN2458,0,0,1,1,0,2,3
SBS1606,1,0,1,1,1,4,11
AAM0729,0,0,1,0,1,2,5
HSF1454,1,0,0,0,1,2,8
GAH0525,1,0,0,0,1,2,8
CRL3842,1,1,1,0,1,4,11
DKP0671,1,0,0,0,1,2,8
NSC1741,1,0,1,1,1,4,11
BAG2641,0,0,0,1,1,2,6
CSW3811,0,0,1,1,0,2,3
JJH0681,1,0,0,1,1,3,10
APS3701,1,0,0,1,1,3,10
BRC3949,0,0,0,1,1,2,6
CLR2407,1,0,1,1,1,4,11
LRS2996,0,0,1,1,1,3,7
NVL2180,1,0,0,1,1,3,10
SEM2492,1,0,0,1,1,3,10
JFG1049,1,0,1,1,1,4,11
RJD2647,1,0,0,0,1,2,8
ETA0791,1,0,0,1,1,3,10
BSM2844,1,0,0,0,1,2,8
ANB2766,0,0,0,1,1,2,6
JMR3367,0,0,1,1,1,3,7
LRL1316,0,0,0,1,1,2,6
SLS2992,0,0,1,1,1,3,7
DKM2980,1,0,1,1,1,4,11
PLM3935,0,0,0,1,1,2,6
PPT3162,1,0,0,1,1,3,10
IBV1578,0,0,0,1,0,1,2
BMV1886,1,0,0,0,1,2,8
CLM2776,1,0,0,1,1,3,10
LZM0306,1,0,0,1,1,3,10
RHR2835,0,0,0,0,1,1,4
WRW2331,1,0,1,0,1,3,9
TFH0544,0,0,0,1,1,2,6
ACS0128,0,1,1,1,0,3,5
VGM2096,1,0,0,0,1,2,8
IMM2118,0,0,0,1,1,2,6
WTF0449,1,0,1,1,1,4,11
OLR2564,0,0,1,0,1,2,5
VJK1327,1,0,0,0,1,2,8
MLJ1461,0,0,0,0,1,1,4
CKH2797,1,0,0,1,1,3,10
GRG3005,1,0,1,1,1,4,11
APD0381,0,0,1,0,1,2,5
GAW0808,1,0,0,1,1,3,10
JME0387,0,0,1,1,1,3,7
BUS2399,0,0,0,1,1,2,6
YRA3503,1,0,1,0,1,3,9
WMR2685,1,0,1,1,1,4,11
ADP1625,1,0,1,1,1,4,11
AMM0734,0,0,1,1,1,3,7
VKM2949,0,0,1,1,1,3,7
SKS0339,0,0,0,0,1,1,4
CDM0538,0,0,0,1,1,2,6
NGR2884,0,0,1,0,1,2,5
BCB2676,0,0,1,0,1,2,5
ARG3554,0,0,1,0,1,2,5
AFP2709,0,0,0,1,1,2,6
HCO3108,0,0,0,1,1,2,6
HMM2768,0,0,0,1,1,2,6
SCH3716,0,0,1,0,1,2,5
CVB2703,1,0,0,1,1,3,10
AWW0254,1,0,0,0,0,1,4
RAB1712,1,0,0,0,1,2,8
SWG2200,1,0,0,1,1,3,10
KJR1377,1,0,1,0,1,3,9
JGR3914,1,0,0,0,1,2,8
CKG1972,1,0,0,1,1,3,10
MLM2021,1,0,0,1,0,2,6
KAH3247,1,0,0,1,1,3,10
EIR1046,1,0,1,1,1,4,11
BDU0497,1,0,1,0,1,3,9
CAR2244,0,0,0,1,1,2,6
GGM3737,1,0,1,0,1,3,9
QBR2250,1,0,0,1,1,3,10
TBM0932,0,0,1,0,1,2,5
NGH1256,1,0,1,0,1,3,9
HAM2252,1,0,0,1,1,3,10
BBP1093,0,0,1,0,1,2,5
JDS0516,1,0,1,1,0,3,7
COK3383,0,0,1,1,1,3,7
AME0732,0,0,1,0,1,2,5
FNR0635,0,0,1,1,1,3,7
TKK0628,0,0,1,1,1,3,7
RCW3692,0,0,0,1,1,2,6
RDB0702,0,0,0,1,1,2,6
SAC3963,1,0,0,1,1,3,10
MJW2032,0,0,1,1,0,2,3
MPY0478,0,0,1,1,1,3,7
CDM1097,1,0,1,1,0,3,7
ARW0818,1,0,0,1,1,3,10
RJB2622,1,0,0,1,1,3,10
PLJ3274,0,0,0,1,1,2,6
BKR3146,0,0,0,0,1,1,4
KBK3593,0,0,0,1,1,2,6
CNB1131,1,0,0,0,1,2,8
EHW2450,0,0,1,1,1,3,7
SAR1883,1,0,0,0,1,2,8
NHD2497,0,0,0,1,1,2,6
WBE0967,1,0,1,1,1,4,11
MFB0040,0,0,1,1,1,3,7
SDM2550,1,0,0,1,1,3,10
JUM0102,1,0,0,0,1,2,8
CMT0267,0,0,0,0,1,1,4
RKH1801,0,0,1,0,1,2,5
CCB0547,1,0,0,0,1,2,8
BJP0186,1,0,0,0,1,2,8
VKT2228,1,0,0,1,1,3,10
HQB3494,1,0,1,0,1,3,9
KCR2291,1,0,1,1,1,4,11
AKD0272,1,0,0,1,1,3,10
TKE3293,0,0,0,1,1,2,6
EDF2361,1,0,1,0,1,3,9
RAC0362,0,1,1,1,1,4,9
KCH3095,1,0,0,0,1,2,8
RFS2923,0,0,1,1,1,3,7
EIF1865,1,0,0,1,1,3,10
ESS3341,1,0,0,1,1,3,10
QAH1315,0,0,0,1,1,2,6
SOK1299,1,0,0,1,0,2,6
ENH3969,1,0,0,1,0,2,6
MLV3376,0,0,1,1,1,3,7
DTW3549,1,0,1,0,1,3,9
KQW0164,0,0,1,1,1,3,7
LLJ1243,0,0,1,0,1,2,5
ACN2347,1,0,1,0,1,3,9
JIN3522,1,0,0,0,1,2,8
JHF1278,1,0,0,1,1,3,10
CPR1800,1,0,1,0,1,3,9
KLZ0507,0,0,1,0,1,2,5
JWW2765,0,0,0,1,1,2,6
WOV3040,1,0,1,0,0,2,5
ADM1894,1,0,0,0,1,2,8
EAM3642,0,0,0,0,1,1,4
KGB0500,1,0,1,0,1,3,9
NAH3759,1,0,1,1,1,4,11
YOH1176,1,0,0,1,0,2,6
NSM2805,0,0,0,1,1,2,6
ACF1806,0,0,1,0,0,1,1
DBV2736,0,0,0,0,1,1,4
IEG2687,0,0,1,1,1,3,7
SKE3262,0,0,0,0,1,1,4
TAB1870,1,0,0,1,1,3,10
DNB2574,1,0,1,1,1,4,11
RRH3057,0,0,1,1,1,3,7
WNW2002,1,0,0,0,1,2,8
HBC1540,0,0,0,0,1,1,4
DRF1498,0,0,0,0,1,1,4
SAH2292,0,0,1,1,1,3,7
FKA0393,0,0,1,0,1,2,5
CJH2921,0,0,1,1,1,3,7
SBM2719,1,0,0,1,1,3,10
MWK3854,0,0,1,0,1,2,5
CMH2342,0,0,1,0,1,2,5
QFP3467,1,0,1,1,1,4,11
CQC0997,0,0,0,0,1,1,4
AJH3517,0,0,1,1,1,3,7
BGA0892,1,0,0,0,1,2,8
HGJ2592,0,0,0,1,1,2,6
GYH3476,0,0,0,0,1,1,4
DHC1989,1,0,0,0,1,2,8
RHB1721,0,0,0,0,1,1,4
OGW0251,0,0,0,1,1,2,6
ABH0349,1,0,0,0,1,2,8
BBH2509,1,0,0,1,1,3,10
KSO2224,0,0,0,1,1,2,6
CDM2075,0,0,0,1,1,2,6
SQC2334,0,0,1,0,1,2,5
JSB0783,1,0,0,1,1,3,10
HJR3540,0,0,0,0,1,1,4
ABP2003,1,0,0,0,1,2,8
LYS3814,1,0,1,1,1,4,11
MBA1797,0,0,1,0,0,1,1
BQK2024,1,0,0,1,1,3,10
MMM2156,1,0,0,0,1,2,8
TQR3104,0,0,0,1,1,2,6
XUC1092,1,0,1,0,1,3,9
FDV1224,1,0,1,1,1,4,11
FDM1933,1,0,1,1,1,4,11
CBL3631,0,0,0,0,1,1,4
LFF1887,0,0,0,0,1,1,4
ATT0293,1,1,1,1,1,5,13
EFJ1685,1,0,1,0,1,3,9
AOM1457,1,0,0,0,1,2,8
GDH2500,0,0,0,1,1,2,6
JSR3988,1,0,0,0,1,2,8
IOP1859,1,0,0,1,1,3,10
NJS2498,0,0,0,1,1,2,6
CSV3305,0,0,0,1,1,2,6
EMR3880,0,0,1,0,1,2,5
ZAF3065,1,0,1,1,1,4,11
MFW0646,1,0,0,0,1,2,8
GYM1926,1,0,1,1,1,4,11
DFC3287,1,0,0,1,1,3,10
CAP1971,1,0,0,1,1,3,10
HBH2368,0,0,1,0,1,2,5
VIB2070,0,0,1,1,1,3,7
NHE3204,1,0,0,1,0,2,6
BKM3611,1,0,0,1,1,3,10
DAM2705,0,0,0,1,1,2,6
KNM0423,1,0,1,1,0,3,7
MDH3639,0,0,0,0,1,1,4
BRN3289,0,0,0,1,1,2,6
BGA2301,1,0,1,1,1,4,11
SAB0817,1,0,0,1,1,3,10
SJY3732,1,0,1,0,1,3,9
TFB1229,0,0,1,1,1,3,7
MFK0902,1,0,0,0,1,2,8
MSH1269,1,0,0,1,1,3,10
AMA2808,0,0,0,1,1,2,6
PMG1376,1,0,1,0,1,3,9
TNV3213,0,0,0,1,1,2,6
PTO1063,1,0,1,1,1,4,11
DOM0586,0,0,0,0,0,0,0
KLP3864,0,0,1,1,1,3,7
JHK3122,1,0,1,0,1,3,9
BAV0390,0,0,1,0,0,1,1
DFH1681,1,0,1,0,1,3,9
LLG2714,1,0,0,1,1,3,10
TIJ1817,1,0,1,0,1,3,9
CAF1331,1,0,0,0,1,2,8
VFM3223,0,0,0,1,1,2,6
NQO2712,0,0,0,1,1,2,6
LBB0453,1,0,1,1,1,4,11
FXD3105,0,0,0,1,1,2,6
AKB3530,1,0,0,0,0,1,4
CYO1575,1,0,0,1,1,3,10
EVO1522,0,0,0,1,1,2,6
FKJ1521,0,0,0,1,1,2,6
HDC2132,1,0,0,1,1,3,10
ANK0777,1,0,0,0,1,2,8
BAW0780,0,0,0,0,1,1,4
VKE0655,1,0,0,0,1,2,8
CMS2897,1,0,1,0,1,3,9
ICH2378,0,0,0,0,1,1,4
CIT0310,1,0,0,1,1,3,10
JHM0583,1,0,0,0,1,2,8
AMH3562,0,0,0,0,1,1,4
CUP2764,0,0,0,1,1,2,6
SAB3286,0,0,0,1,1,2,6
CJT1106,0,0,1,1,1,3,7
JBM3933,1,0,0,1,1,3,10
FVR0881,0,0,0,0,1,1,4
VEW0278,1,0,0,0,0,1,4
KAH2460,0,0,1,0,1,2,5
AJP1199,0,0,0,1,1,2,6
HCB1643,0,0,1,1,1,3,7
BKW1032,1,0,1,0,1,3,9
OSC1925,1,0,1,1,1,4,11
DOT1898,0,0,0,0,0,0,0
NCM3725,1,0,1,0,1,3,9
NDA0536,1,0,0,1,1,3,10
GDG2354,1,0,1,0,1,3,9
AGE1244,0,0,1,0,1,2,5
GDM3835,0,0,1,1,1,3,7
FAL1867,0,0,0,1,1,2,6
HDG2848,0,0,0,0,1,1,4
HEW2164,1,0,0,0,1,2,8
KMR0682,1,0,0,1,1,3,10
ECA1221,1,0,1,1,1,4,11
ARC1725,1,0,1,1,1,4,11
DRK3644,1,0,0,0,0,1,4
TAB0684,0,0,0,1,1,2,6
NJG2979,1,0,1,1,1,4,11
CMP2946,1,0,1,1,0,3,7
CKP0659,1,0,0,0,0,1,4
HCM2945,1,0,1,1,1,4,11
JDB3127,1,0,1,0,1,3,9
JCR1148,1,0,0,1,1,3,10
KAS2029,1,0,1,1,1,4,11
DAR3637,1,0,0,0,1,2,8
MDG0657,0,0,0,0,1,1,4
ATR3231,1,0,0,1,1,3,10
CTH2220,1,0,0,0,1,2,8
APA1788,0,0,1,1,1,3,7
TJB0540,1,0,0,1,1,3,10
ARC3034,1,0,1,0,1,3,9
ACW0464,0,0,1,1,1,3,7
RAF1290,0,0,0,1,1,2,6
HSP1675,1,0,1,0,1,3,9
PJC1252,1,0,1,0,1,3,9
ARC1223,0,0,1,1,1,3,7
MCS3301,0,0,0,1,1,2,6
AGF2302,0,0,1,1,0,2,3
OJT3599,1,0,0,1,0,2,6
BWG3220,1,0,0,1,1,3,10
AAC0610,1,0,1,0,1,3,9
ISH0051,0,1,1,0,1,3,7
SLB2519,0,0,0,1,1,2,6
FJA1848,1,0,0,1,1,3,10
THR3371,0,0,1,1,1,3,7
SLL0504,1,0,1,0,1,3,9
JPJ0227,0,0,1,1,1,3,7
KEH0665,0,0,0,0,1,1,4
LDB3304,1,0,0,1,1,3,10
ZWS3625,1,0,0,1,1,3,10
LAS3757,1,0,1,1,1,4,11
JDH1027,0,0,1,0,1,2,5
CBD0802,0,0,0,0,1,1,4
BBM3688,0,0,0,1,1,2,6
HNB2571,1,0,1,1,1,4,11
IPK2575,1,0,1,1,1,4,11
JKD1115,0,0,1,0,1,2,5
RKG2587,0,0,0,1,1,2,6
AVH3584,0,0,1,0,1,2,5
AJK0611,1,0,1,0,1,3,9
PXR3453,1,0,1,1,1,4,11
BNR2527,1,0,0,1,1,3,10
LMJ1783,0,0,1,1,1,3,7
TAP0631,1,0,1,1,1,4,11
CCW3901,1,0,1,1,1,4,11
RWN1705,0,0,1,1,1,3,7
ALN2046,0,0,1,1,1,3,7
AZK0622,0,0,1,1,1,3,7
ASK0599,1,0,1,0,1,3,9
WBL2852,1,0,0,0,1,2,8
OCC0107,0,0,0,1,1,2,6
GSS0841,1,0,0,1,1,3,10
BRB2143,1,0,0,1,1,3,10
JJA1399,0,0,1,1,1,3,7
BAB2968,0,0,1,1,1,3,7
OMP1671,0,0,1,1,1,3,7
EYD2871,1,0,0,0,1,2,8
CKL0697,1,0,0,1,1,3,10
CIG1277,0,0,0,1,1,2,6
INB3109,1,0,0,1,1,3,10
HBM0676,0,0,0,0,1,1,4
EPH2834,1,0,0,0,1,2,8
BCH3651,1,0,0,0,1,2,8
AGB0057,1,1,1,1,1,5,13
SHG1281,1,0,0,1,1,3,10
GNT0221,0,0,1,1,1,3,7
KJC3748,1,0,1,1,1,4,11
CMR1470,1,0,0,0,1,2,8
GRP0277,0,0,0,0,1,1,4
ASC0177,0,0,0,0,1,1,4
KBM3460,1,0,1,1,1,4,11
BDP3912,1,0,0,0,1,2,8
LQJ3060,0,0,1,1,1,3,7
KTD2249,1,0,0,1,1,3,10
GDY2724,0,0,0,1,1,2,6
FDH0299,0,0,0,1,1,2,6
MAP0215,1,1,1,1,1,5,13
MOB1914,1,0,1,1,1,4,11
IMH0562,1,0,0,1,1,3,10
CIS3471,0,0,1,1,1,3,7
ETM2542,0,0,0,1,1,2,6
CTP3877,0,0,1,1,1,3,7
TCH2216,1,0,0,0,1,2,8
BFR3250,0,0,0,1,1,2,6
DRB1780,1,0,1,1,1,4,11
TBS3382,1,0,1,1,1,4,11
BWW1159,0,0,0,1,1,2,6
AAM0138,0,1,1,0,1,3,7
KHC3350,1,0,0,1,1,3,10
AAB0162,1,0,1,1,1,4,11
UWB0395,0,0,1,0,1,2,5
BKC2698,0,0,0,1,1,2,6
TGP1343,1,0,0,0,1,2,8
PEC0475,0,0,1,1,0,2,3
KAG2599,0,0,0,0,1,1,4
AIJ3995,0,0,0,0,1,1,4
CWR0117,1,0,0,0,1,2,8
VTB2147,0,0,0,1,1,2,6
KAL1210,1,0,1,1,1,4,11
LDH0574,1,0,0,1,1,3,10
HET0359,0,1,1,0,1,3,7
ZLG3090,0,0,0,0,0,0,0
BHN2290,1,0,1,1,1,4,11
USC3486,1,0,1,1,1,4,11
HIP0148,0,0,1,1,1,3,7
MRS1520,0,0,0,1,1,2,6
BCL2082,0,0,0,1,1,2,6
MCB2802,0,0,0,1,1,2,6
MAH0590,0,0,0,0,0,0,0
BLL3585,1,0,1,0,1,3,9
NMM1560,1,0,0,1,1,3,10
RLH0358,0,1,1,0,0,2,3
DDC0980,1,0,1,1,1,4,11
WJC2637,1,0,0,1,1,3,10
BJS0053,0,1,1,0,1,3,7
CID3774,0,0,1,1,1,3,7
SMM3221,0,0,0,1,1,2,6
CFL0156,1,0,1,0,1,3,9
QFD1857,1,0,0,1,1,3,10
JDB1620,0,0,1,1,1,3,7
JCC0736,0,0,1,1,1,3,7
NDM2251,0,0,0,1,0,1,2
JAM1676,1,0,1,0,1,3,9
LAF2213,0,0,0,0,1,1,4
PHA0726,1,0,1,0,1,3,9
QSG3297,1,0,0,1,1,3,10
AGC0445,1,1,1,0,1,4,11
RSE2382,1,0,0,0,1,2,8
RCH2447,0,0,1,1,1,3,7
HLZ2414,0,0,1,1,0,2,3
SGF2611,0,0,0,0,1,1,4
ASW1918,0,0,1,1,1,3,7
ROB2744,1,0,0,0,1,2,8
MWH0347,1,0,0,0,0,1,4
RQR3924,0,0,0,0,0,0,0
RAA0675,1,0,0,0,1,2,8
VSF0004,0,1,1,0,1,3,7
LIG2813,0,0,0,1,1,2,6
RJM3227,1,0,0,1,1,3,10
EQT0195,1,0,0,1,1,3,10
LRM1922,1,0,1,1,1,4,11
CBR2229,0,0,0,1,1,2,6
KBP0899,1,0,0,0,1,2,8
DWY3973,0,0,0,1,1,2,6
PDG2607,0,0,0,0,1,1,4
CLA1285,0,0,0,1,1,2,6
GKB2807,1,0,0,1,1,3,10
CAM3050,0,0,1,0,1,2,5
TZM0851,1,0,0,1,1,3,10
DSJ1384,1,0,1,0,1,3,9
DJS1127,0,0,0,0,1,1,4
JFL2674,0,0,1,0,1,2,5
SES2670,1,0,1,0,1,3,9
BRJ2151,1,0,0,1,1,3,10
FCY1157,0,0,0,1,1,2,6
STC3053,1,0,1,0,1,3,9
CNW2408,1,0,1,1,1,4,11
CKD3861,0,0,1,0,0,1,1
DOC1734,1,0,0,1,1,3,10
JJS3884,1,0,1,0,1,3,9
BGH2610,1,0,0,0,0,1,4
LIM1718,1,0,0,0,1,2,8
BDA1906,1,0,1,1,0,3,7
UMF2894,1,0,1,0,1,3,9
HEB3754,1,0,1,1,1,4,11
TDC3116,1,0,0,1,1,3,10
JGR2327,1,0,1,0,1,3,9
WET2108,1,0,0,1,1,3,10
HDC0789,0,0,0,1,1,2,6
DBS1363,1,0,1,1,1,4,11
MMS0241,1,0,1,1,1,4,11
ACS1921,0,0,1,1,1,3,7
TGH3351,1,0,1,1,1,4,11
VHM2280,1,0,1,0,1,3,9
SLC0017,1,1,1,0,1,4,11
CRL2357,1,0,1,0,1,3,9
NCT3492,0,0,1,0,1,2,5
WSE1949,1,0,0,0,1,2,8
BJR0774,0,0,0,0,1,1,4
MNB2570,0,0,1,1,1,3,7
CCT2165,0,0,0,0,1,1,4
CUL3015,1,0,1,0,1,3,9
MRE3723,0,0,1,0,1,2,5
BBV3875,1,0,1,1,1,4,11
WVM1669,1,0,1,1,1,4,11
BBM2604,1,0,0,0,1,2,8
DAL1943,1,0,1,1,1,4,11
AGM3372,1,0,1,1,1,4,11
KRD2100,1,0,0,0,1,2,8
JEH2847,0,0,0,0,1,1,4
EIH0064,0,0,1,1,1,3,7
GST1100,0,0,1,1,1,3,7
TEC2300,0,0,1,1,0,2,3
GTL3389,1,0,1,1,1,4,11
SKM1369,0,0,1,1,1,3,7
RKH1569,1,0,0,1,1,3,10
DWB3415,0,0,1,1,1,3,7
LNR0556,1,0,0,0,0,1,4
RAH1514,0,0,0,1,1,2,6
SVM0077,0,0,1,1,1,3,7
LMH3831,0,1,1,1,1,4,9
TKM1539,0,0,0,0,1,1,4
DAH3324,0,0,0,1,1,2,6
CMS0010,1,1,1,0,1,4,11
LOP1055,0,0,1,1,1,3,7
NMC3998,0,0,0,0,1,1,4
KLC3364,1,0,1,1,1,4,11
QMV2796,0,0,0,1,1,2,6
KIC2314,0,0,1,0,1,2,5
GFK3498,0,0,1,0,1,2,5
CNP1183,1,0,0,1,1,3,10
LPH3918,0,0,0,0,1,1,4
SOH3595,1,0,0,1,1,3,10
SOM2865,1,0,0,0,1,2,8
JCS0380,0,0,1,0,1,2,5
QGH0041,1,0,1,1,1,4,11
NRN2936,0,0,1,1,0,2,3
QJO1715,1,0,1,0,1,3,9
RSG2931,1,0,1,1,1,4,11
GRL2886,1,0,1,0,1,3,9
NNB2730,1,0,0,1,1,3,10
MCW3493,0,0,1,0,1,2,5
LAC0994,0,0,0,0,1,1,4
CSB1660,1,0,1,1,1,4,11
IRC3952,0,0,0,1,1,2,6
DHS2419,1,0,1,1,1,4,11
DMJ1815,1,0,1,0,1,3,9
TTF2920,1,0,1,1,1,4,11
BSS3551,0,0,1,0,1,2,5
SWK1436,1,0,0,0,1,2,8
DDW3361,1,0,1,1,1,4,11
JSM3633,1,0,0,0,1,2,8
CHB3396,0,0,1,1,1,3,7
EAH1653,1,0,1,1,1,4,11
CTM1961,0,0,0,0,1,1,4
BGR1991,1,0,0,0,1,2,8
MMW1927,1,0,1,1,1,4,11
IIM1947,1,0,1,1,1,4,11
KCR0468,0,0,1,1,1,3,7
KCH3224,0,0,0,1,1,2,6
MEC0781,1,0,0,0,0,1,4
TJM3340,0,0,0,1,1,2,6
CKM0405,1,1,1,0,1,4,11
AEK3566,0,0,0,0,1,1,4
TAP0664,1,0,0,0,1,2,8
BAW1019,0,0,0,1,1,2,6
HOE0301,0,0,0,1,1,2,6
RTM0849,0,0,0,1,1,2,6
EEH0965,1,0,1,0,1,3,9
MKR2258,0,0,1,0,1,2,5
HUC1396,0,0,1,1,1,3,7
KAP2430,1,0,1,0,1,3,9
MME3399,0,0,1,1,1,3,7
RMO2439,1,0,1,0,1,3,9
AJC0722,0,0,1,1,1,3,7
MBA2092,1,0,0,0,1,2,8
PRH2431,0,0,1,0,1,2,5
SAT3766,1,0,1,1,1,4,11
CMS1900,1,0,0,0,1,2,8
ESB2888,0,0,1,0,1,2,5
HNV3655,0,0,0,0,1,1,4
NHN0711,0,0,0,1,0,1,2
QYG1180,1,0,0,1,1,3,10
ABS0677,1,0,0,0,1,2,8
JNW2037,1,0,1,1,1,4,11
MAL2345,1,0,1,0,1,3,9
KCL2310,0,0,1,1,1,3,7
ELW1413,0,0,0,0,1,1,4
QKP3927,0,0,0,0,1,1,4
HMT1024,0,0,1,1,1,3,7
AHP0154,1,0,1,0,1,3,9
JDC3713,1,0,1,0,1,3,9
DNB3545,0,0,1,0,0,1,1
NJH0196,1,0,0,1,1,3,10
CBC0952,0,0,1,0,1,2,5
DMA3455,1,0,1,1,1,4,11
TCG1262,1,0,1,0,1,3,9
EGB3624,0,0,0,1,1,2,6
JDH0295,0,1,1,1,1,4,9
PHB0124,0,0,0,0,1,1,4
ADB3853,1,0,1,0,1,3,9
NMP3872,0,0,1,1,1,3,7
WBM1045,1,0,1,1,1,4,11
DEF0998,1,0,0,0,1,2,8
CRP2489,0,0,0,1,1,2,6
HAG3665,1,0,0,1,1,3,10
DLW2729,0,0,0,1,0,1,2
CSM2819,1,0,0,1,1,3,10
JCH2963,0,0,1,1,1,3,7
HGD1664,0,0,1,1,1,3,7
STJ2043,0,0,1,1,1,3,7
MJF0334,0,0,0,1,1,2,6
BKA0175,1,0,0,0,1,2,8
TAP1086,0,0,1,0,1,2,5
CSR3140,1,0,0,0,0,1,4
BAH1259,0,0,1,0,1,2,5
TCP2520,0,0,0,1,1,2,6
CGG2688,1,0,1,1,1,4,11
SJD3032,0,0,1,0,1,2,5
MQM1638,1,0,1,1,1,4,11
BKM3410,0,0,1,1,1,3,7
NJS2657,0,0,0,0,1,1,4
KMB3781,0,0,1,1,1,3,7
WJW3627,0,0,0,1,1,2,6
BMM0462,0,0,1,1,1,3,7
NIR3987,1,0,0,0,1,2,8
AEW1442,1,0,0,0,1,2,8
IKM1808,1,0,1,0,1,3,9
KJS1940,0,0,1,1,1,3,7
DLM2440,0,0,1,0,1,2,5
IKK3333,0,0,0,1,1,2,6
MKJ1574,0,0,0,1,1,2,6
QGS1841,0,0,0,1,1,2,6
ARJ0912,1,0,1,0,1,3,9
TDV3188,0,0,1,1,1,3,7
NRK3448,1,0,1,1,1,4,11
RHM3909,0,0,0,0,1,1,4
BMC3061,1,0,1,1,1,4,11
RPG0403,1,1,1,0,1,4,11
JHD2499,0,0,0,1,1,2,6
MNP0290,0,1,1,1,1,4,9
LCK1403,1,0,1,1,1,4,11
MBR3648,1,0,0,0,1,2,8
NHH3276,0,0,0,1,0,1,2
EKK0503,0,0,1,0,1,2,5
RCB2424,0,0,1,0,1,2,5
ADM0765,0,0,1,1,1,3,7
BAB0518,0,0,1,1,1,3,7
DCC3689,0,0,0,1,1,2,6
VBN0984,0,0,1,1,1,3,7
PAS2864,1,0,0,0,1,2,8
BOV1609,1,0,1,1,1,4,11
SCL2577,1,0,1,1,1,4,11
SCR0898,0,0,0,0,1,1,4
BCB0294,1,1,1,1,1,5,13
AAC3270,1,0,0,0,1,2,8
NHR1220,1,0,1,1,1,4,11
JHH2770,1,0,0,1,1,3,10
VNG0916,0,0,1,0,1,2,5
VJM2715,1,0,0,1,1,3,10
BCO0877,0,0,0,0,1,1,4
RTA1201,0,0,0,1,0,1,2
MSR2850,1,0,0,0,0,1,4
GDS3165,1,0,0,1,1,3,10
GVC1358,1,0,1,1,1,4,11
TJS3067,1,0,1,1,1,4,11
JKG3329,1,0,0,1,1,3,10
GRY1398,1,0,1,1,1,4,11
RNM0466,1,0,1,1,1,4,11
CQH1505,1,0,0,1,1,3,10
ADM0158,1,0,1,0,1,3,9
BHM0430,0,1,1,1,1,4,9
AUA0826,0,0,0,0,1,1,4
TDV1034,0,0,1,0,1,2,5
IJC1553,0,0,0,0,0,0,0
WGM1823,1,0,0,1,1,3,10
MNB3094,0,0,0,0,1,1,4
LBG0407,0,0,1,0,1,2,5
CHM2081,0,0,0,1,1,2,6
ACP2122,0,0,0,1,1,2,6
NBP0217,1,0,1,1,1,4,11
ROH3778,1,0,1,1,1,4,11
WES2531,0,0,0,1,1,2,6
LLG1238,1,0,1,0,1,3,9
TJL2113,0,0,0,1,1,2,6
ZHT3869,1,0,1,1,1,4,11
RHG1647,0,0,1,1,1,3,7
KAB1420,1,0,0,1,1,3,10
AED1421,1,0,0,1,1,3,10
EJG1655,1,0,1,1,1,4,11
AFB3228,1,0,0,1,1,3,10
DNM3903,0,0,1,1,1,3,7
CAC3741,1,0,1,1,1,4,11
KIC1000,1,0,1,1,1,4,11
LBW3159,1,0,0,1,1,3,10
NNJ1215,1,0,1,1,1,4,11
VNC1607,0,0,1,1,1,3,7
SIP2293,0,0,1,1,1,3,7
AJV0176,1,0,0,0,0,1,4
KNM1674,0,0,1,0,1,2,5
LIC0203,0,0,0,1,1,2,6
AJS3021,1,0,1,0,1,3,9
BAB0541,0,0,0,1,1,2,6
FFP2270,1,0,1,0,1,3,9
GDF3524,1,0,0,0,0,1,4
EJS1338,1,0,0,0,1,2,8
NJP1439,1,0,0,0,1,2,8
XKW2303,0,0,1,1,1,3,7
LCW0047,1,0,1,1,1,4,11
IKT0917,0,0,1,0,0,1,1
KRH1028,1,0,1,0,1,3,9
FZM0318,1,1,1,1,0,4,9
XCL1792,1,0,1,1,1,4,11
CMH0776,0,0,0,0,0,0,0
CBG1142,1,0,0,1,1,3,10
DHB2364,1,0,1,0,1,3,9
CAG2442,1,0,1,0,1,3,9
KEC2465,0,0,1,0,1,2,5
MCY0601,0,0,1,0,1,2,5
TKP0210,1,1,1,1,1,5,13
ZAR2140,0,0,0,1,1,2,6
ITM0906,1,0,0,0,1,2,8
LIW0379,0,0,1,0,1,2,5
TKD2115,1,0,0,1,1,3,10
CHB3647,0,0,0,0,1,1,4
MDE2114,1,0,0,1,1,3,10
QJA3887,1,0,1,0,1,3,9
LBF1992,1,0,0,0,1,2,8
APP3678,0,0,0,1,1,2,6
AKI3229,1,0,0,1,1,3,10
APS3553,0,0,1,0,1,2,5
CSE1265,0,0,0,1,1,2,6
BJM2491,0,0,0,1,1,2,6
AKW1679,0,0,1,0,1,2,5
JDC2176,1,0,0,1,1,3,10
QSG2525,1,0,0,1,1,3,10
HLO2756,0,0,0,1,1,2,6
GDM3960,0,0,0,1,1,2,6
NJS2473,1,0,1,0,1,3,9
MKC2767,0,0,0,1,1,2,6
RKE1589,1,0,1,1,1,4,11
YNR2544,0,0,0,1,0,1,2
LMH1987,0,0,0,1,1,2,6
VCR3103,1,0,0,1,1,3,10
KLM1357,1,0,1,1,1,4,11
ODB1853,1,0,0,1,1,3,10
MKO0749,1,0,1,1,1,4,11
UCM3537,0,0,0,0,1,1,4
DJA0740,0,0,1,1,1,3,7
KBV1602,1,0,1,1,1,4,11
MBL1247,0,0,1,0,1,2,5
DZW0126,1,0,0,0,1,2,8
HCH3338,0,0,0,1,1,2,6
LBM0614,0,0,1,0,0,1,1
SVM3947,1,0,0,1,1,3,10
LAO2771,1,0,0,1,1,3,10
LWH0180,1,0,0,0,1,2,8
RAH3181,1,0,0,1,0,2,6
CSM3502,1,0,1,0,1,3,9
ARP1144,1,0,0,1,1,3,10
SBJ3628,1,0,0,1,1,3,10
MCH3354,0,0,1,1,1,3,7
NGV3638,1,0,0,0,0,1,4
PDC1453,1,0,0,0,1,2,8
SNV2423,0,0,1,1,1,3,7
MNC3485,0,0,1,0,1,2,5
SBG3983,1,0,0,0,1,2,8
ZVS1637,1,0,1,1,1,4,11
ULP1169,0,0,0,1,1,2,6
CDW2000,0,0,0,0,1,1,4
ACL2943,1,0,1,1,1,4,11
YKW1763,0,0,1,0,1,2,5
OJM1324,0,0,0,0,1,1,4
SRC2524,1,0,0,1,1,3,10
XAB3746,0,0,1,1,1,3,7
EMH1957,0,0,0,0,1,1,4
WGC1081,1,0,1,0,1,3,9
ESN2683,1,0,1,1,1,4,11
WNO1466,1,0,0,0,1,2,8
WMM3904,1,0,1,1,1,4,11
CHL3430,0,0,1,1,1,3,7
CPM1627,1,0,1,1,0,3,7
BMR1662,1,0,1,1,1,4,11
TCR3994,1,0,0,0,1,2,8
BKS1860,1,0,0,1,1,3,10
REL3735,1,0,1,0,1,3,9
CHH2272,1,0,1,0,1,3,9
TJT3412,1,0,1,1,1,4,11
AHH1966,1,0,0,1,1,3,10
IRW2130,0,0,0,1,1,2,6
KKP2284,1,0,1,1,1,4,11
ANH3059,0,0,1,1,1,3,7
CTG3770,1,0,1,1,1,4,11
MHH0034,1,0,1,1,1,4,11
KRM3125,1,0,1,0,1,3,9
FSM0056,0,1,1,1,1,4,9
AKS3496,1,0,1,0,0,2,5
GAB1885,1,0,0,0,1,2,8
HCS2231,0,0,0,1,1,2,6
CKC3072,1,0,0,0,1,2,8
JSN0214,1,1,1,1,0,4,9
CBM0410,1,0,1,0,1,3,9
PLH1807,1,0,1,0,1,3,9
ACG3819,0,0,1,1,1,3,7
NIW3071,0,0,0,0,1,1,4
FPL3129,1,0,1,0,1,3,9
TCB0061,0,1,1,0,1,3,7
WGD3156,0,0,0,1,1,2,6
BLS1973,1,0,0,1,1,3,10
AHG1408,0,0,0,0,1,1,4
RMR0341,0,0,0,0,1,1,4
ATB1273,0,0,0,1,1,2,6
CKP3600,0,0,0,1,0,1,2
JJB3398,0,0,1,1,1,3,7
TSS3643,1,0,0,0,1,2,8
ACW1707,1,0,1,0,1,3,9
SHW3011,0,0,0,1,1,2,6
PTS0531,0,0,0,0,1,1,4
KNS2828,0,0,0,0,1,1,4
GVC0049,1,0,1,1,0,3,7
DLM0608,1,0,1,0,1,3,9
DCM3596,1,0,0,1,1,3,10
WNC0858,1,0,0,1,1,3,10
MSP3845,0,1,1,0,1,3,7
CDP2892,1,0,1,0,1,3,9
JCB2089,1,0,0,0,1,2,8
KBA1020,1,0,0,1,1,3,10
GJB2659,1,0,0,0,1,2,8
ACM2278,1,0,1,0,0,2,5
NPR1612,0,0,1,1,0,2,3
RIJ2470,1,0,1,0,1,3,9
RRA0643,1,0,1,1,1,4,11
GOM0090,0,0,1,1,1,3,7
LRT0447,0,0,1,1,1,3,7
ACB0701,1,0,0,1,1,3,10
NRG1562,0,0,0,1,1,2,6
LAN2608,0,0,0,0,1,1,4
HBB1759,1,0,1,0,1,3,9
CGW3093,1,0,0,0,1,2,8
KDT1190,0,0,0,1,1,2,6
CCH1724,1,0,1,1,1,4,11
SJB2984,0,0,1,1,1,3,7
SXR0964,0,0,1,0,1,2,5
NDS1897,0,0,0,0,0,0,0
GMA1698,1,0,1,0,1,3,9
RIK1631,1,0,1,1,1,4,11
SAM3862,0,0,1,0,1,2,5
SJG1194,0,0,0,1,1,2,6
NBW2810,1,0,0,1,1,3,10
RPW2445,0,0,1,1,1,3,7
RTW2758,0,0,0,1,1,2,6
BRC1811,0,0,1,0,1,2,5
NYS2040,1,0,1,1,1,4,11
POD0750,0,0,1,1,1,3,7
MNW2267,0,0,1,0,1,2,5
DYH0315,1,1,1,1,1,5,13
KCH2475,0,0,0,0,1,1,4
PIM3569,0,0,0,0,1,1,4
KSM1772,1,0,1,0,1,3,9
BTG3468,0,0,1,1,1,3,7
HCF2857,0,0,0,0,0,0,0
SLD1639,1,0,1,1,1,4,11
NNJ2986,1,0,1,1,1,4,11
WBB2321,1,0,1,0,1,3,9
KOP3802,1,0,1,1,1,4,11
HYV1658,0,0,1,1,1,3,7
IGB1902,0,0,0,0,1,1,4
SHC1585,0,0,1,1,1,3,7
GUC3945,1,0,0,1,1,3,10
LCC2503,1,0,0,1,1,3,10
KBG1117,1,0,1,0,1,3,9
DOW1266,0,0,0,1,1,2,6
CEB3714,1,0,1,0,1,3,9
HWP0364,1,1,1,0,1,4,11
CMC1642,1,0,1,1,1,4,11
RPF2614,1,0,0,1,1,3,10
LNB2991,0,0,1,1,1,3,7
SDB3500,1,0,1,0,1,3,9
QGS3009,0,0,0,1,1,2,6
ADV2467,0,0,1,0,1,2,5
LIC3646,1,0,0,0,1,2,8
ETB0828,1,0,0,0,1,2,8
CDS2792,1,0,0,1,1,3,10
JWB1519,0,0,0,1,1,2,6
ZER0085,1,0,1,0,1,3,9
KNL0918,0,0,1,0,1,2,5
MAR2386,1,0,0,0,1,2,8
NLP0155,0,0,1,0,1,2,5
WYC3397,1,0,1,1,1,4,11
COD2351,0,0,1,0,1,2,5
JSB0320,1,1,1,1,1,5,13
GMY3938,1,0,0,1,0,2,6
HAL1200,1,0,0,1,1,3,10
KEF0629,0,0,1,1,0,2,3
NKN3153,1,0,0,1,1,3,10
AKL1605,0,0,1,1,1,3,7
INR0927,0,0,1,0,1,2,5
BWA2593,1,0,0,1,1,3,10
HES2103,1,0,0,1,0,2,6
RAS0223,0,0,1,1,1,3,7
KMB1379,0,0,1,0,1,2,5
GSA2720,0,0,0,1,1,2,6
GFV3163,1,0,0,1,1,3,10
RMR2694,0,0,0,1,1,2,6
XFF1302,0,0,0,1,0,1,2
THF2879,1,0,1,0,1,3,9
RMB0885,1,0,0,0,1,2,8
DWB3085,0,0,0,0,1,1,4
HNM3405,1,0,1,1,1,4,11
UMB0055,0,1,0,0,1,2,6
ADM0923,1,0,1,0,1,3,9
WZG3563,0,0,0,0,1,1,4
SAB1954,0,0,0,0,1,1,4
XJB0548,0,0,0,0,1,1,4
RNB0519,0,0,1,1,1,3,7
ABK0481,1,0,1,1,0,3,7
KEW2795,0,0,0,1,1,2,6
ALP2955,0,0,1,1,1,3,7
KNB0560,0,0,0,0,1,1,4
DBS0880,0,0,0,0,1,1,4
CCB3055,0,0,1,0,1,2,5
WEV2867,0,0,0,0,1,1,4
REC2555,1,0,1,0,1,3,9
IHW2112,1,0,0,1,1,3,10
SGP1124,0,0,0,0,1,1,4
MAY0978,0,0,1,1,1,3,7
WAA2573,1,0,1,1,0,3,7
DBC3871,0,0,1,1,1,3,7
RRT1417,0,0,0,0,1,1,4
KCB1975,1,0,0,1,1,3,10
SJS0323,0,1,1,1,0,3,5
PLH0411,1,0,1,0,1,3,9
IMS2191,0,0,0,1,1,2,6
DSB2734,0,0,0,0,1,1,4
ACG0312,1,0,0,1,1,3,10
GSM0930,1,0,1,0,1,3,9
CBG2875,1,0,1,0,1,3,9
WAS2214,1,0,0,0,1,2,8
CHA3190,1,0,1,1,1,4,11
SRR2711,1,0,0,1,1,3,10
XIW0171,0,0,0,0,1,1,4
KPB1123,1,0,1,0,1,3,9
SKF2105,0,0,0,1,0,1,2
RJM3957,1,0,0,1,1,3,10
HBS2551,1,0,0,1,1,3,10
GES2626,0,0,0,1,1,2,6
YBJ0071,0,0,1,1,1,3,7
SME1984,1,0,0,1,1,3,10
MUH3099,1,0,0,0,1,2,8
MDM2496,1,0,0,1,1,3,10
CJM0584,1,0,0,0,0,1,4
BIT2790,0,0,0,1,1,2,6
UCW2995,0,0,1,1,1,3,7
ATC0218,1,0,1,1,1,4,11
MAM2630,0,0,0,1,1,2,6
SKB2635,0,0,0,1,1,2,6
MSB2786,1,0,0,1,1,3,10
KKS3790,0,0,1,1,1,3,7
SAR2066,0,0,1,1,1,3,7
QIC1832,1,0,0,1,1,3,10
YHB2355,0,0,1,0,1,2,5
LSM2234,1,0,0,1,1,3,10
LNK3345,1,0,0,1,1,3,10
CAM0679,1,0,0,1,1,3,10
AZA1012,0,0,0,1,1,2,6
POS0615,1,0,1,0,1,3,9
RCL0068,0,1,1,1,1,4,9
VDH0766,0,0,1,1,1,3,7
DHL2219,1,0,0,0,1,2,8
TDR0111,0,0,0,0,0,0,0
BFD1111,0,0,1,0,1,2,5
IRS1337,0,0,0,0,1,1,4
TRW3172,1,0,0,1,1,3,10
AAC0668,1,0,0,0,1,2,8
SGR1164,0,0,0,1,1,2,6
RCD2501,1,0,0,1,1,3,10
RJH3796,1,0,1,1,1,4,11
GHM3953,0,0,0,1,1,2,6
VON3443,0,0,1,1,1,3,7
PDM0304,0,0,0,1,1,2,6
SCP3664,1,0,0,1,1,3,10
TBL2581,1,0,1,1,1,4,11
LFS0392,1,0,1,0,1,3,9
MLV0088,0,0,1,1,1,3,7
JIP3170,0,0,0,1,1,2,6
BMC3636,1,0,0,0,1,2,8
VSC0775,0,0,0,0,1,1,4
ERF2472,1,0,1,0,1,3,9
WTG3411,0,0,1,1,1,3,7
CLD1641,1,0,1,1,1,4,11
FGC0114,1,0,0,0,1,2,8
FCY1819,1,0,1,0,1,3,9
VPG2530,1,0,0,1,1,3,10
SME0418,1,0,1,1,1,4,11
ATM1003,0,0,0,0,1,1,4
JMV0602,0,0,1,0,1,2,5
SZC2235,1,0,0,1,0,2,6
GPL1911,1,0,1,1,1,4,11
JIB1218,0,0,1,1,1,3,7
GSH1593,0,0,1,1,1,3,7
LRS1165,1,0,0,1,1,3,10
ADG1430,1,0,0,1,1,3,10
BHD2088,0,0,0,0,1,1,4
JDB0738,1,0,1,1,1,4,11
GLN2107,1,0,0,1,1,3,10
WRJ2184,1,0,0,1,1,3,10
KSH0672,1,0,0,0,1,2,8
SWE3155,0,0,0,1,1,2,6
QXH0396,1,0,1,0,0,2,5
RAS0356,0,1,1,1,1,4,9
CGB2215,1,0,0,0,1,2,8
CBB2904,1,0,1,1,1,4,11
MMD2022,0,0,0,1,1,2,6
MSB0830,0,0,0,0,1,1,4
NBR1873,1,0,0,1,1,3,10
RTP0754,1,0,1,1,1,4,11
ZJA2373,1,0,1,1,1,4,11
HYK3300,0,0,0,1,1,2,6
BKF2204,1,0,0,0,1,2,8
KCF0450,1,0,1,1,1,4,11
NCR2854,1,0,0,0,1,2,8
CHH3583,1,0,1,0,1,3,9
NEC2033,1,0,1,1,1,4,11
PAA2738,1,0,0,0,1,2,8
CIJ3941,1,0,0,1,1,3,10
BEH2307,0,0,1,1,1,3,7
KLD2255,0,0,1,0,0,1,1
LND2704,0,0,0,1,1,2,6
KCO0287,0,1,1,0,1,3,7
SDM3560,0,0,0,0,1,1,4
TEW0693,1,0,0,1,0,2,6
KVB3830,1,0,1,1,1,4,11
EJP2975,1,0,1,1,1,4,11
HDB1666,1,0,1,1,1,4,11
LAR0625,0,0,1,1,1,3,7
GKA3690,1,0,0,1,1,3,10
SKM1287,0,0,0,1,1,2,6
MCJ3137,0,0,0,0,1,1,4
CSM1212,0,0,1,1,1,3,7
NDW1863,1,0,0,1,1,3,10
EDJ1970,0,0,0,1,1,2,6
BLB1876,1,0,0,1,1,3,10
TDK1689,0,0,1,0,1,2,5
JHF0480,0,0,1,1,1,3,7
LOC0416,0,0,1,0,1,2,5
XEJ0773,0,0,0,0,1,1,4
JCP3883,1,0,1,0,1,3,9
BQW1904,1,0,1,1,1,4,11
FES3442,0,0,1,1,1,3,7
CCG1025,0,0,1,0,1,2,5
EGP2104,0,0,0,1,1,2,6
AMB3100,0,0,0,0,1,1,4
AGS2462,1,0,1,0,1,3,9
SWE1349,0,0,1,1,1,3,7
ASK2349,0,0,1,0,1,2,5
ACA0360,1,1,1,0,1,4,11
DHG0533,0,0,0,0,1,1,4
ZAP1762,0,0,1,0,1,2,5
NSC1939,0,0,1,1,1,3,7
MRT1855,1,0,0,1,1,3,10
KNA1279,1,0,0,1,1,3,10
BNK0087,1,0,1,1,1,4,11
MDS0759,1,0,1,1,1,4,11
CKL3556,0,0,0,0,1,1,4
BIG3946,0,0,0,1,0,1,2
UYW1162,0,0,0,1,1,2,6
MHM2370,0,0,1,0,1,2,5
MCF3187,1,0,1,1,1,4,11
SJG1510,1,0,0,1,1,3,10
ZXM3086,0,0,0,0,1,1,4
RHO0678,1,0,0,0,1,2,8
QKV2583,0,0,1,1,1,3,7
YJP2791,0,0,0,1,1,2,6
IHH2831,1,0,0,0,1,2,8
KBB0460,1,0,1,1,1,4,11
ISR1364,1,0,1,1,1,4,11
KAA2259,0,0,1,0,1,2,5
KCT3965,0,0,0,1,1,2,6
GJG1087,0,0,1,0,1,2,5
BKR3302,1,0,0,1,0,2,6
TSH3841,0,1,1,1,1,4,9
OAW3013,1,0,1,1,1,4,11
RJB1424,0,0,0,1,1,2,6
HKA0686,1,0,0,1,1,3,10
DBG3320,1,0,0,1,1,3,10
KFG2735,0,0,0,0,1,1,4
CBA1023,1,0,1,0,1,3,9
JJB1598,1,0,1,1,1,4,11
HLC0943,0,0,1,0,1,2,5
XRP3102,1,0,0,1,1,3,10
DTH1333,0,0,0,0,0,0,0
SLM2404,1,0,1,1,1,4,11
SHB3512,0,0,1,1,1,3,7
ABG3605,1,0,0,1,1,3,10
SBH3683,0,0,0,1,1,2,6
MBP1960,1,0,0,0,1,2,8
ADS2428,0,0,1,0,1,2,5
RFB2959,0,0,1,1,1,3,7
AVV2056,0,0,1,1,1,3,7
RKL2682,1,0,1,1,1,4,11
TJB2532,1,0,0,1,1,3,10
IIB2553,1,0,0,1,1,3,10
GAF2480,1,0,0,0,1,2,8
DCC2999,1,0,0,0,1,2,8
REF3266,0,0,0,0,1,1,4
TRC1831,0,0,0,1,1,2,6
JSB2942,0,0,1,1,1,3,7
SCJ2279,0,0,1,0,1,2,5
KAG0689,0,0,0,1,1,2,6
KSN3347,0,0,0,1,0,1,2
ARV0704,0,0,0,1,1,2,6
ILS0713,1,0,0,1,1,3,10
LRS1168,1,0,0,1,1,3,10
JZM1335,0,0,0,0,1,1,4
AFB1626,0,0,1,1,1,3,7
CSC0233,1,0,1,1,1,4,11
RSV3166,0,0,0,1,0,1,2
KEC0785,1,0,0,1,1,3,10
TDG2727,1,0,0,1,1,3,10
RJM0343,1,0,0,0,1,2,8
DTA2223,0,0,0,1,1,2,6
DDG0528,1,0,0,0,1,2,8
CSG1600,1,0,1,1,1,4,11
GDB2960,0,0,1,1,1,3,7
ZCR0558,0,0,0,0,1,1,4
HUM0431,0,1,1,1,1,4,9
HYF1048,1,0,1,1,1,4,11
HJH2977,0,0,1,1,1,3,7
TZG2263,0,0,1,0,1,2,5
OBH3008,1,0,0,1,1,3,10
DEY2638,0,0,0,1,1,2,6
ALB1254,1,0,1,0,0,2,5
KDT3290,1,0,0,1,1,3,10
MDM3580,0,0,1,0,1,2,5
URC3818,1,0,1,1,1,4,11
CDC3413,1,0,1,1,1,4,11
TPM3141,1,0,0,0,1,2,8
REG2171,0,0,0,0,1,1,4
DBF3635,1,0,0,0,1,2,8
WRM2803,1,0,0,1,1,3,10
CSG0135,1,1,1,1,1,5,13
TAM2031,0,0,1,1,1,3,7
ABH2671,0,0,1,0,1,2,5
RDA3381,0,0,1,1,1,3,7
RNB2679,1,0,1,1,0,3,7
DCB0401,1,1,1,0,1,4,11
KLM0714,1,0,1,1,1,4,11
KNM1154,1,0,0,1,1,3,10
ESH1283,0,0,0,1,1,2,6
EBD2562,1,0,1,0,1,3,9
NDW3217,0,0,0,1,1,2,6
VJB1699,1,0,1,0,1,3,9
BXT2678,0,0,1,0,1,2,5
TZY3133,1,0,1,0,0,2,5
NAK2784,1,0,0,1,1,3,10
NJL2478,1,0,0,0,1,2,8
AIB1567,1,0,0,1,1,3,10
LGF1503,0,0,0,0,1,1,4
NBD2469,0,0,1,0,1,2,5
ANF3332,1,0,0,1,1,3,10
JGN1767,0,0,1,0,1,2,5
GND1618,0,0,1,1,1,3,7
HLC1172,1,0,0,1,1,3,10
ALH1494,1,0,0,0,1,2,8
DIW1749,0,0,1,1,1,3,7
MLG2305,0,0,1,1,1,3,7
ADW2832,1,0,0,0,1,2,8
CSR1682,1,0,1,0,1,3,9
PSP3592,0,0,0,1,1,2,6
HMG0642,0,0,1,1,1,3,7
ZTB2410,1,0,1,1,1,4,11
CJS1986,0,0,0,1,1,2,6
BJC3423,1,0,1,1,1,4,11
RPS3617,0,0,0,1,1,2,6
LRU3765,1,0,1,1,1,4,11
DFC2060,1,0,1,1,1,4,11
FBM3728,1,0,1,0,1,3,9
SHN0104,1,0,0,1,0,2,6
OHD2274,0,0,1,0,1,2,5
DWB0865,1,0,0,1,1,3,10
URC2874,1,0,1,0,1,3,9
CQS2883,0,0,1,0,1,2,5
SSA0346,0,0,0,0,1,1,4
AVH0566,1,0,0,1,1,3,10
KSW3237,1,0,0,1,1,3,10
SCC2526,1,0,0,1,1,3,10
JCC0059,0,1,1,1,0,3,5
ALL0289,0,1,1,0,1,3,7
MCB0591,1,0,1,0,1,3,9
EKH0934,0,0,1,0,1,2,5
SCM3950,0,0,0,1,1,2,6
BMH1069,0,0,1,1,1,3,7
SAM2567,0,0,1,0,1,2,5
JBI0654,1,0,0,0,1,2,8
AJW1246,0,0,1,0,1,2,5
CAG3049,1,0,1,0,1,3,9
ILK3668,0,0,0,1,0,1,2
ADB1105,1,0,1,1,0,3,7
TAE1559,0,0,0,1,1,2,6
SJR0452,1,0,1,1,1,4,11
NLN0513,1,0,1,1,1,4,11
QAS1692,0,0,1,0,1,2,5
LRF0101,1,0,0,0,1,2,8
AIP1614,0,0,1,1,1,3,7
MMH2878,1,0,1,0,1,3,9
LDW0620,0,0,1,0,1,2,5
BOJ2179,1,0,0,1,1,3,10
KGS3466,1,0,1,1,1,4,11
YCL0650,0,0,0,0,1,1,4
WUH2238,0,0,0,1,1,2,6
DGG3429,1,0,1,1,0,3,7
KLM2448,0,0,1,1,1,3,7
RGR0706,0,0,0,1,1,2,6
RJS3256,1,0,0,0,0,1,4
SDE2662,1,0,0,0,1,2,8
MCK0435,1,1,1,0,1,4,11
RJF3634,1,0,0,0,0,1,4
RXN2265,0,0,1,0,1,2,5
ZNA0921,1,0,1,0,1,3,9
LAW1407,1,0,0,0,1,2,8
DJH0971,1,0,1,1,1,4,11
JUL1835,1,0,0,1,1,3,10
MKN3375,1,0,1,1,1,4,11
LJH2619,0,0,0,1,1,2,6
XIW2655,0,0,0,0,1,1,4
JJB2367,1,0,1,0,1,3,9
OUH0741,1,0,1,1,1,4,11
SER2158,1,0,0,0,1,2,8
HLS2733,1,0,0,1,1,3,10
JEM0546,1,0,0,0,1,2,8
RHF0046,0,0,1,1,1,3,7
MND1058,1,0,1,1,0,3,7
AAS3428,1,0,1,1,1,4,11
JRB1080,0,0,1,0,1,2,5
LCH1789,0,0,1,1,1,3,7
SSA1793,0,0,1,0,1,2,5
GWM3260,0,0,0,0,1,1,4
ACW0426,0,0,1,1,1,3,7
MEB2241,1,0,0,1,1,3,10
TTB0471,1,0,1,1,1,4,11
PSG1938,1,0,1,1,0,3,7
FVK1623,1,0,1,1,1,4,11
SHT3548,1,0,1,0,1,3,9
NEW2490,0,0,0,1,1,2,6
JSH0887,1,0,0,0,1,2,8
NNF3968,0,0,0,1,1,2,6
VZG2484,0,0,0,0,1,1,4
MAC3214,1,0,0,1,1,3,10
TAD1414,0,0,0,0,1,1,4
KSM1518,1,0,0,1,1,3,10
LXG2919,1,0,1,1,1,4,11
MCW0674,0,0,0,0,1,1,4
LXC0839,1,0,0,1,1,3,10
RDW0957,1,0,1,0,1,3,9
AKS0298,1,0,0,1,1,3,10
AMS0630,1,0,1,1,1,4,11
GYS2461,0,0,1,0,1,2,5
WPJ1400,0,0,1,1,0,2,3
REB0123,0,0,0,0,1,1,4
RCW2838,0,0,0,0,1,1,4
JLL1813,0,0,1,0,0,1,1
YSC1691,1,0,1,0,1,3,9
ASH0142,1,0,1,0,1,3,9
AAT2913,1,0,1,1,0,3,7
EUC1051,0,0,1,1,1,3,7
FNW3564,0,0,0,0,0,0,0
YFT1382,1,0,1,0,1,3,9
SDC2793,0,0,0,1,1,2,6
NHR2050,0,0,1,1,1,3,7
JSH1843,1,0,0,1,1,3,10
YAV0093,1,0,0,0,1,2,8
HIF0482,1,0,1,1,0,3,7
ARH2097,0,0,0,0,1,1,4
CCM2207,0,0,0,0,1,1,4
CJH2411,1,0,1,1,0,3,7
BMN0178,0,0,0,0,0,0,0
ING2221,1,0,0,0,1,2,8
FAR2869,0,0,0,0,1,1,4
AAG1447,0,0,0,0,1,1,4
VAC3966,0,0,0,1,1,2,6
HBC0081,0,0,1,0,0,1,1
CCH3489,0,0,1,0,1,2,5
ACH1405,0,0,0,0,1,1,4
FHM2067,0,0,1,1,1,3,7
RGP0451,0,0,1,1,1,3,7
AUR1359,1,0,1,1,1,4,11
GYO2169,1,0,0,0,1,2,8
VEB3671,1,0,0,1,1,3,10
TJB3240,1,0,0,1,1,3,10
AMJ2374,1,0,1,1,1,4,11
OWC2563,0,0,1,0,0,1,1
ZMB3863,1,0,1,1,1,4,11
CBB3018,1,0,1,1,1,4,11
JJH1389,1,0,1,1,1,4,11
PSC1608,1,0,1,1,1,4,11
CJY2951,0,0,1,1,1,3,7
PCA3212,1,0,0,1,0,2,6
CFS1611,0,0,1,1,1,3,7
BPL3202,1,0,0,1,1,3,10
GNA0183,0,0,0,0,1,1,4
SCL0022,0,1,1,0,1,3,7
FZW2101,0,0,0,0,1,1,4
JDB0956,1,0,1,0,1,3,9
GAB1206,1,0,1,1,1,4,11
NEH3435,0,0,1,1,1,3,7
BAH3684,1,0,0,1,1,3,10
EUH0257,1,0,0,1,1,3,10
TKS3035,1,0,1,0,1,3,9
BMH0457,1,0,1,1,0,3,7
LUG2205,0,0,0,0,1,1,4
ROA3171,0,0,0,1,0,1,2
PVV3999,0,0,0,0,0,0,0
CKB3745,1,0,1,1,1,4,11
WAC3677,1,0,0,1,1,3,10
VCS1196,1,0,0,1,1,3,10
ORM1484,1,0,0,0,1,2,8
LRC3160,1,0,0,1,1,3,10
CLC1272,1,0,0,1,1,3,10
SSH1649,1,0,1,1,1,4,11
VCF3273,1,0,0,1,1,3,10
KPP2253,1,0,1,0,1,3,9
ERH0815,1,0,0,1,1,3,10
NSC0237,0,0,1,1,1,3,7
MNM1161,0,0,0,1,1,2,6
KDM3923,0,0,0,0,1,1,4
IDF0189,1,0,0,0,1,2,8
GRM3793,1,0,1,1,1,4,11
AMB3208,1,0,0,1,1,3,10
BKC3473,1,0,1,0,1,3,9
GMM0224,0,1,1,1,1,4,9
PJS2078,0,0,0,1,1,2,6
ROH1347,1,0,1,1,1,4,11
BGN3820,1,0,1,1,1,4,11
MHG3749,0,0,1,1,1,3,7
FAH1851,0,0,0,1,1,2,6
ADB0350,0,1,1,1,1,4,9
KBC1485,1,0,0,0,0,1,4
MMC0261,0,0,0,1,0,1,2
GNH1735,0,0,1,1,1,3,7
REC0283,0,1,1,0,1,3,7
DDL3007,1,0,0,1,1,3,10
RTN3680,1,0,0,1,1,3,10
RAB2739,0,0,0,0,1,1,4
LRW1502,1,0,0,0,1,2,8
JGH0493,0,0,1,0,1,2,5
IIG0772,1,0,0,0,1,2,8
JBP0651,1,0,0,0,1,2,8
TDW1746,1,0,1,1,1,4,11
MCO3164,0,0,0,1,1,2,6
DNS1768,1,0,1,0,1,3,9
WCR2136,1,0,0,1,0,2,6
KCS3465,0,0,1,1,1,3,7
LAH3026,0,0,1,0,0,1,1
ACV1946,1,0,1,1,1,4,11
CXK3433,1,0,1,1,1,4,11
JMM0848,0,0,0,1,1,2,6
CIG3459,0,0,1,1,1,3,7
MHS1146,0,0,0,1,1,2,6
DTT1716,1,0,1,1,1,4,11
ZVB2656,0,0,0,0,1,1,4
HRF2044,1,0,1,1,1,4,11
HQB0118,0,0,0,1,1,2,6
RSV2438,0,0,1,0,1,2,5
KWB1967,0,0,0,1,1,2,6
LBG3911,0,0,0,0,1,1,4
ILH2989,1,0,1,1,1,4,11
TPM0039,0,0,1,1,1,3,7
CKB0596,0,0,1,0,1,2,5
NHH1704,0,0,1,1,1,3,7
ACB3123,1,0,1,0,1,3,9
QRJ1597,1,0,1,1,1,4,11
JLM3150,1,0,0,0,1,2,8
JCM1388,1,0,1,0,1,3,9
ZBW1015,0,0,0,1,1,2,6
BJH3294,0,0,0,1,1,2,6
SSF3031,0,0,1,0,1,2,5
WJH0717,0,0,1,1,1,3,7
ZAC1838,1,0,0,1,1,3,10
NDG3403,1,0,1,1,1,4,11
BJV2631,1,0,0,1,1,3,10
NDR1456,0,0,0,0,1,1,4
LCR1537,0,0,0,0,1,1,4
ATF3708,0,0,0,1,0,1,2
BKM1155,1,0,0,1,1,3,10
DSM3954,0,0,0,1,1,2,6
TSL2699,0,0,0,1,1,2,6
HHD2393,1,0,0,1,1,3,10
HJA0779,1,0,0,0,1,2,8
DBR1558,1,0,0,1,0,2,6
GLC3495,1,0,1,0,1,3,9
MCM2375,1,0,1,1,1,4,11
MJS0832,0,0,0,0,1,1,4
CRC2747,0,0,0,0,1,1,4
JRM2358,0,0,1,0,1,2,5
HHL2311,0,0,1,1,1,3,7
ACM0100,0,0,0,0,1,1,4
NJM0173,0,0,0,0,1,1,4
ELC1833,0,0,0,1,1,2,6
RHA3613,0,0,0,1,1,2,6
BHE1709,0,0,1,1,1,3,7
VMW1500,0,0,0,0,1,1,4
QBH3579,1,0,1,0,1,3,9
ISM0130,1,1,1,1,1,5,13
GAN1584,1,0,1,1,1,4,11
MTL3695,1,0,0,1,1,3,10
GDR1066,0,0,1,1,1,3,7
SMS1114,0,0,1,0,1,2,5
HUM2481,0,0,0,0,1,1,4
LKS1416,0,0,0,0,1,1,4
UAH3940,0,0,0,1,1,2,6
GMK1449,1,0,0,0,1,2,8
CDD0127,0,0,0,0,1,1,4
JSG3377,0,0,1,1,1,3,7
KTL2843,0,0,0,0,1,1,4
YKM2435,0,0,1,0,1,2,5
HMM2841,1,0,0,0,1,2,8
TOS3712,1,0,1,0,1,3,9
BLN0230,1,0,1,0,1,3,9
WHW2777,0,0,0,1,0,1,2
RME2477,1,0,0,0,1,2,8
BKM2643,0,0,0,1,1,2,6
HWS2915,1,0,1,1,0,3,7
NIB1197,0,0,0,1,1,2,6
AGL1301,1,0,0,1,1,3,10
CBR0121,0,0,0,1,1,2,6
NCA3027,1,0,1,0,1,3,9
GKL1516,0,0,0,1,1,2,6
JLW3598,0,0,0,1,1,2,6
RJS3479,1,0,0,1,1,3,10
DSA3620,1,0,0,1,1,3,10
JSB1535,1,0,0,0,1,2,8
JGM3588,0,0,1,0,1,2,5
FDD3893,0,0,1,1,1,3,7
ARL2672,1,0,1,0,1,3,9
CJW0376,1,0,1,0,1,3,9
CFR1166,1,0,0,1,0,2,6
CBJ0683,0,0,0,1,0,1,2
CSL2055,1,0,1,1,1,4,11
EBH1882,1,0,0,1,1,3,10
PTR2613,0,0,0,0,1,1,4
NCS3577,0,0,1,0,1,2,5
QLC0082,1,0,1,0,1,3,9
JEH2787,1,0,0,1,1,3,10
IAS0857,1,0,0,1,1,3,10
EJG0833,1,0,0,0,1,2,8
KBF2661,1,0,0,0,1,2,8
SGP2174,1,0,0,1,1,3,10
MJD0469,1,0,1,1,1,4,11
AAR0641,1,0,1,1,1,4,11
GLR3888,1,0,1,0,1,3,9
YSG1195,1,0,0,1,1,3,10
SCP1116,0,0,1,0,1,2,5
ZND2154,1,0,0,0,1,2,8
MRC2160,1,0,0,0,1,2,8
APP2488,0,0,0,0,1,1,4
GKH1634,0,0,1,1,1,3,7
JAO3463,0,0,1,1,1,3,7
UCS3454,1,0,1,1,1,4,11
KDN0264,1,0,0,0,1,2,8
GCM0813,0,0,0,1,1,2,6
AIC1071,0,0,1,1,1,3,7
ABH1181,0,0,0,1,1,2,6
BDL1065,0,0,1,1,1,3,7
DLP1445,0,0,0,0,1,1,4
CBM1814,0,0,1,0,1,2,5
LUK1182,0,0,0,1,1,2,6
KBO2485,0,0,0,0,1,1,4
VTD2731,1,0,0,1,1,3,10
LGL2772,1,0,0,1,1,3,10
DJF0760,1,0,1,1,1,4,11
EAH2882,0,0,1,0,1,2,5
JEW2141,1,0,0,1,1,3,10
CHB0996,1,0,0,0,1,2,8
JIR2827,1,0,0,0,1,2,8
CMD0613,0,0,1,0,1,2,5
RCM1372,0,0,1,1,1,3,7
LCC1963,1,0,0,1,1,3,10
TNR0319,1,1,1,1,1,5,13
MJR0244,1,0,1,1,1,4,11
GOG3939,1,0,0,1,1,3,10
GPB2691,0,0,1,1,1,3,7
JSM3334,1,0,0,1,1,3,10
RSA2941,0,0,1,1,0,2,3
ACR0331,1,1,1,1,1,5,13
NJR1714,0,0,0,0,1,1,4
KWR1544,1,0,0,0,1,2,8
MDB0680,0,0,0,1,1,2,6
AWB2282,0,0,1,0,1,2,5
KVW0814,1,0,0,1,1,3,10
MRE0567,1,0,0,1,1,3,10
WXM3698,0,0,0,1,1,2,6
XAL0414,1,0,1,0,1,3,9
MAH2095,1,0,0,0,1,2,8
DRC2296,0,0,1,1,1,3,7
JRJ0919,1,0,1,0,0,2,5
CDP0340,1,0,0,0,1,2,8
IRT2811,0,0,0,1,1,2,6
IWB3257,1,0,0,0,1,2,8
OLB2930,1,0,1,1,1,4,11
GNC2237,1,0,0,1,1,3,10
NVH3726,0,0,1,0,1,2,5
RJB1151,0,0,0,1,1,2,6
HMM2628,1,0,0,1,1,3,10
AVH2360,0,0,1,0,1,2,5
ALB3649,0,0,0,0,1,1,4
HCH3685,1,0,0,1,1,3,10
DHR2541,1,0,0,1,1,3,10
CMM3702,1,0,0,1,1,3,10
BXK2091,1,0,0,0,1,2,8
CAP2149,1,0,0,1,1,3,10
CMM1068,0,0,1,1,1,3,7
CCB3173,1,0,0,1,1,3,10
TWW0811,0,0,0,1,1,2,6
OLA2686,0,0,1,1,1,3,7
HAP3000,1,0,0,0,1,2,8
OZH2737,1,0,0,0,1,2,8
KCC2434,0,0,1,0,1,2,5
MMA1255,0,0,1,0,1,2,5
JOB1328,1,0,0,0,1,2,8
AXW3243,1,0,0,1,1,3,10
GAB3758,1,0,1,1,1,4,11
JCM1803,0,0,1,0,1,2,5
QWL3474,1,0,0,0,1,2,8
BON0968,0,0,1,1,1,3,7
TKS1549,1,0,0,0,1,2,8
AUI2464,1,0,1,0,1,3,9
PNH1444,0,0,0,0,1,1,4
WYC2416,0,0,1,1,1,3,7
SGW0443,0,1,1,0,1,3,7
CKM0508,1,0,1,0,0,2,5
APB3823,1,0,1,1,1,4,11
GCD1189,0,0,0,1,1,2,6
CWB1463,0,0,0,0,1,1,4
ANC1319,0,0,0,1,1,2,6
AEP1930,1,0,1,1,1,4,11
IJM3356,1,0,1,1,1,4,11
CJG3002,0,0,0,0,1,1,4
DJP2420,1,0,1,1,0,3,7
EAB2522,1,0,0,1,1,3,10
RGB1869,0,0,0,1,1,2,6
KND0529,0,0,0,0,1,1,4
SMH1953,0,0,0,0,1,1,4
GJG0852,0,0,0,1,1,2,6
XBK2623,1,0,0,1,1,3,10
KDC2976,1,0,1,1,1,4,11
SHH0970,0,0,1,1,1,3,7
EMS1736,1,0,1,1,1,4,11
LAB1297,1,0,0,1,1,3,10
AMR0197,1,0,0,1,1,3,10
TAM1488,1,0,0,0,1,2,8
VDI1217,0,0,1,1,0,2,3
SBO3115,1,0,0,1,1,3,10
ASF1136,1,0,0,0,1,2,8
SAC0374,1,1,1,1,0,4,9
JMF3362,0,0,1,1,0,2,3
RWH3312,1,0,0,1,1,3,10
NMV2556,1,0,1,0,1,3,9
UMS0883,0,0,0,0,1,1,4
VEC1686,1,0,1,0,1,3,9
AWV0836,1,0,0,0,0,1,4
TSF3478,1,0,0,1,1,3,10
CHY0083,0,0,1,0,1,2,5
YDM2537,0,0,0,1,0,1,2
GDP1856,1,0,0,1,1,3,10
JSW0872,1,0,0,0,1,2,8
KMS0954,0,0,1,0,1,2,5
MCT0424,1,0,1,1,1,4,11
RAA1455,1,0,0,0,1,2,8
WBA1786,0,0,1,1,1,3,7
FRM3431,0,0,1,1,1,3,7
QIT3029,0,0,1,0,1,2,5
CGW0692,0,0,0,1,1,2,6
MNN1167,0,0,0,1,1,2,6
LGR1036,1,0,1,0,1,3,9
DDH1041,0,0,1,0,1,2,5
CRP1186,1,0,0,1,1,3,10
QHF3151,0,0,0,1,1,2,6
ADM2762,1,0,0,1,1,3,10
HIS1706,0,0,1,1,1,3,7
BRW3552,0,0,1,0,1,2,5
GIH0882,1,0,0,0,1,2,8
ISM2612,0,0,0,0,0,0,0
JJE1552,0,0,0,0,1,1,4
GHD1450,1,0,0,0,1,2,8
CUM2335,0,0,1,0,1,2,5
AHC0232,0,0,1,0,1,2,5
TBM3829,0,0,1,1,1,3,7
JBT1035,1,0,1,0,0,2,5
CHU3211,1,0,0,1,1,3,10
AAP0352,1,1,1,1,1,5,13
THB0987,0,0,1,1,1,3,7
ABD3426,1,0,1,1,1,4,11
KCS0605,1,0,1,0,1,3,9
DPF3360,1,0,1,1,0,3,7
MRL2636,0,0,0,1,1,2,6
MYW0914,0,0,1,0,0,1,1
KUS2137,0,0,0,1,1,2,6
WFN0926,1,0,1,0,1,3,9
ABM3641,1,0,0,0,1,2,8
ABO1173,0,0,0,1,1,2,6
RSE2181,0,0,0,1,1,2,6
DND3309,0,0,0,1,1,2,6
CZB3718,1,0,1,0,1,3,9
RBP1171,1,0,0,1,0,2,6
SRL3525,0,0,0,0,1,1,4
BHC2049,1,0,1,1,1,4,11
LKF0335,0,0,0,0,0,0,0
JEP1571,1,0,0,1,0,2,6
XBH0357,0,1,1,1,1,4,9
IBP1616,1,0,1,1,1,4,11
AEH2020,0,0,0,1,1,2,6
NBN2651,1,0,0,0,1,2,8
GNG2362,0,0,1,0,1,2,5
GEB3079,1,0,0,0,1,2,8
JJM3791,0,0,1,1,1,3,7
MHS2634,1,0,0,1,1,3,10
DLM1680,0,0,1,0,1,2,5
WCM3134,1,0,1,0,1,3,9
KSJ0840,1,0,0,1,1,3,10
BCO2338,0,0,1,0,1,2,5
JBW3852,1,0,1,0,1,3,9
DDS3149,1,0,0,0,1,2,8
LMG1061,1,0,1,1,1,4,11
EJM2690,1,0,1,1,1,4,11
KJD3392,1,0,1,1,1,4,11
EBC3242,0,0,0,1,1,2,6
CTJ0669,1,0,0,0,1,2,8
DOS1990,1,0,0,0,1,2,8
CSP0483,0,0,1,1,1,3,7
NEA3248,1,0,0,1,1,3,10
MRH2722,0,0,0,1,0,1,2
HLM1007,0,0,0,0,1,1,4
MOS0496,1,0,1,0,1,3,9
NDK3436,1,0,1,1,1,4,11
SMR0338,1,0,0,0,1,2,8
DNB1999,0,0,0,0,1,1,4
BMS0925,1,0,1,0,1,3,9
RRM2175,1,0,0,1,1,3,10
LHG3145,0,0,0,0,1,1,4
NQM0084,0,0,1,0,1,2,5
JFO2840,0,0,0,0,1,1,4
ASD3348,1,0,0,1,1,3,10
DRS0032,0,0,1,1,1,3,7
GNE1365,1,0,1,1,1,4,11
AJO2788,1,0,0,1,1,3,10
CTB3481,1,0,0,1,1,3,10
GNW3891,1,0,1,0,1,3,9
WCB0801,0,0,0,0,1,1,4
JMH0617,1,0,1,0,1,3,9
SAP3390,0,0,1,1,1,3,7
LEB1764,1,0,1,0,1,3,9
KTR3308,1,0,0,1,1,3,10
YNW2855,0,0,0,0,1,1,4
MBH1370,1,0,1,1,1,4,11
MCC0856,0,0,0,1,1,2,6
LCP0344,0,0,0,0,1,1,4
ISR1477,1,0,0,0,1,2,8
MJM3657,0,0,0,0,1,1,4
JSR1085,1,0,1,0,1,3,9
TJB3511,0,0,1,1,1,3,7
NWO3501,0,0,1,0,0,1,1
XTB3322,0,0,0,1,0,1,2
GKN0168,0,1,0,0,1,2,6
HKR2901,0,0,1,0,1,2,5
AHS2348,1,0,1,0,1,3,9
PEB3768,1,0,1,1,1,4,11
KDA1452,1,0,0,0,1,2,8
AIS1082,1,0,1,0,1,3,9
BJM3236,1,0,0,1,0,2,6
DCB3597,1,0,0,1,0,2,6
GCJ0831,1,0,0,0,0,1,4
GEB3975,0,0,0,1,1,2,6
FCS1128,0,0,0,0,1,1,4
DBC1152,0,0,0,1,1,2,6
MBN3610,0,0,0,1,1,2,6
WBC1203,0,0,0,1,1,2,6
GCR2597,0,0,0,1,1,2,6
SMH2222,0,0,0,0,1,1,4
VLF1113,0,0,1,0,1,2,5
BNC1497,1,0,0,0,1,2,8
BPR1678,0,0,1,0,0,1,1
WAJ2412,0,0,1,1,1,3,7
HMB0805,0,0,0,0,1,1,4
MLW0296,1,1,0,1,1,4,12
CIV0935,0,0,1,0,1,2,5
SHM2429,0,0,1,0,1,2,5
DWC2994,0,0,1,1,1,3,7
TCG0016,1,1,1,0,1,4,11
BWC2534,1,0,0,1,0,2,6
PEV3955,1,0,0,1,1,3,10
KKB2094,0,0,0,0,1,1,4
SIW2528,0,0,0,1,1,2,6
LBM2142,0,0,0,1,1,2,6
AIF1202,0,0,0,1,1,2,6
AGW1590,1,0,1,1,1,4,11
JIM2988,0,0,1,1,1,3,7
HJG3868,0,0,1,1,1,3,7
AGL3519,0,0,1,1,1,3,7
CSR3225,0,0,0,1,1,2,6
CTH0737,0,0,1,1,1,3,7
KNC3843,1,1,1,1,1,5,13
SGK1941,1,0,1,1,1,4,11
CNK1711,1,0,0,0,1,2,8
QNC3717,1,0,1,0,1,3,9
JAW3813,0,0,1,1,1,3,7
KHC2129,0,0,0,1,1,2,6
BEG3521,1,0,0,0,1,2,8
AJN1275,1,0,0,1,1,3,10
CAS1702,0,0,1,0,1,2,5
RHL0268,0,0,0,0,1,1,4
NSW3199,1,0,1,1,1,4,11
VJC1974,0,0,0,1,1,2,6
CAH1839,0,0,0,1,1,2,6
CAC0147,0,1,1,1,1,4,9
KDH1284,1,0,0,1,1,3,10
PTS2487,0,0,0,0,0,0,0
KCG0979,1,0,1,1,1,4,11
MMB0185,0,0,0,0,1,1,4
BRW0963,1,0,1,0,1,3,9
JSH3019,1,0,1,1,1,4,11
AGF0742,1,0,1,1,1,4,11
ADG1737,0,0,1,0,1,2,5
DWD2621,1,0,0,1,1,3,10
HDH3751,0,0,1,1,1,3,7
ANC1834,0,0,0,1,1,2,6
CSR0612,0,0,1,0,1,2,5
AKG2702,0,0,0,1,1,2,6
YZC3244,1,0,0,1,1,3,10
YMB2953,1,0,1,1,1,4,11
SRH3590,0,0,1,0,1,2,5
BSS2956,0,0,1,1,1,3,7
JUG0498,0,0,1,0,0,1,1
PSS2051,1,0,1,1,1,4,11
BSM2288,1,0,1,1,1,4,11
CPP2909,1,0,1,1,0,3,7
SWA1824,0,0,0,1,1,2,6
HVR0633,0,0,1,1,1,3,7
LCG0784,1,0,0,1,1,3,10
DCM3288,1,0,0,1,1,3,10
GKG2763,0,0,0,1,1,2,6
CAM2468,1,0,1,0,1,3,9
BPM3694,0,0,0,1,1,2,6
LMJ3535,1,0,0,0,1,2,8
JOR2627,1,0,0,1,1,3,10
VND1667,0,0,1,1,1,3,7
GIM0786,1,0,0,1,1,3,10
JLG2952,0,0,1,1,1,3,7
AIA2005,0,0,0,0,0,0,0
MBB2649,1,0,0,0,1,2,8
ZJS2648,1,0,0,0,0,1,4
MIA3825,0,0,1,1,1,3,7
NJW2402,1,0,1,1,1,4,11
SEN0534,0,0,0,0,1,1,4
HHW2471,1,0,1,0,1,3,9
LLG2958,1,0,1,1,1,4,11
IOM0542,0,0,0,1,1,2,6
XBL3922,1,0,0,0,1,2,8
FZS0969,0,0,1,1,1,3,7
UDB1170,0,0,0,1,1,2,6
TNH3028,0,0,1,0,0,1,1
SSS3091,1,0,0,0,1,2,8
HZM3056,0,0,1,1,1,3,7
NNM2862,0,0,0,0,1,1,4
GRL3110,0,0,0,1,1,2,6
BCC0456,1,0,1,1,1,4,11
CAR0928,1,0,1,0,1,3,9
NEB3445,1,0,1,1,0,3,7
DBT0141,0,0,1,0,1,2,5
SKP3263,0,0,0,0,1,1,4
JOA0305,0,0,0,1,1,2,6
MQR1657,0,0,1,1,1,3,7
AWH2466,1,0,1,0,0,2,5
KBO2708,0,0,0,1,1,2,6
JCC1381,0,0,1,0,1,2,5
RDB1693,0,0,1,0,1,2,5
CGC1132,1,0,0,0,1,2,8
MJS3720,1,0,1,0,0,2,5
DAD2620,1,0,0,1,1,3,10
WDD0499,0,0,1,0,1,2,5
BEA0311,1,0,0,1,1,3,10
JDV1245,1,0,1,0,1,3,9
APP1054,0,0,1,1,0,2,3
BCM3794,1,0,1,1,1,4,11
MHV1529,0,0,0,1,1,2,6
WJC0470,0,0,1,1,1,3,7
NTP2146,1,0,0,1,1,3,10
ERC1840,1,0,0,1,1,3,10
HMY0235,1,0,1,1,1,4,11
KEF1057,1,0,1,1,1,4,11
TAM3048,1,0,1,0,1,3,9
GMH2027,0,0,0,1,0,1,2
LCM1480,1,0,0,0,1,2,8
PAM0505,1,0,1,0,1,3,9
UMH1532,1,0,0,1,1,3,10
KNS0539,1,0,0,1,1,3,10
RIS2436,0,0,1,0,1,2,5
RMB2275,0,0,1,0,1,2,5
BBF2388,0,0,0,0,1,1,4
IMR3660,0,0,0,0,1,1,4
SML1923,1,0,1,1,1,4,11
MSF3311,1,0,0,1,1,3,10
BBH3779,0,0,1,1,1,3,7
CAR2900,0,0,1,0,1,2,5
JCH3456,0,0,1,1,1,3,7
TSD2948,1,0,1,1,1,4,11
JCR3919,0,0,0,0,1,1,4
BXW1804,0,0,1,0,0,1,1
CRC0348,1,0,0,0,1,2,8
DAH2506,0,0,0,1,0,1,2
HCS2401,0,0,1,1,1,3,7
CBS0951,0,0,1,0,0,1,1
SHP1713,0,0,0,0,1,1,4
IRB2456,0,0,1,1,1,3,7
GJM2800,0,0,0,1,1,2,6
XJM3874,0,0,1,1,1,3,7
SCR2455,1,0,1,1,1,4,11
JJC0116,0,0,0,0,0,0,0
KSB1599,0,0,1,1,1,3,7
THG3271,0,0,0,1,1,2,6
SWS0823,1,0,0,0,1,2,8
BCZ1345,1,0,1,1,0,3,7
BMB0007,0,1,1,0,1,3,7
AZB1225,0,0,1,1,1,3,7
HLM1564,0,0,0,1,1,2,6
HQF1912,1,0,1,1,1,4,11
AGM0133,1,1,1,1,1,5,13
JZE2902,1,0,1,0,0,2,5
VAB1102,0,0,1,1,1,3,7
PIG2047,1,0,1,1,1,4,11
JRB0025,1,1,1,1,1,5,13
RAW3461,1,0,1,1,1,4,11
DXM2433,1,0,1,0,1,3,9
AYS0110,0,0,0,0,1,1,4
GWC0137,0,1,1,1,1,4,9
MEA3886,1,0,1,0,1,3,9
LYF3449,1,0,1,1,1,4,11
KAA2150,1,0,0,1,1,3,10
WLG0406,1,0,1,0,1,3,9
HMP3391,0,0,1,1,1,3,7
JEL2887,1,0,1,0,1,3,9
ZBW0132,0,1,0,1,1,3,8
HKH0204,1,0,0,1,1,3,10
CHF1005,1,0,0,0,1,2,8
ZAN1931,0,0,1,1,1,3,7
CWF1289,1,0,0,1,1,3,10
OMB2053,1,0,1,1,1,4,11
MSW0973,0,0,1,1,1,3,7
OEJ1648,0,0,1,1,1,3,7
AYL1635,1,0,1,1,1,4,11
OGW3384,1,0,1,1,1,4,11
RKA2561,1,0,1,0,1,3,9
BCB2072,0,0,1,1,1,3,7
CMA1475,1,0,0,0,1,2,8
WAF3438,1,0,1,1,1,4,11
IJC3881,0,0,1,0,1,2,5
RJH0219,0,0,1,1,1,3,7
AKS3705,1,0,0,1,1,3,10
RKH3803,0,0,1,1,1,3,7
JIW2086,0,0,0,1,1,2,6
PGM0342,0,0,0,0,1,1,4
ELB3697,0,0,0,1,1,2,6
DMM2063,1,0,1,1,0,3,7
EZP3568,0,0,0,0,1,1,4
JMH2517,0,0,0,1,1,2,6
MMJ0070,1,1,1,1,1,5,13
DMG1298,0,0,0,1,1,2,6
YJP2689,0,0,1,1,1,3,7
GHT3177,0,0,0,1,1,2,6
CJM0273,1,0,0,1,1,3,10
FAP0199,1,0,0,1,1,3,10
FNM2124,0,0,0,1,1,2,6
HMS2212,0,0,0,0,1,1,4
BNF1110,1,0,1,0,1,3,9
RMD0792,1,0,0,0,1,2,8
ISH0079,1,0,1,0,1,3,9
BSV1499,0,0,0,0,1,1,4
SFM2226,1,0,0,1,1,3,10
JTR3205,0,0,0,1,1,2,6
MNW1733,0,0,0,1,1,2,6
SKK0282,1,1,1,0,1,4,11
IMH2964,0,0,1,1,1,3,7
GJO3614,1,0,0,1,1,3,10
WAR1374,1,0,1,0,1,3,9
NTH2822,1,0,0,1,1,3,10
AIL2511,0,0,0,1,1,2,6
CWH0038,1,0,1,1,1,4,11
IBP2990,1,0,1,1,1,4,11
LJM3339,1,0,0,1,0,2,6
VMN0743,0,0,1,1,1,3,7
DWF2268,0,0,1,0,1,2,5
MTG0463,1,0,1,1,1,4,11
JPC2507,1,0,0,1,0,2,6
IWR3469,0,0,1,1,0,2,3
AEB3249,1,0,0,1,1,3,10
LHB3089,1,0,0,0,1,2,8
RDC0378,0,0,1,0,1,2,5
XWM0415,0,0,1,0,1,2,5
HHF1995,1,0,0,0,1,2,8
AAP1942,0,0,1,1,1,3,7
IRO0822,0,0,0,0,1,1,4
RVL1688,0,0,1,0,1,2,5
YJD3130,0,0,1,0,1,2,5
MDG3281,0,0,0,1,1,2,6
CRP3682,0,0,0,1,1,2,6
CMH3077,0,0,0,0,1,1,4
YBP3978,1,0,0,0,1,2,8
OLH3452,0,0,1,1,1,3,7
MRM2906,1,0,1,1,1,4,11
KDT3773,1,0,1,1,1,4,11
FBM2755,0,0,0,1,1,2,6
ZDC2523,0,0,0,1,1,2,6
RGB0263,1,0,0,0,1,2,8
BJE0351,0,1,1,1,0,3,5
CBC3175,1,0,0,1,1,3,10
GTG1348,1,0,1,1,1,4,11
VKA1118,0,0,1,0,1,2,5
LOC1446,1,0,0,0,1,2,8
JRR2745,1,0,0,0,1,2,8
JHB0807,1,0,0,1,0,2,6
CTD1850,1,0,0,1,1,3,10
LJH0866,0,0,0,1,1,2,6
CMM0764,1,0,1,1,1,4,11
AMD2728,1,0,0,1,1,3,10
SGC2111,1,0,0,1,1,3,10
BAR3420,1,0,1,1,0,3,7
DCC1431,1,0,0,1,1,3,10
JYW1965,1,0,0,1,1,3,10
OHM1030,0,0,1,0,1,2,5
WKC0573,0,0,0,1,1,2,6
ZDC3269,0,0,0,0,1,1,4
FFP3169,0,0,0,1,1,2,6
AJQ0809,0,0,0,1,1,2,6
CBM0060,1,1,1,1,1,5,13
AMN0911,1,0,1,0,1,3,9
LWB2851,0,0,0,0,1,1,4
QMP2998,1,0,0,0,1,2,8
BJG0662,0,0,0,0,1,1,4
OUJ2510,1,0,0,1,1,3,10
DCW0174,1,0,0,0,1,2,8
LKS1010,0,0,1,1,1,3,7
SLH0900,1,0,0,0,1,2,8
ALH2916,1,0,1,1,1,4,11
GDH3546,0,0,1,0,1,2,5
BAL2366,0,0,1,0,1,2,5
BHW2476,0,0,0,0,1,1,4
CDB2017,1,0,0,1,1,3,10
BNB3370,0,0,1,1,1,3,7
NWH2896,0,0,1,0,1,2,5
LKB2322,0,0,1,0,1,2,5
OWL2872,1,0,0,0,1,2,8
KCO1253,1,0,1,0,1,3,9
ZZO2997,1,0,1,0,1,3,9
DJF3394,1,0,1,1,1,4,11
LSM0408,1,0,1,0,1,3,9
RME0448,1,0,1,1,1,4,11
AJC3010,1,0,0,1,1,3,10
BRR2899,0,0,1,0,1,2,5
OIP0988,1,0,1,1,1,4,11
VHG3993,1,0,0,0,1,2,8
DSN3186,1,0,1,1,1,4,11
SNC1837,0,0,0,1,1,2,6
HCB1383,1,0,1,0,1,3,9
GJS0160,0,0,1,1,1,3,7
IAB3386,1,0,1,1,1,4,11
MRB0796,0,0,0,0,1,1,4
BCS1604,0,0,1,1,1,3,7
CCT0020,1,1,1,0,1,4,11
TLK0003,0,1,1,0,1,3,7
IBM1752,1,0,1,1,1,4,11
GIT2266,0,0,1,0,1,2,5
LYB3419,1,0,1,1,1,4,11
MKR1339,1,0,0,0,1,2,8
IIW0361,0,1,1,1,1,4,9
BNC3178,1,0,0,1,1,3,10
SJS1415,1,0,0,0,1,2,8
NBH3076,1,0,0,0,1,2,8
EMM3195,0,0,1,1,0,2,3
QRR1242,1,0,1,0,1,3,9
MHS0125,0,0,0,0,1,1,4
BXN0660,0,0,0,0,1,1,4
SJL3355,0,0,1,1,1,3,7
BNT0663,1,0,0,0,1,2,8
RKM3650,1,0,0,0,1,2,8
AJS0616,1,0,1,0,1,3,9
ZOM0746,1,0,1,1,1,4,11
GJT1292,0,0,0,1,1,2,6
BLD2227,1,0,0,1,1,3,10
JLF3219,1,0,0,1,0,2,6
